OwnerId,Name,Active__c,Archetype__c,Cohort_Suitability_Prior__c,Default_Bucketing_Strategy__c,Default_Windows__c,Description__c,Dictionary_Version__c,Direction_Hypothesis__c,Evidence_Basis__c,Explainability_Prior__c,Feature_Type__c,Formula_Template__c,Historical_Prior_Score__c,Measurement_Concept_Key__c,Predictive_Prior__c,Primary_Theme_Key__c,Required_Ingredient_Roles__c,Target_Feature_Class__c,Template_Key__c
005As00000NsovwIAB,% tickets under Free Support level,True,RATE,0.35,,,Historical feature recipe retained as candidate-generation evidence. Re-evaluate against current Driver semantics and live data before approval.,2.0-historical-prior,CONTEXT_DEPENDENT,"Historical recipe prior only; not current truth. Source=All_Support_Data.csv; Reporting Label=% tickets under Free Support level; Legacy Feature=Free; Legacy Driver Context=Effectiveness of resolution provided; Legacy Ingredients=['Support Level', 'Case Number']; Operation=Percentage; Signal=Signal; Resolved Current Fields=Source_Case_Number__c;Source_Support_Level__c; Derived Dependencies=.",0.8,HISTORICAL_RECIPE_PRIOR,(# of Case Numbers in the Support Level type - Free / total # of Case Numbers ) for each Account Id,0.75,PRODUCT_QUALITY,0.65,PRODUCT_SERVICE,salesforce:Case:Source_Case_Number__c;salesforce:Case:Source_Support_Level__c,DIRECT_EXPERIENCE,HIST_SFDC_01F9910D5F5B562EEE22
005As00000NsovwIAB,Renewal Manager Cohort,True,COHORT_DIMENSION,0.9,,,Historical feature recipe retained as candidate-generation evidence. Re-evaluate against current Driver semantics and live data before approval.,2.0-historical-prior,CONTEXT_DEPENDENT,Historical recipe prior only; not current truth. Source=All_Accounts.csv; Reporting Label=Renewal Manager Cohort; Legacy Feature=ren_man_acc_ltr; Legacy Driver Context=Solution sold matches your needs; Legacy Ingredients=RENEWALS_MANAGER_NAME; Operation=Cohort; Signal=No Signal; Resolved Current Fields=Renewals_Manager_Name__c; Derived Dependencies=.,0.8,HISTORICAL_RECIPE_PRIOR,Historical operation=Cohort; current ingredients=Renewals_Manager_Name__c,0.45,VALUE_RENEWAL,0.5,VALUE,salesforce:Account:Renewals_Manager_Name__c,PROFILE,HIST_SFDC_01FD2F3FF98EF7183A37
005As00000NsovwIAB,# case escalations,True,SUM,0.35,,,Historical feature recipe retained as candidate-generation evidence. Re-evaluate against current Driver semantics and live data before approval.,2.0-historical-prior,CONTEXT_DEPENDENT,Historical recipe prior only; not current truth. Source=All_Support_Data.csv; Reporting Label=# case escalations; Legacy Feature=num_escalations; Legacy Driver Context=Effectiveness of resolution provided; Legacy Ingredients=case_escalation; Operation=sum; Signal=No Signal; Resolved Current Fields=IsEscalated; Derived Dependencies=.,0.8,HISTORICAL_RECIPE_PRIOR,Sum of case_escalation for each Account ID,0.45,PROCESS_ESCALATION,0.5,PROCESS,salesforce:Case:IsEscalated,DIRECT_EXPERIENCE,HIST_SFDC_025E775FBCE024DE9111
005As00000NsovwIAB,"# how to tickets -bin(30,40)",True,BAND,0.35,,,Historical feature recipe retained as candidate-generation evidence. Re-evaluate against current Driver semantics and live data before approval.,2.0-historical-prior,CONTEXT_DEPENDENT,"Historical recipe prior only; not current truth. Source=All_Support_Data.csv; Reporting Label=# how to tickets -bin(30,40); Legacy Feature=questbybins_30_40; Legacy Driver Context=Resolution Time; Legacy Ingredients=['TTR','Root Cause','Case Number']; Operation=Bin; Signal=No Signal; Resolved Current Fields=Source_Case_Number__c;Source_Root_Cause__c;Time_to_Resolution_Days__c; Derived Dependencies=.",0.8,HISTORICAL_RECIPE_PRIOR,"Number of cases for Root Cause = 'Customer-Driven Knowledge' in TTR bin [30,40]",0.45,PRODUCT_QUALITY,0.5,PRODUCT_SERVICE,salesforce:Case:Source_Case_Number__c;salesforce:Case:Source_Root_Cause__c;salesforce:Case:Time_to_Resolution_Days__c,DIRECT_EXPERIENCE,HIST_SFDC_02E61ED78C2830903E8C
005As00000NsovwIAB,Renewal Probability,True,MEAN,0.35,,,Historical feature recipe retained as candidate-generation evidence. Re-evaluate against current Driver semantics and live data before approval.,2.0-historical-prior,CONTEXT_DEPENDENT,Historical recipe prior only; not current truth. Source=All_Opportunities.csv; Reporting Label=Renewal Probability; Legacy Feature=avg_prob; Legacy Driver Context=Sales team; Legacy Ingredients=PROBABILITY; Operation=mean; Signal=No Signal; Resolved Current Fields=Source_Probability__c; Derived Dependencies=.,0.8,HISTORICAL_RECIPE_PRIOR,Average of 'PROBABILITY' per Account Id,0.45,VALUE_RENEWAL,0.5,VALUE,salesforce:Opportunity:Source_Probability__c,DIRECT_EXPERIENCE,HIST_SFDC_033DAC32F3AC9D7662EA
005As00000NsovwIAB,Availabilty of Support Data,True,EVENT_FLAG,0.35,,,Historical feature recipe retained as candidate-generation evidence. Re-evaluate against current Driver semantics and live data before approval.,2.0-historical-prior,CONTEXT_DEPENDENT,Historical recipe prior only; not current truth. Source=All_Support_Data.csv; Reporting Label=Availabilty of Support Data; Legacy Feature=support_flag; Legacy Driver Context=Ease of use; Legacy Ingredients=total_cases; Operation=flag; Signal=Signal; Resolved Current Fields=Source_Case_Number__c; Derived Dependencies=HIST_SFDC_95E24F1337EF045B406B.,0.7,HISTORICAL_RECIPE_PRIOR,Availability of Support data for each Account Id,0.75,,0.65,,salesforce:Case:Source_Case_Number__c,DIRECT_EXPERIENCE,HIST_SFDC_047B617C0FD3B7C2CDEE
005As00000NsovwIAB,ticket category cohort,True,COHORT_DIMENSION,0.9,,,Historical feature recipe retained as candidate-generation evidence. Re-evaluate against current Driver semantics and live data before approval.,2.0-historical-prior,CONTEXT_DEPENDENT,Historical recipe prior only; not current truth. Source=All_Support_Data.csv; Reporting Label=ticket category cohort; Legacy Feature=ltr_casecategory; Legacy Driver Context=Effectiveness of resolution provided; Legacy Ingredients=Case Category; Operation=Cohort; Signal=No Signal; Resolved Current Fields=Support_Category__c; Derived Dependencies=.,0.8,HISTORICAL_RECIPE_PRIOR,Historical operation=Cohort; current ingredients=Support_Category__c,0.45,PEOPLE_OWNERSHIP,0.5,PEOPLE,salesforce:Case:Support_Category__c,PROFILE,HIST_SFDC_06402688D351F708F59C
005As00000NsovwIAB,ttr by ticket type - Upgrade,True,MEAN,0.35,,,Historical feature recipe retained as candidate-generation evidence. Re-evaluate against current Driver semantics and live data before approval.,2.0-historical-prior,CONTEXT_DEPENDENT,"Historical recipe prior only; not current truth. Source=All_Support_Data.csv; Reporting Label=ttr by ticket type - Upgrade; Legacy Feature=TTRUpgrade; Legacy Driver Context=Resolution Time; Legacy Ingredients=['Root_Cause', 'TTR']; Operation=mean; Signal=No Signal; Resolved Current Fields=Source_Root_Cause__c;Time_to_Resolution_Days__c; Derived Dependencies=.",0.8,HISTORICAL_RECIPE_PRIOR,Average of TTR in the Root_Cause type - Upgrade,0.45,PRODUCT_QUALITY,0.5,PRODUCT_SERVICE,salesforce:Case:Source_Root_Cause__c;salesforce:Case:Time_to_Resolution_Days__c,DIRECT_EXPERIENCE,HIST_SFDC_065DCA6E702E26350EB5
005As00000NsovwIAB,opportunity win rate,True,RATE,0.35,,,Historical feature recipe retained as candidate-generation evidence. Re-evaluate against current Driver semantics and live data before approval.,2.0-historical-prior,CONTEXT_DEPENDENT,"Historical recipe prior only; not current truth. Source=All_Opportunities.csv; Reporting Label=opportunity win rate; Legacy Feature=win_rate; Legacy Driver Context=Sales team; Legacy Ingredients=['C2_STAGE','OPPORTUNITY_ID']; Operation=Percentage; Signal=Signal; Resolved Current Fields=Source_Opportunity_ID__c;Source_Stage__c; Derived Dependencies=.",0.8,HISTORICAL_RECIPE_PRIOR,(Sum of Opportunities won in 'C2_STAGE' per Account Id/# of unique OPPORTUNITY_IDs per Account Id) for each Account id,0.75,PROCESS_STEPS,0.65,PROCESS,salesforce:Opportunity:Source_Opportunity_ID__c;salesforce:Opportunity:Source_Stage__c,DIRECT_EXPERIENCE,HIST_SFDC_068B766A697D54B0D134
005As00000NsovwIAB,"# tickets -bin(20,30)",True,BAND,0.35,,,Historical feature recipe retained as candidate-generation evidence. Re-evaluate against current Driver semantics and live data before approval.,2.0-historical-prior,CONTEXT_DEPENDENT,"Historical recipe prior only; not current truth. Source=All_Support_Data.csv; Reporting Label=# tickets -bin(20,30); Legacy Feature=casesbybins_20_30; Legacy Driver Context=Resolution Time; Legacy Ingredients=['TTR','Case Number']; Operation=Bin; Signal=No Signal; Resolved Current Fields=Source_Case_Number__c;Time_to_Resolution_Days__c; Derived Dependencies=.",0.8,HISTORICAL_RECIPE_PRIOR,"Number of cases in TTR bin [20,30]",0.45,TIME_DURATION,0.5,TIME,salesforce:Case:Source_Case_Number__c;salesforce:Case:Time_to_Resolution_Days__c,DIRECT_EXPERIENCE,HIST_SFDC_07356A432181D8D3BCAD
005As00000NsovwIAB,c2 stage cohort,True,COHORT_DIMENSION,0.9,,,Historical feature recipe retained as candidate-generation evidence. Re-evaluate against current Driver semantics and live data before approval.,2.0-historical-prior,CONTEXT_DEPENDENT,Historical recipe prior only; not current truth. Source=All_Opportunities.csv; Reporting Label=c2 stage cohort; Legacy Feature=ltr_c2_stage; Legacy Driver Context=Solution sold matches your needs; Legacy Ingredients=C2_STAGE; Operation=Cohort; Signal=No Signal; Resolved Current Fields=Source_Stage__c; Derived Dependencies=.,0.8,HISTORICAL_RECIPE_PRIOR,Historical operation=Cohort; current ingredients=Source_Stage__c,0.45,PROCESS_STEPS,0.5,PROCESS,salesforce:Opportunity:Source_Stage__c,PROFILE,HIST_SFDC_0C1E74854CDD8FC02FE7
005As00000NsovwIAB,Currency Conversion rate,True,DIRECT,0.35,,,Historical feature recipe retained as candidate-generation evidence. Re-evaluate against current Driver semantics and live data before approval.,2.0-historical-prior,CONTEXT_DEPENDENT,Historical recipe prior only; not current truth. Source=All_Accounts.csv; Reporting Label=Currency Conversion rate; Legacy Feature=CURRENCY_CONVERSION_RATE; Legacy Driver Context=Final implementation matches scope sold; Legacy Ingredients=CURRENCY_CONVERSION_RATE; Operation=Direct from the dataset; Signal=No Signal; Resolved Current Fields=Source_Currency_Conversion_Rate__c; Derived Dependencies=.,0.8,HISTORICAL_RECIPE_PRIOR,CURRENCY_CONVERSION_RATE of each Account Id,0.45,,0.5,,salesforce:Account:Source_Currency_Conversion_Rate__c,DIRECT_EXPERIENCE,HIST_SFDC_0E8E53A991749E32758A
005As00000NsovwIAB,% tickets under Level 2 Paying,True,RATE,0.35,,,Historical feature recipe retained as candidate-generation evidence. Re-evaluate against current Driver semantics and live data before approval.,2.0-historical-prior,CONTEXT_DEPENDENT,"Historical recipe prior only; not current truth. Source=All_Support_Data.csv; Reporting Label=% tickets under Level 2 Paying; Legacy Feature=Level 2 Paying; Legacy Driver Context=Effectiveness of resolution provided; Legacy Ingredients=['Support Level', 'Case Number']; Operation=Percentage; Signal=Signal; Resolved Current Fields=Source_Case_Number__c;Source_Support_Level__c; Derived Dependencies=.",0.8,HISTORICAL_RECIPE_PRIOR,(# of Case Numbers in the Support Level type - Level 2 Paying / total # of Case Numbers ) for each Account Id,0.75,PRODUCT_QUALITY,0.65,PRODUCT_SERVICE,salesforce:Case:Source_Case_Number__c;salesforce:Case:Source_Support_Level__c,DIRECT_EXPERIENCE,HIST_SFDC_101FDD248A0182D367A2
005As00000NsovwIAB,ttr Write Up,True,MEAN,0.35,,,Historical feature recipe retained as candidate-generation evidence. Re-evaluate against current Driver semantics and live data before approval.,2.0-historical-prior,CONTEXT_DEPENDENT,"Historical recipe prior only; not current truth. Source=All_Support_Data.csv; Reporting Label=ttr Write Up; Legacy Feature=TTRComposer; Legacy Driver Context=Resolution Time; Legacy Ingredients=['PL', 'TTR']; Operation=mean; Signal=Signal; Resolved Current Fields=Product_Line__c;Time_to_Resolution_Days__c; Derived Dependencies=.",0.8,HISTORICAL_RECIPE_PRIOR,Average of TTR in the PL type - Write Up,0.75,PRODUCT_FUNCTIONALITY,0.65,PRODUCT_SERVICE,salesforce:Case:Product_Line__c;salesforce:Case:Time_to_Resolution_Days__c,DIRECT_EXPERIENCE,HIST_SFDC_10B3FEEC9CABC5966281
005As00000NsovwIAB,"# tickets -bin(0,10)",True,BAND,0.35,,,Historical feature recipe retained as candidate-generation evidence. Re-evaluate against current Driver semantics and live data before approval.,2.0-historical-prior,CONTEXT_DEPENDENT,"Historical recipe prior only; not current truth. Source=All_Support_Data.csv; Reporting Label=# tickets -bin(0,10); Legacy Feature=casesbybins_0_10; Legacy Driver Context=Resolution Time; Legacy Ingredients=['TTR','Case Number']; Operation=Bin; Signal=No Signal; Resolved Current Fields=Source_Case_Number__c;Time_to_Resolution_Days__c; Derived Dependencies=.",0.8,HISTORICAL_RECIPE_PRIOR,"Number of cases in TTR bin [0,10]",0.45,TIME_DURATION,0.5,TIME,salesforce:Case:Source_Case_Number__c;salesforce:Case:Time_to_Resolution_Days__c,DIRECT_EXPERIENCE,HIST_SFDC_120A857164EC82E61C8E
005As00000NsovwIAB,support level cohort,True,COHORT_DIMENSION,0.9,,,Historical feature recipe retained as candidate-generation evidence. Re-evaluate against current Driver semantics and live data before approval.,2.0-historical-prior,CONTEXT_DEPENDENT,Historical recipe prior only; not current truth. Source=All_Support_Data.csv; Reporting Label=support level cohort; Legacy Feature=sl_ltr; Legacy Driver Context=Effectiveness of resolution provided; Legacy Ingredients=Support Level; Operation=Cohort; Signal=No Signal; Resolved Current Fields=Source_Support_Level__c; Derived Dependencies=.,0.8,HISTORICAL_RECIPE_PRIOR,Historical operation=Cohort; current ingredients=Source_Support_Level__c,0.45,PRODUCT_QUALITY,0.5,PRODUCT_SERVICE,salesforce:Case:Source_Support_Level__c,PROFILE,HIST_SFDC_13856AA93AAD49E311C3
005As00000NsovwIAB,# of ticket types present,True,COUNT,0.35,,,Historical feature recipe retained as candidate-generation evidence. Re-evaluate against current Driver semantics and live data before approval.,2.0-historical-prior,CONTEXT_DEPENDENT,Historical recipe prior only; not current truth. Source=All_Support_Data.csv; Reporting Label=# of ticket types present; Legacy Feature=# of ticket types present; Legacy Driver Context=Effectiveness of resolution provided; Legacy Ingredients=Root Cause; Operation=Count; Signal=Signal; Resolved Current Fields=Source_Root_Cause__c; Derived Dependencies=.,0.8,HISTORICAL_RECIPE_PRIOR,Calculate total number of ticket types the customer has populated,0.75,PRODUCT_QUALITY,0.65,PRODUCT_SERVICE,salesforce:Case:Source_Root_Cause__c,DIRECT_EXPERIENCE,HIST_SFDC_17EF20A16252A2E9F7A0
005As00000NsovwIAB,# slt voilations,True,COUNT,0.35,,,Historical feature recipe retained as candidate-generation evidence. Re-evaluate against current Driver semantics and live data before approval.,2.0-historical-prior,CONTEXT_DEPENDENT,"Historical recipe prior only; not current truth. Source=All_Support_Data.csv; Reporting Label=# slt voilations; Legacy Feature=violation; Legacy Driver Context=Effectiveness of resolution provided; Legacy Ingredients=['slt_violation','Case Number']; Operation=Count; Signal=Signal; Resolved Current Fields=SLA_Violation__c;Source_Case_Number__c; Derived Dependencies=.",0.8,HISTORICAL_RECIPE_PRIOR,# of Case Numbers in the SLT Violation type - Violation for each Account Id,0.75,PROCESS_COMPLIANCE,0.65,PROCESS,salesforce:Case:SLA_Violation__c;salesforce:Case:Source_Case_Number__c,DIRECT_EXPERIENCE,HIST_SFDC_1A0F0E0439C3ED724483
005As00000NsovwIAB,Annual Revenue,True,DIRECT,0.35,,,Historical feature recipe retained as candidate-generation evidence. Re-evaluate against current Driver semantics and live data before approval.,2.0-historical-prior,CONTEXT_DEPENDENT,Historical recipe prior only; not current truth. Source=All_Accounts.csv; Reporting Label=Annual Revenue; Legacy Feature=ANNUAL_REVENUE; Legacy Driver Context=Final implementation matches scope sold; Legacy Ingredients=ANNUAL_REVENUE; Operation=Direct from the dataset; Signal=No Signal; Resolved Current Fields=AnnualRevenue; Derived Dependencies=.,0.8,HISTORICAL_RECIPE_PRIOR,ANNUAL_REVENUE of each Account Id,0.45,VALUE_COMMERCIAL_GROWTH,0.5,VALUE,salesforce:Account:AnnualRevenue,DIRECT_EXPERIENCE,HIST_SFDC_1B4F0444196318353ECF
005As00000NsovwIAB,"# tickets -bin(30,40)",True,BAND,0.35,,,Historical feature recipe retained as candidate-generation evidence. Re-evaluate against current Driver semantics and live data before approval.,2.0-historical-prior,CONTEXT_DEPENDENT,"Historical recipe prior only; not current truth. Source=All_Support_Data.csv; Reporting Label=# tickets -bin(30,40); Legacy Feature=casesbybins_30_40; Legacy Driver Context=Resolution Time; Legacy Ingredients=['TTR','Case Number']; Operation=Bin; Signal=No Signal; Resolved Current Fields=Source_Case_Number__c;Time_to_Resolution_Days__c; Derived Dependencies=.",0.8,HISTORICAL_RECIPE_PRIOR,"Number of cases in TTR bin [30,40]",0.45,TIME_DURATION,0.5,TIME,salesforce:Case:Source_Case_Number__c;salesforce:Case:Time_to_Resolution_Days__c,DIRECT_EXPERIENCE,HIST_SFDC_1B8C54125F8AE705BF65
005As00000NsovwIAB,"# tickets -bin(70,80)",True,BAND,0.35,,,Historical feature recipe retained as candidate-generation evidence. Re-evaluate against current Driver semantics and live data before approval.,2.0-historical-prior,CONTEXT_DEPENDENT,"Historical recipe prior only; not current truth. Source=All_Support_Data.csv; Reporting Label=# tickets -bin(70,80); Legacy Feature=casesbybins_70_80; Legacy Driver Context=Resolution Time; Legacy Ingredients=['TTR','Case Number']; Operation=Bin; Signal=No Signal; Resolved Current Fields=Source_Case_Number__c;Time_to_Resolution_Days__c; Derived Dependencies=.",0.8,HISTORICAL_RECIPE_PRIOR,"Number of cases in TTR bin [70,80]",0.45,TIME_DURATION,0.5,TIME,salesforce:Case:Source_Case_Number__c;salesforce:Case:Time_to_Resolution_Days__c,DIRECT_EXPERIENCE,HIST_SFDC_1BF4386DF7723130825B
005As00000NsovwIAB,Territory Manager Cohort,True,COHORT_DIMENSION,0.9,,,Historical feature recipe retained as candidate-generation evidence. Re-evaluate against current Driver semantics and live data before approval.,2.0-historical-prior,CONTEXT_DEPENDENT,Historical recipe prior only; not current truth. Source=All_Accounts.csv; Reporting Label=Territory Manager Cohort; Legacy Feature=ter_man_acc_ltr; Legacy Driver Context=Solution sold matches your needs; Legacy Ingredients=TERRITORY_MANAGER_NAME; Operation=Cohort; Signal=No Signal; Resolved Current Fields=Territory_Manager_Name__c; Derived Dependencies=.,0.8,HISTORICAL_RECIPE_PRIOR,Historical operation=Cohort; current ingredients=Territory_Manager_Name__c,0.45,PEOPLE_OWNERSHIP,0.5,PEOPLE,salesforce:Account:Territory_Manager_Name__c,PROFILE,HIST_SFDC_20752299A5D3E06B1D7C
005As00000NsovwIAB,% tickets for QuoteFlow,True,RATE,0.35,,,Historical feature recipe retained as candidate-generation evidence. Re-evaluate against current Driver semantics and live data before approval.,2.0-historical-prior,CONTEXT_DEPENDENT,"Historical recipe prior only; not current truth. Source=All_Support_Data.csv; Reporting Label=% tickets for QuoteFlow; Legacy Feature=QuoteFlow; Legacy Driver Context=Effectiveness of resolution provided; Legacy Ingredients=['PL', 'Case Number']; Operation=Percentage; Signal=No Signal; Resolved Current Fields=Product_Line__c;Source_Case_Number__c; Derived Dependencies=.",0.8,HISTORICAL_RECIPE_PRIOR,(# of Case Numbers in the PL type - QuoteFlow / total # of Case Numbers ) for each Account Id,0.45,PRODUCT_FUNCTIONALITY,0.5,PRODUCT_SERVICE,salesforce:Case:Product_Line__c;salesforce:Case:Source_Case_Number__c,DIRECT_EXPERIENCE,HIST_SFDC_21B24E0208E5C25096E1
005As00000NsovwIAB,ttr by customer-driven knowledge,True,MEAN,0.35,,,Historical feature recipe retained as candidate-generation evidence. Re-evaluate against current Driver semantics and live data before approval.,2.0-historical-prior,CONTEXT_DEPENDENT,"Historical recipe prior only; not current truth. Source=All_Support_Data.csv; Reporting Label=ttr by customer-driven knowledge; Legacy Feature=TTRCustomer-Driven Knowledge; Legacy Driver Context=Resolution Time; Legacy Ingredients=['Root_Cause', 'TTR']; Operation=mean; Signal=Signal; Resolved Current Fields=Source_Root_Cause__c;Time_to_Resolution_Days__c; Derived Dependencies=.",0.8,HISTORICAL_RECIPE_PRIOR,Average of TTR in the Root_Cause type - Customer-Driven Knowledge,0.75,PRODUCT_QUALITY,0.65,PRODUCT_SERVICE,salesforce:Case:Source_Root_Cause__c;salesforce:Case:Time_to_Resolution_Days__c,DIRECT_EXPERIENCE,HIST_SFDC_21BF111826878617577A
005As00000NsovwIAB,ttr by ticket type - Infrastructure,True,MEAN,0.35,,,Historical feature recipe retained as candidate-generation evidence. Re-evaluate against current Driver semantics and live data before approval.,2.0-historical-prior,CONTEXT_DEPENDENT,"Historical recipe prior only; not current truth. Source=All_Support_Data.csv; Reporting Label=ttr by ticket type - Infrastructure; Legacy Feature=ttrinfrastructure; Legacy Driver Context=Resolution Time; Legacy Ingredients=['Root_Cause', 'TTR']; Operation=mean; Signal=No Signal; Resolved Current Fields=Source_Root_Cause__c;Time_to_Resolution_Days__c; Derived Dependencies=.",0.8,HISTORICAL_RECIPE_PRIOR,Average of TTR in the Root_Cause type - Infrastructure,0.45,PRODUCT_QUALITY,0.5,PRODUCT_SERVICE,salesforce:Case:Source_Root_Cause__c;salesforce:Case:Time_to_Resolution_Days__c,DIRECT_EXPERIENCE,HIST_SFDC_2471F39AB2C3C5464B74
005As00000NsovwIAB,opp. loss ratio,True,RATE,0.35,,,Historical feature recipe retained as candidate-generation evidence. Re-evaluate against current Driver semantics and live data before approval.,2.0-historical-prior,CONTEXT_DEPENDENT,"Historical recipe prior only; not current truth. Source=All_Opportunities.csv; Reporting Label=opp. loss ratio; Legacy Feature=opp_loss_rat; Legacy Driver Context=Sales team; Legacy Ingredients=['C2_STAGE','OPPORTUNITY_ID']; Operation=Percentage; Signal=No Signal; Resolved Current Fields=Source_Opportunity_ID__c;Source_Stage__c; Derived Dependencies=.",0.8,HISTORICAL_RECIPE_PRIOR,(Sum of Opportunities lost in 'C2_STAGE' per Account Id/# of unique OPPORTUNITY_IDs per Account Id) for each Account id,0.45,PROCESS_STEPS,0.5,PROCESS,salesforce:Opportunity:Source_Opportunity_ID__c;salesforce:Opportunity:Source_Stage__c,DIRECT_EXPERIENCE,HIST_SFDC_24BE3CD70F543D5B9139
005As00000NsovwIAB,# opportunities won (forecast),True,SUM,0.35,,,Historical feature recipe retained as candidate-generation evidence. Re-evaluate against current Driver semantics and live data before approval.,2.0-historical-prior,CONTEXT_DEPENDENT,Historical recipe prior only; not current truth. Source=All_Opportunities.csv; Reporting Label=# opportunities won (forecast); Legacy Feature=fr_won; Legacy Driver Context=Solution sold matches your needs; Legacy Ingredients=FORECAST_CATEGORY; Operation=sum; Signal=No Signal; Resolved Current Fields=Source_Forecast_Category__c; Derived Dependencies=.,0.8,HISTORICAL_RECIPE_PRIOR,Sum of Opportunities won in 'FORECAST_CATEGORY' per Account Id,0.45,TIME_PREDICTABILITY,0.5,TIME,salesforce:Opportunity:Source_Forecast_Category__c,DIRECT_EXPERIENCE,HIST_SFDC_26E394CCDC35F0DE5469
005As00000NsovwIAB,"# tickets -bin(60,70)",True,BAND,0.35,,,Historical feature recipe retained as candidate-generation evidence. Re-evaluate against current Driver semantics and live data before approval.,2.0-historical-prior,CONTEXT_DEPENDENT,"Historical recipe prior only; not current truth. Source=All_Support_Data.csv; Reporting Label=# tickets -bin(60,70); Legacy Feature=casesbybins_60_70; Legacy Driver Context=Resolution Time; Legacy Ingredients=['TTR','Case Number']; Operation=Bin; Signal=No Signal; Resolved Current Fields=Source_Case_Number__c;Time_to_Resolution_Days__c; Derived Dependencies=.",0.8,HISTORICAL_RECIPE_PRIOR,"Number of cases in TTR bin [60,70]",0.45,TIME_DURATION,0.5,TIME,salesforce:Case:Source_Case_Number__c;salesforce:Case:Time_to_Resolution_Days__c,DIRECT_EXPERIENCE,HIST_SFDC_27666CB13F2027D460ED
005As00000NsovwIAB,ttr by ticket type - Licencing,True,MEAN,0.35,,,Historical feature recipe retained as candidate-generation evidence. Re-evaluate against current Driver semantics and live data before approval.,2.0-historical-prior,CONTEXT_DEPENDENT,"Historical recipe prior only; not current truth. Source=All_Support_Data.csv; Reporting Label=ttr by ticket type - Licencing; Legacy Feature=TTRLicensing; Legacy Driver Context=Resolution Time; Legacy Ingredients=['Root_Cause', 'TTR']; Operation=mean; Signal=No Signal; Resolved Current Fields=Source_Root_Cause__c;Time_to_Resolution_Days__c; Derived Dependencies=.",0.8,HISTORICAL_RECIPE_PRIOR,Average of TTR in the Root_Cause type - Licensing,0.45,PRODUCT_QUALITY,0.5,PRODUCT_SERVICE,salesforce:Case:Source_Root_Cause__c;salesforce:Case:Time_to_Resolution_Days__c,DIRECT_EXPERIENCE,HIST_SFDC_282F8A5A32EEEC494DBD
005As00000NsovwIAB,# resolved tickets,True,RATE,0.35,,,Historical feature recipe retained as candidate-generation evidence. Re-evaluate against current Driver semantics and live data before approval.,2.0-historical-prior,CONTEXT_DEPENDENT,"Historical recipe prior only; not current truth. Source=All_Support_Data.csv; Reporting Label=# resolved tickets; Legacy Feature=Resolved; Legacy Driver Context=Effectiveness of resolution provided; Legacy Ingredients=['State', 'Case Number']; Operation=Percentage; Signal=No Signal; Resolved Current Fields=Source_Case_Number__c;Source_State__c; Derived Dependencies=.",0.8,HISTORICAL_RECIPE_PRIOR,# of Case Numbers in the State type - Resolved for each Account Id,0.45,PROCESS_STEPS,0.5,PROCESS,salesforce:Case:Source_Case_Number__c;salesforce:Case:Source_State__c,DIRECT_EXPERIENCE,HIST_SFDC_30C8971002E4BF7457F2
005As00000NsovwIAB,% tickets By Type - Infrastructure,True,RATE,0.35,,,Historical feature recipe retained as candidate-generation evidence. Re-evaluate against current Driver semantics and live data before approval.,2.0-historical-prior,CONTEXT_DEPENDENT,"Historical recipe prior only; not current truth. Source=All_Support_Data.csv; Reporting Label=% tickets By Type - Infrastructure; Legacy Feature=Infrastructure; Legacy Driver Context=Product performance (stability, speed); Legacy Ingredients=['Root_Cause', 'Case Number']; Operation=Percentage; Signal=Signal; Resolved Current Fields=Source_Case_Number__c;Source_Root_Cause__c; Derived Dependencies=.",0.8,HISTORICAL_RECIPE_PRIOR,(# of Case Numbers in the Root_Cause type - Infrastructure/ total # of Case Numbers ) for each Account Id,0.75,PRODUCT_QUALITY,0.65,PRODUCT_SERVICE,salesforce:Case:Source_Case_Number__c;salesforce:Case:Source_Root_Cause__c,DIRECT_EXPERIENCE,HIST_SFDC_316046C5CC854FA1DF06
005As00000NsovwIAB,case_escalation,True,EVENT_FLAG,0.35,,,Historical feature recipe retained as candidate-generation evidence. Re-evaluate against current Driver semantics and live data before approval.,2.0-historical-prior,CONTEXT_DEPENDENT,Historical recipe prior only; not current truth. Source=All_Support_Data.csv; Reporting Label=; Legacy Feature=case_escalation; Legacy Driver Context=Effectiveness of resolution provided; Legacy Ingredients=Special Attention; Operation=flag; Signal=No Signal; Resolved Current Fields=Source_Special_Attention__c; Derived Dependencies=.,0.7,HISTORICAL_RECIPE_PRIOR,"Flag = 0 if 'Special Attention' = 0, else 1",0.45,PROCESS_EXCEPTION,0.5,PROCESS,salesforce:Case:Source_Special_Attention__c,DIRECT_EXPERIENCE,HIST_SFDC_36982FC377DADB6EA590
005As00000NsovwIAB,Annual Revenue,True,MEAN,0.35,,,Historical feature recipe retained as candidate-generation evidence. Re-evaluate against current Driver semantics and live data before approval.,2.0-historical-prior,CONTEXT_DEPENDENT,Historical recipe prior only; not current truth. Source=All_Opportunities.csv; Reporting Label=Annual Revenue; Legacy Feature=acc_avg_AR; Legacy Driver Context=Solution sold matches your needs; Legacy Ingredients=ANNUAL_RENEWAL; Operation=mean; Signal=No Signal; Resolved Current Fields=Annual_Renewal__c; Derived Dependencies=.,0.8,HISTORICAL_RECIPE_PRIOR,Average of 'ANNUAL_RENEWAL' per Account Id,0.45,VALUE_RENEWAL,0.5,VALUE,salesforce:Opportunity:Annual_Renewal__c,DIRECT_EXPERIENCE,HIST_SFDC_36D0D7B4A4A5964A0731
005As00000NsovwIAB,# support tickets in last three months,True,BREADTH,0.35,,,Historical feature recipe retained as candidate-generation evidence. Re-evaluate against current Driver semantics and live data before approval.,2.0-historical-prior,CONTEXT_DEPENDENT,Historical recipe prior only; not current truth. Source=All_Support_Data.csv; Reporting Label=# support tickets in last three months; Legacy Feature=total_cases_three_month; Legacy Driver Context=Effectiveness of resolution provided; Legacy Ingredients=Case Number; Operation=nunique; Signal=Signal; Resolved Current Fields=Source_Case_Number__c; Derived Dependencies=.,0.7,HISTORICAL_RECIPE_PRIOR,Total number of Case Number in last three months for each Account Id,0.75,,0.65,,salesforce:Case:Source_Case_Number__c,DIRECT_EXPERIENCE,HIST_SFDC_3908BDDC47A15C629AE9
005As00000NsovwIAB,Bill City Cohort,True,COHORT_DIMENSION,0.9,,,Historical feature recipe retained as candidate-generation evidence. Re-evaluate against current Driver semantics and live data before approval.,2.0-historical-prior,CONTEXT_DEPENDENT,Historical recipe prior only; not current truth. Source=All_Accounts.csv; Reporting Label=Bill City Cohort; Legacy Feature=billcity_acc_ltr; Legacy Driver Context=Solution sold matches your needs; Legacy Ingredients=BILLING_CITY; Operation=Cohort; Signal=No Signal; Resolved Current Fields=BillingCity; Derived Dependencies=.,0.8,HISTORICAL_RECIPE_PRIOR,Historical operation=Cohort; current ingredients=BillingCity,0.45,,0.5,,salesforce:Account:BillingCity,PROFILE,HIST_SFDC_3A56B88C0385F555CCCA
005As00000NsovwIAB,% defect tickets,True,RATE,0.35,,,Historical feature recipe retained as candidate-generation evidence. Re-evaluate against current Driver semantics and live data before approval.,2.0-historical-prior,CONTEXT_DEPENDENT,"Historical recipe prior only; not current truth. Source=All_Support_Data.csv; Reporting Label=% defect tickets; Legacy Feature=Defect; Legacy Driver Context=Effectiveness of resolution provided; Legacy Ingredients=['Root_Cause', 'Case Number']; Operation=Percentage; Signal=Signal; Resolved Current Fields=Source_Case_Number__c;Source_Root_Cause__c; Derived Dependencies=. || Historical recipe prior only; not current truth. Source=All_Support_Data.csv; Reporting Label=% defect tickets; Legacy Feature=Defect; Legacy Driver Context=Final implementation matches scope sold; Legacy Ingredients=['Root_Cause', 'Case Number']; Operation=Percentage; Signal=No Signal; Resolved Current Fields=Source_Case_Number__c;Source_Root_Cause__c; Derived Dependencies=. || Historical recipe prior only; not current truth. Source=All_Support_Data.csv; Reporting Label=% defect tickets; Legacy Feature=Defect; Legacy Driver Context=Product performance (stability, speed); Legacy Ingredients=['Root_Cause', 'Case Number']; Operation=Percentage; Signal=Signal; Resolved Current Fields=Source_Case_Number__c;Source_Root_Cause__c; Derived Dependencies=.",0.8,HISTORICAL_RECIPE_PRIOR,(# of Case Numbers in the Root_Cause type - Defect/ total # of Case Numbers ) for each Account Id,0.65,PRODUCT_QUALITY,0.6,PRODUCT_SERVICE,salesforce:Case:Source_Case_Number__c;salesforce:Case:Source_Root_Cause__c,DIRECT_EXPERIENCE,HIST_SFDC_3A7A109770C6AC71D4C0
005As00000NsovwIAB,Severity: % Minor tickets,True,RATE,0.35,,,Historical feature recipe retained as candidate-generation evidence. Re-evaluate against current Driver semantics and live data before approval.,2.0-historical-prior,CONTEXT_DEPENDENT,"Historical recipe prior only; not current truth. Source=All_Support_Data.csv; Reporting Label=Severity: % Minor tickets; Legacy Feature=Minor (P3); Legacy Driver Context=Resolution Time; Legacy Ingredients=['Severity', 'Case Number']; Operation=Percentage; Signal=No Signal; Resolved Current Fields=Source_Case_Number__c;Source_Severity__c; Derived Dependencies=.",0.8,HISTORICAL_RECIPE_PRIOR,(# of Case Numbers in the Severity type - Minor (P3) / total # of Case Numbers ) for each Account Id,0.45,PRODUCT_QUALITY,0.5,PRODUCT_SERVICE,salesforce:Case:Source_Case_Number__c;salesforce:Case:Source_Severity__c,DIRECT_EXPERIENCE,HIST_SFDC_3ADF6431106D7F77900D
005As00000NsovwIAB,% not concluded opportunities (forecast),True,RATE,0.35,,,Historical feature recipe retained as candidate-generation evidence. Re-evaluate against current Driver semantics and live data before approval.,2.0-historical-prior,CONTEXT_DEPENDENT,"Historical recipe prior only; not current truth. Source=All_Opportunities.csv; Reporting Label=% not concluded opportunities (forecast); Legacy Feature=No_Conclusion; Legacy Driver Context=Solution sold matches your needs; Legacy Ingredients=[FORECAST_CATEGORY ,OPPORTUNITY_ID]; Operation=Percentage; Signal=Signal; Resolved Current Fields=Source_Forecast_Category__c;Source_Opportunity_ID__c; Derived Dependencies=.",0.8,HISTORICAL_RECIPE_PRIOR,"(# of No_Conclusion Opportunities in ""FORECAST_CATEGORY""/ # of unique OPPORTUNITY_IDs) for each Account",0.75,TIME_PREDICTABILITY,0.65,TIME,salesforce:Opportunity:Source_Forecast_Category__c;salesforce:Opportunity:Source_Opportunity_ID__c,DIRECT_EXPERIENCE,HIST_SFDC_3AEF97C80ACEA5D5B36D
005As00000NsovwIAB,# designated owners,True,BREADTH,0.35,,,Historical feature recipe retained as candidate-generation evidence. Re-evaluate against current Driver semantics and live data before approval.,2.0-historical-prior,CONTEXT_DEPENDENT,Historical recipe prior only; not current truth. Source=All_Opportunities.csv; Reporting Label=# designated owners; Legacy Feature=num_desg_roles; Legacy Driver Context=Sales team; Legacy Ingredients=OWNER_ROLE; Operation=nunique; Signal=Signal; Resolved Current Fields=Source_Owner_Role__c; Derived Dependencies=.,0.7,HISTORICAL_RECIPE_PRIOR,# of OWNER_ROLE per Account Id,0.75,PEOPLE_ROLE,0.65,PEOPLE,salesforce:Opportunity:Source_Owner_Role__c,DIRECT_EXPERIENCE,HIST_SFDC_3C6E4321D414F091323F
005As00000NsovwIAB,ticket severity cohort,True,COHORT_DIMENSION,0.9,,,Historical feature recipe retained as candidate-generation evidence. Re-evaluate against current Driver semantics and live data before approval.,2.0-historical-prior,CONTEXT_DEPENDENT,Historical recipe prior only; not current truth. Source=All_Support_Data.csv; Reporting Label=ticket severity cohort; Legacy Feature=severity_ltr; Legacy Driver Context=Effectiveness of resolution provided; Legacy Ingredients=Severity; Operation=Cohort; Signal=No Signal; Resolved Current Fields=Source_Severity__c; Derived Dependencies=.,0.8,HISTORICAL_RECIPE_PRIOR,Historical operation=Cohort; current ingredients=Source_Severity__c,0.45,PRODUCT_QUALITY,0.5,PRODUCT_SERVICE,salesforce:Case:Source_Severity__c,PROFILE,HIST_SFDC_3D5C408AEC7A25B9E397
005As00000NsovwIAB,"# how to tickets -bin(10,20)",True,BAND,0.35,,,Historical feature recipe retained as candidate-generation evidence. Re-evaluate against current Driver semantics and live data before approval.,2.0-historical-prior,CONTEXT_DEPENDENT,"Historical recipe prior only; not current truth. Source=All_Support_Data.csv; Reporting Label=# how to tickets -bin(10,20); Legacy Feature=questbybins_10_20; Legacy Driver Context=Resolution Time; Legacy Ingredients=['TTR','Root Cause','Case Number']; Operation=Bin; Signal=No Signal; Resolved Current Fields=Source_Case_Number__c;Source_Root_Cause__c;Time_to_Resolution_Days__c; Derived Dependencies=.",0.8,HISTORICAL_RECIPE_PRIOR,"Number of cases for Root Cause = 'Customer-Driven Knowledge' in TTR bin [10,20]",0.45,PRODUCT_QUALITY,0.5,PRODUCT_SERVICE,salesforce:Case:Source_Case_Number__c;salesforce:Case:Source_Root_Cause__c;salesforce:Case:Time_to_Resolution_Days__c,DIRECT_EXPERIENCE,HIST_SFDC_3D78A1243CD2E0BE0D6C
005As00000NsovwIAB,Severity: # critical tickets,True,COUNT,0.35,,,Historical feature recipe retained as candidate-generation evidence. Re-evaluate against current Driver semantics and live data before approval.,2.0-historical-prior,CONTEXT_DEPENDENT,"Historical recipe prior only; not current truth. Source=All_Support_Data.csv; Reporting Label=Severity: # critical tickets; Legacy Feature=critical_p1; Legacy Driver Context=Resolution Time; Legacy Ingredients=['Severity', 'Case Number']; Operation=Number; Signal=No Signal; Resolved Current Fields=Source_Case_Number__c;Source_Severity__c; Derived Dependencies=.",0.8,HISTORICAL_RECIPE_PRIOR,(# of Case Numbers in the Severity type - critical (P1)  for each Account Id,0.45,PRODUCT_QUALITY,0.5,PRODUCT_SERVICE,salesforce:Case:Source_Case_Number__c;salesforce:Case:Source_Severity__c,DIRECT_EXPERIENCE,HIST_SFDC_3DA9CB79CD28530D3052
005As00000NsovwIAB,opportunity owner cohort,True,COHORT_DIMENSION,0.9,,,Historical feature recipe retained as candidate-generation evidence. Re-evaluate against current Driver semantics and live data before approval.,2.0-historical-prior,CONTEXT_DEPENDENT,Historical recipe prior only; not current truth. Source=All_Opportunities.csv; Reporting Label=opportunity owner cohort; Legacy Feature=ltr_owner_role; Legacy Driver Context=Solution sold matches your needs; Legacy Ingredients=OWNER_ROLE; Operation=Cohort; Signal=No Signal; Resolved Current Fields=Source_Owner_Role__c; Derived Dependencies=.,0.8,HISTORICAL_RECIPE_PRIOR,Historical operation=Cohort; current ingredients=Source_Owner_Role__c,0.45,PEOPLE_ROLE,0.5,PEOPLE,salesforce:Opportunity:Source_Owner_Role__c,PROFILE,HIST_SFDC_3FA8520525E1FE1C519C
005As00000NsovwIAB,Customer Manager cohort,True,COHORT_DIMENSION,0.9,,,Historical feature recipe retained as candidate-generation evidence. Re-evaluate against current Driver semantics and live data before approval.,2.0-historical-prior,CONTEXT_DEPENDENT,Historical recipe prior only; not current truth. Source=All_Accounts.csv; Reporting Label=Customer Manager cohort; Legacy Feature=cust_man_acc_ltr; Legacy Driver Context=Solution sold matches your needs; Legacy Ingredients=CUSTOMER_MANAGER_NAME; Operation=Cohort; Signal=No Signal; Resolved Current Fields=Customer_Manager_Name__c; Derived Dependencies=.,0.8,HISTORICAL_RECIPE_PRIOR,Historical operation=Cohort; current ingredients=Customer_Manager_Name__c,0.45,PEOPLE_OWNERSHIP,0.5,PEOPLE,salesforce:Account:Customer_Manager_Name__c,PROFILE,HIST_SFDC_41DABEEAFBE2D692ED4B
005As00000NsovwIAB,Severity: # Major tickets,True,SUM,0.35,,,Historical feature recipe retained as candidate-generation evidence. Re-evaluate against current Driver semantics and live data before approval.,2.0-historical-prior,CONTEXT_DEPENDENT,"Historical recipe prior only; not current truth. Source=All_Support_Data.csv; Reporting Label=Severity: # Major tickets; Legacy Feature=major_p2; Legacy Driver Context=Resolution Time; Legacy Ingredients=['Severity', 'Case Number']; Operation=sum; Signal=No Signal; Resolved Current Fields=Source_Case_Number__c;Source_Severity__c; Derived Dependencies=.",0.8,HISTORICAL_RECIPE_PRIOR,# of Case Numbers in the Severity type - Major (P2)  for each Account Id,0.45,PRODUCT_QUALITY,0.5,PRODUCT_SERVICE,salesforce:Case:Source_Case_Number__c;salesforce:Case:Source_Severity__c,DIRECT_EXPERIENCE,HIST_SFDC_43469E7F8B95F7F3935E
005As00000NsovwIAB,Industry Cohort,True,COHORT_DIMENSION,0.9,,,Historical feature recipe retained as candidate-generation evidence. Re-evaluate against current Driver semantics and live data before approval.,2.0-historical-prior,CONTEXT_DEPENDENT,Historical recipe prior only; not current truth. Source=All_Accounts.csv; Reporting Label=Industry Cohort; Legacy Feature=industry_acc_ltr; Legacy Driver Context=Ease of use; Legacy Ingredients=INDUSTRY; Operation=Cohort; Signal=No Signal; Resolved Current Fields=Source_Industry__c; Derived Dependencies=.,0.8,HISTORICAL_RECIPE_PRIOR,Historical operation=Cohort; current ingredients=Source_Industry__c,0.45,,0.5,,salesforce:Account:Source_Industry__c,PROFILE,HIST_SFDC_44575534647E7907D8B9
005As00000NsovwIAB,% 'how to' tickets,True,RATE,0.35,,,Historical feature recipe retained as candidate-generation evidence. Re-evaluate against current Driver semantics and live data before approval.,2.0-historical-prior,CONTEXT_DEPENDENT,"Historical recipe prior only; not current truth. Source=All_Support_Data.csv; Reporting Label=% 'how to' tickets; Legacy Feature=Customer-Driven Knowledge; Legacy Driver Context=Effectiveness of resolution provided; Legacy Ingredients=['Root_Cause', 'Case Number']; Operation=Percentage; Signal=Signal; Resolved Current Fields=Source_Case_Number__c;Source_Root_Cause__c; Derived Dependencies=. || Historical recipe prior only; not current truth. Source=All_Support_Data.csv; Reporting Label=% 'how to' tickets; Legacy Feature=Customer-Driven Knowledge; Legacy Driver Context=Initial package installation/setup; Legacy Ingredients=['Root_Cause', 'Case Number']; Operation=Percentage; Signal=Signal; Resolved Current Fields=Source_Case_Number__c;Source_Root_Cause__c; Derived Dependencies=.",0.8,HISTORICAL_RECIPE_PRIOR,(# of Case Numbers in the Root_Cause type - Customer-Driven Knowledge/ total # of Case Numbers ) for each Account Id,0.75,PRODUCT_QUALITY,0.65,PRODUCT_SERVICE,salesforce:Case:Source_Case_Number__c;salesforce:Case:Source_Root_Cause__c,DIRECT_EXPERIENCE,HIST_SFDC_46E93CF93723E7E1CCAC
005As00000NsovwIAB,% tickets By Type - Upgrade,True,RATE,0.35,,,Historical feature recipe retained as candidate-generation evidence. Re-evaluate against current Driver semantics and live data before approval.,2.0-historical-prior,CONTEXT_DEPENDENT,"Historical recipe prior only; not current truth. Source=All_Support_Data.csv; Reporting Label=% tickets By Type - Upgrade; Legacy Feature=Upgrade; Legacy Driver Context=Effectiveness of resolution provided; Legacy Ingredients=['Root_Cause', 'Case Number']; Operation=Percentage; Signal=Signal; Resolved Current Fields=Source_Case_Number__c;Source_Root_Cause__c; Derived Dependencies=.",0.8,HISTORICAL_RECIPE_PRIOR,(# of Case Numbers in the Root_Cause type - Upgrade/ total # of Case Numbers ) for each Account Id,0.75,PRODUCT_QUALITY,0.65,PRODUCT_SERVICE,salesforce:Case:Source_Case_Number__c;salesforce:Case:Source_Root_Cause__c,DIRECT_EXPERIENCE,HIST_SFDC_4DFB7F8345782DCA7CFD
005As00000NsovwIAB,% lost opportunities (forecast),True,RATE,0.35,,,Historical feature recipe retained as candidate-generation evidence. Re-evaluate against current Driver semantics and live data before approval.,2.0-historical-prior,CONTEXT_DEPENDENT,"Historical recipe prior only; not current truth. Source=All_Opportunities.csv; Reporting Label=% lost opportunities (forecast); Legacy Feature=Lost; Legacy Driver Context=Solution sold matches your needs; Legacy Ingredients=[FORECAST_CATEGORY ,OPPORTUNITY_ID]; Operation=Percentage; Signal=No Signal; Resolved Current Fields=Source_Forecast_Category__c;Source_Opportunity_ID__c; Derived Dependencies=.",0.8,HISTORICAL_RECIPE_PRIOR,"(# of Opportunities Lost in ""FORECAST_CATEGORY""/# of unique OPPORTUNITY_IDs)  for each Account",0.45,TIME_PREDICTABILITY,0.5,TIME,salesforce:Opportunity:Source_Forecast_Category__c;salesforce:Opportunity:Source_Opportunity_ID__c,DIRECT_EXPERIENCE,HIST_SFDC_4E8FA0CF6D19FC54EC82
005As00000NsovwIAB,Days Since Last Log-In,True,DELTA,0.35,,,Historical feature recipe retained as candidate-generation evidence. Re-evaluate against current Driver semantics and live data before approval.,2.0-historical-prior,CONTEXT_DEPENDENT,Historical recipe prior only; not current truth. Source=All_Accounts.csv; Reporting Label=Days Since Last Log-In; Legacy Feature=days_since_last_login; Legacy Driver Context=Resolution Time; Legacy Ingredients='LAST LOGIN'; Operation=Difference; Signal=No Signal; Resolved Current Fields=Last_Login_Date__c; Derived Dependencies=.,0.7,HISTORICAL_RECIPE_PRIOR,Day difference between Current date and 'LAST LOGIN',0.45,TIME_RECENCY,0.5,TIME,salesforce:Account:Last_Login_Date__c,DIRECT_EXPERIENCE,HIST_SFDC_51A5107A94F0AECE0FB3
005As00000NsovwIAB,ttr critical tickets,True,MEAN,0.35,,,Historical feature recipe retained as candidate-generation evidence. Re-evaluate against current Driver semantics and live data before approval.,2.0-historical-prior,CONTEXT_DEPENDENT,"Historical recipe prior only; not current truth. Source=All_Support_Data.csv; Reporting Label=ttr critical tickets; Legacy Feature=ttrcritical_p1; Legacy Driver Context=Resolution Time; Legacy Ingredients=['Severity', 'TTR']; Operation=mean; Signal=No Signal; Resolved Current Fields=Source_Severity__c;Time_to_Resolution_Days__c; Derived Dependencies=.",0.8,HISTORICAL_RECIPE_PRIOR,Average of TTR in the Severity type - Critical(P1),0.45,PRODUCT_QUALITY,0.5,PRODUCT_SERVICE,salesforce:Case:Source_Severity__c;salesforce:Case:Time_to_Resolution_Days__c,DIRECT_EXPERIENCE,HIST_SFDC_561722C951346B519013
005As00000NsovwIAB,% no slt voilations,True,RATE,0.35,,,Historical feature recipe retained as candidate-generation evidence. Re-evaluate against current Driver semantics and live data before approval.,2.0-historical-prior,CONTEXT_DEPENDENT,"Historical recipe prior only; not current truth. Source=All_Support_Data.csv; Reporting Label=% no slt voilations; Legacy Feature=no_SLT_Violations; Legacy Driver Context=Resolution Time; Legacy Ingredients=['SLT Violation', 'Case Number']; Operation=Percentage; Signal=No Signal; Resolved Current Fields=SLA_Violation__c;Source_Case_Number__c; Derived Dependencies=.",0.8,HISTORICAL_RECIPE_PRIOR,(# of Case Numbers in the SLT Violation type - no_SLT_Violations / total # of Case Numbers ) for each Account Id,0.45,PROCESS_COMPLIANCE,0.5,PROCESS,salesforce:Case:SLA_Violation__c;salesforce:Case:Source_Case_Number__c,DIRECT_EXPERIENCE,HIST_SFDC_57C91B56F1D7105AA3DD
005As00000NsovwIAB,# support tickets in last six months,True,BREADTH,0.35,,,Historical feature recipe retained as candidate-generation evidence. Re-evaluate against current Driver semantics and live data before approval.,2.0-historical-prior,CONTEXT_DEPENDENT,Historical recipe prior only; not current truth. Source=All_Support_Data.csv; Reporting Label=# support tickets in last six months; Legacy Feature=total_cases_six_month; Legacy Driver Context=Effectiveness of resolution provided; Legacy Ingredients=Case Number; Operation=nunique; Signal=Signal; Resolved Current Fields=Source_Case_Number__c; Derived Dependencies=.,0.7,HISTORICAL_RECIPE_PRIOR,Total number of Case Number in last six monthsfor each Account Id,0.75,,0.65,,salesforce:Case:Source_Case_Number__c,DIRECT_EXPERIENCE,HIST_SFDC_58801F954A46E436EB7C
005As00000NsovwIAB,"# how to tickets -bin(20,30)",True,BAND,0.35,,,Historical feature recipe retained as candidate-generation evidence. Re-evaluate against current Driver semantics and live data before approval.,2.0-historical-prior,CONTEXT_DEPENDENT,"Historical recipe prior only; not current truth. Source=All_Support_Data.csv; Reporting Label=# how to tickets -bin(20,30); Legacy Feature=questbybins_20_30; Legacy Driver Context=Resolution Time; Legacy Ingredients=['TTR','Root Cause','Case Number']; Operation=Bin; Signal=No Signal; Resolved Current Fields=Source_Case_Number__c;Source_Root_Cause__c;Time_to_Resolution_Days__c; Derived Dependencies=.",0.8,HISTORICAL_RECIPE_PRIOR,"Number of cases for Root Cause = 'Customer-Driven Knowledge' in TTR bin [20,30]",0.45,PRODUCT_QUALITY,0.5,PRODUCT_SERVICE,salesforce:Case:Source_Case_Number__c;salesforce:Case:Source_Root_Cause__c;salesforce:Case:Time_to_Resolution_Days__c,DIRECT_EXPERIENCE,HIST_SFDC_58F711ABE5BAF4A6DD70
005As00000NsovwIAB,"# how to tickets -bin(90,300)",True,BAND,0.35,,,Historical feature recipe retained as candidate-generation evidence. Re-evaluate against current Driver semantics and live data before approval.,2.0-historical-prior,CONTEXT_DEPENDENT,"Historical recipe prior only; not current truth. Source=All_Support_Data.csv; Reporting Label=# how to tickets -bin(90,300); Legacy Feature=custbybins_90_300; Legacy Driver Context=Resolution Time; Legacy Ingredients=['TTR','Root Cause','Case Number']; Operation=Bin; Signal=No Signal; Resolved Current Fields=Source_Case_Number__c;Source_Root_Cause__c;Time_to_Resolution_Days__c; Derived Dependencies=.",0.8,HISTORICAL_RECIPE_PRIOR,"Number of cases for Root Cause = 'Customer-Driven Knowledge' in TTR bin [90,300]",0.45,PRODUCT_QUALITY,0.5,PRODUCT_SERVICE,salesforce:Case:Source_Case_Number__c;salesforce:Case:Source_Root_Cause__c;salesforce:Case:Time_to_Resolution_Days__c,DIRECT_EXPERIENCE,HIST_SFDC_5FC966D0F67A24997AA6
005As00000NsovwIAB,aging of support ticket,True,MEAN,0.35,,,Historical feature recipe retained as candidate-generation evidence. Re-evaluate against current Driver semantics and live data before approval.,2.0-historical-prior,CONTEXT_DEPENDENT,Historical recipe prior only; not current truth. Source=All_Support_Data.csv; Reporting Label=aging of support ticket; Legacy Feature=avg_aging; Legacy Driver Context=Effectiveness of resolution provided; Legacy Ingredients=Ageing of Open Cases; Operation=mean; Signal=No Signal; Resolved Current Fields=Ageing_of_Open_Cases_Days__c; Derived Dependencies=.,0.8,HISTORICAL_RECIPE_PRIOR,Average of Ageing of Open Cases for each Account Id,0.45,TIME_DURATION,0.5,TIME,salesforce:Case:Ageing_of_Open_Cases_Days__c,DIRECT_EXPERIENCE,HIST_SFDC_5FDB60186381D3B01788
005As00000NsovwIAB,Segement Account Cohort,True,COHORT_DIMENSION,0.9,,,Historical feature recipe retained as candidate-generation evidence. Re-evaluate against current Driver semantics and live data before approval.,2.0-historical-prior,CONTEXT_DEPENDENT,Historical recipe prior only; not current truth. Source=All_Accounts.csv; Reporting Label=Segement Account Cohort; Legacy Feature=segment_acc_ltr; Legacy Driver Context=Solution sold matches your needs; Legacy Ingredients=SEGMENT_NAME; Operation=Cohort; Signal=No Signal; Resolved Current Fields=Customer_Segment__c; Derived Dependencies=.,0.8,HISTORICAL_RECIPE_PRIOR,Historical operation=Cohort; current ingredients=Customer_Segment__c,0.45,,0.5,,salesforce:Account:Customer_Segment__c,PROFILE,HIST_SFDC_6136466EF1D87B83ED81
005As00000NsovwIAB,mintigo score,True,DIRECT,0.35,,,Historical feature recipe retained as candidate-generation evidence. Re-evaluate against current Driver semantics and live data before approval.,2.0-historical-prior,CONTEXT_DEPENDENT,Historical recipe prior only; not current truth. Source=All_Accounts.csv; Reporting Label=mintigo score; Legacy Feature=MINTIGO_SCORE; Legacy Driver Context=Sales team; Legacy Ingredients=MINTIGO_SCORE; Operation=Direct from the dataset; Signal=Signal; Resolved Current Fields=Mintigo_Score__c; Derived Dependencies=. || Historical recipe prior only; not current truth. Source=All_Accounts.csv; Reporting Label=mintigo score; Legacy Feature=MINTIGO_SCORE; Legacy Driver Context=Solution sold matches your needs; Legacy Ingredients=MINTIGO_SCORE; Operation=Direct from the dataset; Signal=Signal; Resolved Current Fields=Mintigo_Score__c; Derived Dependencies=.,0.8,HISTORICAL_RECIPE_PRIOR,MINTIGO_SCORE for each Account Id,0.75,,0.65,,salesforce:Account:Mintigo_Score__c,DIRECT_EXPERIENCE,HIST_SFDC_63366CE8304BD8D34465
005As00000NsovwIAB,# not concluded opportunities (actual),True,COUNT,0.35,,,Historical feature recipe retained as candidate-generation evidence. Re-evaluate against current Driver semantics and live data before approval.,2.0-historical-prior,CONTEXT_DEPENDENT,Historical recipe prior only; not current truth. Source=All_Opportunities.csv; Reporting Label=# not concluded opportunities (actual); Legacy Feature=act_no_conclusion; Legacy Driver Context=Solution sold matches your needs; Legacy Ingredients=C2_STAGE; Operation=Count; Signal=No Signal; Resolved Current Fields=Source_Stage__c; Derived Dependencies=.,0.8,HISTORICAL_RECIPE_PRIOR,"# of Opportunities with No_Conclusion in ""C2_STAGE"" for each Account",0.45,PROCESS_STEPS,0.5,PROCESS,salesforce:Opportunity:Source_Stage__c,DIRECT_EXPERIENCE,HIST_SFDC_643766E7EE2CB52D0B97
005As00000NsovwIAB,% opportunity: Existing,True,RATE,0.35,,,Historical feature recipe retained as candidate-generation evidence. Re-evaluate against current Driver semantics and live data before approval.,2.0-historical-prior,CONTEXT_DEPENDENT,"Historical recipe prior only; not current truth. Source=All_Opportunities.csv; Reporting Label=% opportunity: Existing; Legacy Feature=Existing Business; Legacy Driver Context=Sales team; Legacy Ingredients=[C2_TYPE,OPPORTUNITY_ID]; Operation=Percentage; Signal=Signal; Resolved Current Fields=Source_Opportunity_ID__c;Source_Type__c; Derived Dependencies=.",0.8,HISTORICAL_RECIPE_PRIOR,"(# of Existing Business Opportunities in ""C2_TYPE"" / # of unique OPPORTUNITY_IDs )  for the account",0.75,PROCESS_STEPS,0.65,PROCESS,salesforce:Opportunity:Source_Opportunity_ID__c;salesforce:Opportunity:Source_Type__c,DIRECT_EXPERIENCE,HIST_SFDC_6800C13D43D75F76CA0D
005As00000NsovwIAB,time to resolution,True,MEAN,0.35,,,Historical feature recipe retained as candidate-generation evidence. Re-evaluate against current Driver semantics and live data before approval.,2.0-historical-prior,CONTEXT_DEPENDENT,Historical recipe prior only; not current truth. Source=All_Support_Data.csv; Reporting Label=time to resolution; Legacy Feature=TTR_mean; Legacy Driver Context=Resolution Time; Legacy Ingredients=TTR; Operation=mean; Signal=Signal; Resolved Current Fields=Time_to_Resolution_Days__c; Derived Dependencies=.,0.8,HISTORICAL_RECIPE_PRIOR,Average of TTR for each Account Id,0.75,TIME_DURATION,0.65,TIME,salesforce:Case:Time_to_Resolution_Days__c,DIRECT_EXPERIENCE,HIST_SFDC_6869AE89C2949BB23BA5
005As00000NsovwIAB,"# tickets -bin(50,60)",True,BAND,0.35,,,Historical feature recipe retained as candidate-generation evidence. Re-evaluate against current Driver semantics and live data before approval.,2.0-historical-prior,CONTEXT_DEPENDENT,"Historical recipe prior only; not current truth. Source=All_Support_Data.csv; Reporting Label=# tickets -bin(50,60); Legacy Feature=casesbybins_50_60; Legacy Driver Context=Resolution Time; Legacy Ingredients=['TTR','Case Number']; Operation=Bin; Signal=No Signal; Resolved Current Fields=Source_Case_Number__c;Time_to_Resolution_Days__c; Derived Dependencies=.",0.8,HISTORICAL_RECIPE_PRIOR,"Number of cases in TTR bin [50,60]",0.45,TIME_DURATION,0.5,TIME,salesforce:Case:Source_Case_Number__c;salesforce:Case:Time_to_Resolution_Days__c,DIRECT_EXPERIENCE,HIST_SFDC_694B0CBBC841150FE2C4
005As00000NsovwIAB,territory cohort,True,COHORT_DIMENSION,0.9,,,Historical feature recipe retained as candidate-generation evidence. Re-evaluate against current Driver semantics and live data before approval.,2.0-historical-prior,CONTEXT_DEPENDENT,Historical recipe prior only; not current truth. Source=All_Opportunities.csv; Reporting Label=territory cohort; Legacy Feature=ltr_territory; Legacy Driver Context=Solution sold matches your needs; Legacy Ingredients=TERRITORY; Operation=Cohort; Signal=No Signal; Resolved Current Fields=Territory__c; Derived Dependencies=.,0.8,HISTORICAL_RECIPE_PRIOR,Historical operation=Cohort; current ingredients=Territory__c,0.45,,0.5,,salesforce:Opportunity:Territory__c,PROFILE,HIST_SFDC_6C716CB813FB565DA57D
005As00000NsovwIAB,% tickets By Type - Feature Request,True,RATE,0.35,,,Historical feature recipe retained as candidate-generation evidence. Re-evaluate against current Driver semantics and live data before approval.,2.0-historical-prior,CONTEXT_DEPENDENT,"Historical recipe prior only; not current truth. Source=All_Support_Data.csv; Reporting Label=% tickets By Type - Feature Request; Legacy Feature=Feature Request; Legacy Driver Context=Final implementation matches scope sold; Legacy Ingredients=['Root_Cause', 'Case Number']; Operation=Percentage; Signal=No Signal; Resolved Current Fields=Source_Case_Number__c;Source_Root_Cause__c; Derived Dependencies=. || Historical recipe prior only; not current truth. Source=All_Support_Data.csv; Reporting Label=% tickets By Type - Feature Request; Legacy Feature=Feature Request; Legacy Driver Context=Final implementation matches scope sold; Legacy Ingredients=['Root_Cause', 'Case Number']; Operation=Percentage; Signal=Signal; Resolved Current Fields=Source_Case_Number__c;Source_Root_Cause__c; Derived Dependencies=. || Historical recipe prior only; not current truth. Source=All_Support_Data.csv; Reporting Label=% tickets By Type - Feature Request; Legacy Feature=Feature Request; Legacy Driver Context=Product capabilities; Legacy Ingredients=['Root_Cause', 'Case Number']; Operation=Percentage; Signal=Signal; Resolved Current Fields=Source_Case_Number__c;Source_Root_Cause__c; Derived Dependencies=.",0.8,HISTORICAL_RECIPE_PRIOR,(# of Case Numbers in the Root_Cause type - Feature Request/ total # of Case Numbers ) for each Account Id,0.65,PRODUCT_QUALITY,0.6,PRODUCT_SERVICE,salesforce:Case:Source_Case_Number__c;salesforce:Case:Source_Root_Cause__c,DIRECT_EXPERIENCE,HIST_SFDC_70798E49AADABB7CDA76
005As00000NsovwIAB,# lost opportunities (actual),True,COUNT,0.35,,,Historical feature recipe retained as candidate-generation evidence. Re-evaluate against current Driver semantics and live data before approval.,2.0-historical-prior,CONTEXT_DEPENDENT,Historical recipe prior only; not current truth. Source=All_Opportunities.csv; Reporting Label=# lost opportunities (actual); Legacy Feature=Act_Lost; Legacy Driver Context=Sales team; Legacy Ingredients=C2_STAGE; Operation=Count; Signal=No Signal; Resolved Current Fields=Source_Stage__c; Derived Dependencies=.,0.8,HISTORICAL_RECIPE_PRIOR,"# of  Opportunities Lost in ""C2_STAGE"" for each Account",0.45,PROCESS_STEPS,0.5,PROCESS,salesforce:Opportunity:Source_Stage__c,DIRECT_EXPERIENCE,HIST_SFDC_70EE7BE68D21579C518F
005As00000NsovwIAB,% active tickets,True,RATE,0.35,,,Historical feature recipe retained as candidate-generation evidence. Re-evaluate against current Driver semantics and live data before approval.,2.0-historical-prior,CONTEXT_DEPENDENT,"Historical recipe prior only; not current truth. Source=All_Support_Data.csv; Reporting Label=% active tickets; Legacy Feature=Active; Legacy Driver Context=Product performance (stability, speed); Legacy Ingredients=['State', 'Case Number']; Operation=Percentage; Signal=Signal; Resolved Current Fields=Source_Case_Number__c;Source_State__c; Derived Dependencies=.",0.8,HISTORICAL_RECIPE_PRIOR,(# of Case Numbers in the State type - Active/ total # of Case Numbers ) for each Account Id,0.75,PROCESS_STEPS,0.65,PROCESS,salesforce:Case:Source_Case_Number__c;salesforce:Case:Source_State__c,DIRECT_EXPERIENCE,HIST_SFDC_73A901FFE71DC328204F
005As00000NsovwIAB,Shipping City Cohort,True,COHORT_DIMENSION,0.9,,,Historical feature recipe retained as candidate-generation evidence. Re-evaluate against current Driver semantics and live data before approval.,2.0-historical-prior,CONTEXT_DEPENDENT,Historical recipe prior only; not current truth. Source=All_Accounts.csv; Reporting Label=Shipping City Cohort; Legacy Feature=shipcity_acc_ltr; Legacy Driver Context=Solution sold matches your needs; Legacy Ingredients=SHIPPING_CITY; Operation=Cohort; Signal=No Signal; Resolved Current Fields=ShippingCity; Derived Dependencies=.,0.8,HISTORICAL_RECIPE_PRIOR,Historical operation=Cohort; current ingredients=ShippingCity,0.45,,0.5,,salesforce:Account:ShippingCity,PROFILE,HIST_SFDC_73D430B4376142E4D4C0
005As00000NsovwIAB,% tickets for Others products,True,RATE,0.35,,,Historical feature recipe retained as candidate-generation evidence. Re-evaluate against current Driver semantics and live data before approval.,2.0-historical-prior,CONTEXT_DEPENDENT,"Historical recipe prior only; not current truth. Source=All_Support_Data.csv; Reporting Label=% tickets for Others products; Legacy Feature=Other; Legacy Driver Context=Resolution Time; Legacy Ingredients=['PL', 'Case Number']; Operation=Percentage; Signal=No Signal; Resolved Current Fields=Product_Line__c;Source_Case_Number__c; Derived Dependencies=.",0.8,HISTORICAL_RECIPE_PRIOR,(# of Case Numbers in the PL type - Other / total # of Case Numbers ) for each Account Id,0.45,PRODUCT_FUNCTIONALITY,0.5,PRODUCT_SERVICE,salesforce:Case:Product_Line__c;salesforce:Case:Source_Case_Number__c,DIRECT_EXPERIENCE,HIST_SFDC_7932242323EDFA5A371B
005As00000NsovwIAB,# non-escalated tickets,True,SUM,0.35,,,Historical feature recipe retained as candidate-generation evidence. Re-evaluate against current Driver semantics and live data before approval.,2.0-historical-prior,CONTEXT_DEPENDENT,"Historical recipe prior only; not current truth. Source=All_Support_Data.csv; Reporting Label=# non-escalated tickets; Legacy Feature=no_escal; Legacy Driver Context=Product capabilities; Legacy Ingredients=['escalations', 'Case Number']; Operation=sum; Signal=No Signal; Resolved Current Fields=IsEscalated;Source_Case_Number__c; Derived Dependencies=.",0.8,HISTORICAL_RECIPE_PRIOR,# of Case Numbers in the escalations type - no escal for each Account Id,0.45,PROCESS_ESCALATION,0.5,PROCESS,salesforce:Case:IsEscalated;salesforce:Case:Source_Case_Number__c,DIRECT_EXPERIENCE,HIST_SFDC_80248A8A7C6235CC8175
005As00000NsovwIAB,Account Owner cohort,True,COHORT_DIMENSION,0.9,,,Historical feature recipe retained as candidate-generation evidence. Re-evaluate against current Driver semantics and live data before approval.,2.0-historical-prior,CONTEXT_DEPENDENT,Historical recipe prior only; not current truth. Source=All_Accounts.csv; Reporting Label=Account Owner cohort; Legacy Feature=owner_acc_ltr; Legacy Driver Context=Solution sold matches your needs; Legacy Ingredients=OWNER_NAME; Operation=Cohort; Signal=No Signal; Resolved Current Fields=Source_Owner_Name__c; Derived Dependencies=.,0.8,HISTORICAL_RECIPE_PRIOR,Historical operation=Cohort; current ingredients=Source_Owner_Name__c,0.45,PEOPLE_OWNERSHIP,0.5,PEOPLE,salesforce:Account:Source_Owner_Name__c,PROFILE,HIST_SFDC_811355AB21CFF3645207
005As00000NsovwIAB,ttr by ticket type - Customer Environment,True,MEAN,0.35,,,Historical feature recipe retained as candidate-generation evidence. Re-evaluate against current Driver semantics and live data before approval.,2.0-historical-prior,CONTEXT_DEPENDENT,"Historical recipe prior only; not current truth. Source=All_Support_Data.csv; Reporting Label=ttr by ticket type - Customer Environment; Legacy Feature=TTRCustomer Environment; Legacy Driver Context=Resolution Time; Legacy Ingredients=['Root_Cause', 'TTR']; Operation=mean; Signal=No Signal; Resolved Current Fields=Source_Root_Cause__c;Time_to_Resolution_Days__c; Derived Dependencies=.",0.8,HISTORICAL_RECIPE_PRIOR,Average of TTR in the Root_Cause type - Customer Environment,0.45,PRODUCT_QUALITY,0.5,PRODUCT_SERVICE,salesforce:Case:Source_Root_Cause__c;salesforce:Case:Time_to_Resolution_Days__c,DIRECT_EXPERIENCE,HIST_SFDC_863AF22AB17AE025B555
005As00000NsovwIAB,Division Name Cohort,True,COHORT_DIMENSION,0.9,,,Historical feature recipe retained as candidate-generation evidence. Re-evaluate against current Driver semantics and live data before approval.,2.0-historical-prior,CONTEXT_DEPENDENT,Historical recipe prior only; not current truth. Source=All_Accounts.csv; Reporting Label=Division Name Cohort; Legacy Feature=ltr_division_name; Legacy Driver Context=Solution sold matches your needs; Legacy Ingredients=DIVISION_NAME; Operation=Cohort; Signal=No Signal; Resolved Current Fields=Division_Name__c; Derived Dependencies=.,0.8,HISTORICAL_RECIPE_PRIOR,Historical operation=Cohort; current ingredients=Division_Name__c,0.45,,0.5,,salesforce:Account:Division_Name__c,PROFILE,HIST_SFDC_868AC205604332A16BC1
005As00000NsovwIAB,ttr by ticket type - Defect,True,MEAN,0.35,,,Historical feature recipe retained as candidate-generation evidence. Re-evaluate against current Driver semantics and live data before approval.,2.0-historical-prior,CONTEXT_DEPENDENT,"Historical recipe prior only; not current truth. Source=All_Support_Data.csv; Reporting Label=ttr by ticket type - Defect; Legacy Feature=TTRDefect; Legacy Driver Context=Resolution Time; Legacy Ingredients=['Root_Cause', 'TTR']; Operation=mean; Signal=Signal; Resolved Current Fields=Source_Root_Cause__c;Time_to_Resolution_Days__c; Derived Dependencies=.",0.8,HISTORICAL_RECIPE_PRIOR,Average of TTR in the Root_Cause type - Defect,0.75,PRODUCT_QUALITY,0.65,PRODUCT_SERVICE,salesforce:Case:Source_Root_Cause__c;salesforce:Case:Time_to_Resolution_Days__c,DIRECT_EXPERIENCE,HIST_SFDC_895E417CDA623EAA15D3
005As00000NsovwIAB,% tickets By Type - Documentation,True,RATE,0.35,,,Historical feature recipe retained as candidate-generation evidence. Re-evaluate against current Driver semantics and live data before approval.,2.0-historical-prior,CONTEXT_DEPENDENT,"Historical recipe prior only; not current truth. Source=All_Support_Data.csv; Reporting Label=% tickets By Type - Documentation; Legacy Feature=Documentation; Legacy Driver Context=Effectiveness of resolution provided; Legacy Ingredients=['Root_Cause', 'Case Number']; Operation=Percentage; Signal=Signal; Resolved Current Fields=Source_Case_Number__c;Source_Root_Cause__c; Derived Dependencies=.",0.8,HISTORICAL_RECIPE_PRIOR,(# of Case Numbers in the Root_Cause type - Documentation/ total # of Case Numbers ) for each Account Id,0.75,PRODUCT_QUALITY,0.65,PRODUCT_SERVICE,salesforce:Case:Source_Case_Number__c;salesforce:Case:Source_Root_Cause__c,DIRECT_EXPERIENCE,HIST_SFDC_8970E852E8C88952FC2F
005As00000NsovwIAB,violation flag,True,EVENT_FLAG,0.35,,,Historical feature recipe retained as candidate-generation evidence. Re-evaluate against current Driver semantics and live data before approval.,2.0-historical-prior,CONTEXT_DEPENDENT,Historical recipe prior only; not current truth. Source=All_Support_Data.csv; Reporting Label=violation flag; Legacy Feature=violation_flag; Legacy Driver Context=Effectiveness of resolution provided; Legacy Ingredients=Violations; Operation=flag; Signal=Signal; Resolved Current Fields=SLA_Violation__c; Derived Dependencies=.,0.7,HISTORICAL_RECIPE_PRIOR,Flag = 1 If Violation > 0 and Flag = 0 if Violation <=0,0.75,PROCESS_COMPLIANCE,0.65,PROCESS,salesforce:Case:SLA_Violation__c,DIRECT_EXPERIENCE,HIST_SFDC_8AD0562249F72F944197
005As00000NsovwIAB,% non-escalated tickets,True,RATE,0.35,,,Historical feature recipe retained as candidate-generation evidence. Re-evaluate against current Driver semantics and live data before approval.,2.0-historical-prior,CONTEXT_DEPENDENT,"Historical recipe prior only; not current truth. Source=All_Support_Data.csv; Reporting Label=% non-escalated tickets; Legacy Feature=no_escal; Legacy Driver Context=Resolution Time; Legacy Ingredients=['escalations', 'Case Number']; Operation=Percentage; Signal=No Signal; Resolved Current Fields=IsEscalated;Source_Case_Number__c; Derived Dependencies=.",0.8,HISTORICAL_RECIPE_PRIOR,(# of Case Numbers in the escalations type - no_escal / total # of Case Numbers ) for each Account Id,0.45,PROCESS_ESCALATION,0.5,PROCESS,salesforce:Case:IsEscalated;salesforce:Case:Source_Case_Number__c,DIRECT_EXPERIENCE,HIST_SFDC_8B124EE53CBD2CAAB721
005As00000NsovwIAB,% opportunity: other type,True,RATE,0.35,,,Historical feature recipe retained as candidate-generation evidence. Re-evaluate against current Driver semantics and live data before approval.,2.0-historical-prior,CONTEXT_DEPENDENT,"Historical recipe prior only; not current truth. Source=All_Opportunities.csv; Reporting Label=% opportunity: other type; Legacy Feature=other_c2type; Legacy Driver Context=Sales team; Legacy Ingredients=[C2_TYPE,OPPORTUNITY_ID]; Operation=Percentage; Signal=No Signal; Resolved Current Fields=Source_Opportunity_ID__c;Source_Type__c; Derived Dependencies=.",0.8,HISTORICAL_RECIPE_PRIOR,"(# of Other Opportunities in ""C2_TYPE"" / # of unique OPPORTUNITY_IDs) for the account",0.45,PROCESS_STEPS,0.5,PROCESS,salesforce:Opportunity:Source_Opportunity_ID__c;salesforce:Opportunity:Source_Type__c,DIRECT_EXPERIENCE,HIST_SFDC_8BC499E74B5C23D03CC0
005As00000NsovwIAB,Ship State Cohort,True,COHORT_DIMENSION,0.9,,,Historical feature recipe retained as candidate-generation evidence. Re-evaluate against current Driver semantics and live data before approval.,2.0-historical-prior,CONTEXT_DEPENDENT,Historical recipe prior only; not current truth. Source=All_Accounts.csv; Reporting Label=Ship State Cohort; Legacy Feature=shipstate_acc_ltr; Legacy Driver Context=Solution sold matches your needs; Legacy Ingredients=SHIPPING_STATE; Operation=Cohort; Signal=No Signal; Resolved Current Fields=ShippingState; Derived Dependencies=.,0.8,HISTORICAL_RECIPE_PRIOR,Historical operation=Cohort; current ingredients=ShippingState,0.45,PROCESS_STEPS,0.5,PROCESS,salesforce:Account:ShippingState,PROFILE,HIST_SFDC_8C313B3EA23E1596F36C
005As00000NsovwIAB,# lost opportunities (forecast),True,SUM,0.35,,,Historical feature recipe retained as candidate-generation evidence. Re-evaluate against current Driver semantics and live data before approval.,2.0-historical-prior,CONTEXT_DEPENDENT,Historical recipe prior only; not current truth. Source=All_Opportunities.csv; Reporting Label=# lost opportunities (forecast); Legacy Feature=Lost; Legacy Driver Context=Solution sold matches your needs; Legacy Ingredients=FORECAST_CATEGORY; Operation=sum; Signal=No Signal; Resolved Current Fields=Source_Forecast_Category__c; Derived Dependencies=.,0.8,HISTORICAL_RECIPE_PRIOR,Sum of Opportunities lost in 'FORECAST_CATEGORY' per Account Id,0.45,TIME_PREDICTABILITY,0.5,TIME,salesforce:Opportunity:Source_Forecast_Category__c,DIRECT_EXPERIENCE,HIST_SFDC_8CB20DF5D4F4C7AB8C87
005As00000NsovwIAB,time to resolution - excessive,True,VARIABILITY,0.35,,,Historical feature recipe retained as candidate-generation evidence. Re-evaluate against current Driver semantics and live data before approval.,2.0-historical-prior,CONTEXT_DEPENDENT,"Historical recipe prior only; not current truth. Source=All_Support_Data.csv; Reporting Label=time to resolution - excessive; Legacy Feature=time to resolution - excessive; Legacy Driver Context=Resolution Time; Legacy Ingredients=time to resolution; Operation=mean, standard deviation; Signal=Signal; Resolved Current Fields=Time_to_Resolution_Days__c; Derived Dependencies=.",0.7,HISTORICAL_RECIPE_PRIOR,"If the value for an account is more than 2 std deviations higher than the mean of  'time to resolution',  it is scored a 1, else 0.",0.75,TIME_DURATION,0.65,TIME,salesforce:Case:Time_to_Resolution_Days__c,DIRECT_EXPERIENCE,HIST_SFDC_8D2FEF72DB915295747D
005As00000NsovwIAB,Cohort by Level of support,True,COHORT_DIMENSION,0.9,,,Historical feature recipe retained as candidate-generation evidence. Re-evaluate against current Driver semantics and live data before approval.,2.0-historical-prior,CONTEXT_DEPENDENT,Historical recipe prior only; not current truth. Source=All_Accounts.csv; Reporting Label=Cohort by Level of support; Legacy Feature=supp_level_ltr; Legacy Driver Context=Solution sold matches your needs; Legacy Ingredients=supp_level; Operation=Cohort; Signal=No Signal; Resolved Current Fields=Account_Support_Level__c; Derived Dependencies=.,0.8,HISTORICAL_RECIPE_PRIOR,Historical operation=Cohort; current ingredients=Account_Support_Level__c,0.45,PRODUCT_QUALITY,0.5,PRODUCT_SERVICE,salesforce:Account:Account_Support_Level__c,PROFILE,HIST_SFDC_8DD6E6090C41C6D15567
005As00000NsovwIAB,# opportunities won (actual),True,SUM,0.35,,,Historical feature recipe retained as candidate-generation evidence. Re-evaluate against current Driver semantics and live data before approval.,2.0-historical-prior,CONTEXT_DEPENDENT,Historical recipe prior only; not current truth. Source=All_Opportunities.csv; Reporting Label=# opportunities won (actual); Legacy Feature=act_won; Legacy Driver Context=Solution sold matches your needs; Legacy Ingredients=C2_STAGE; Operation=sum; Signal=No Signal; Resolved Current Fields=Source_Stage__c; Derived Dependencies=.,0.8,HISTORICAL_RECIPE_PRIOR,Sum of Opportunities won in 'C2_STAGE' per Account Id,0.45,PROCESS_STEPS,0.5,PROCESS,salesforce:Opportunity:Source_Stage__c,DIRECT_EXPERIENCE,HIST_SFDC_8E74D6412C9910DACD1A
005As00000NsovwIAB,renewal cohort,True,COHORT_DIMENSION,0.9,,,Historical feature recipe retained as candidate-generation evidence. Re-evaluate against current Driver semantics and live data before approval.,2.0-historical-prior,CONTEXT_DEPENDENT,Historical recipe prior only; not current truth. Source=All_Opportunities.csv; Reporting Label=renewal cohort; Legacy Feature=renew_cohort_ltr; Legacy Driver Context=Solution sold matches your needs; Legacy Ingredients=C2_TYPE; Operation=Cohort; Signal=No Signal; Resolved Current Fields=Source_Type__c; Derived Dependencies=.,0.8,HISTORICAL_RECIPE_PRIOR,Historical operation=Cohort; current ingredients=Source_Type__c,0.45,PROCESS_STEPS,0.5,PROCESS,salesforce:Opportunity:Source_Type__c,PROFILE,HIST_SFDC_8F97544B9B8A0B9F7638
005As00000NsovwIAB,Bill Country Cohort,True,COHORT_DIMENSION,0.9,,,Historical feature recipe retained as candidate-generation evidence. Re-evaluate against current Driver semantics and live data before approval.,2.0-historical-prior,CONTEXT_DEPENDENT,Historical recipe prior only; not current truth. Source=All_Accounts.csv; Reporting Label=Bill Country Cohort; Legacy Feature=billcntry_acc_ltr; Legacy Driver Context=Solution sold matches your needs; Legacy Ingredients=BILLING_COUNTRY; Operation=Cohort; Signal=No Signal; Resolved Current Fields=BillingCountry; Derived Dependencies=.,0.8,HISTORICAL_RECIPE_PRIOR,Historical operation=Cohort; current ingredients=BillingCountry,0.45,,0.5,,salesforce:Account:BillingCountry,PROFILE,HIST_SFDC_909353E84BE4AE9A3323
005As00000NsovwIAB,level 2 paying ttr,True,MEAN,0.35,,,Historical feature recipe retained as candidate-generation evidence. Re-evaluate against current Driver semantics and live data before approval.,2.0-historical-prior,CONTEXT_DEPENDENT,"Historical recipe prior only; not current truth. Source=All_Support_Data.csv; Reporting Label=level 2 paying ttr; Legacy Feature=TTRLevel 2 Paying; Legacy Driver Context=Resolution Time; Legacy Ingredients=['Support Level', 'TTR']; Operation=mean; Signal=Signal; Resolved Current Fields=Source_Support_Level__c;Time_to_Resolution_Days__c; Derived Dependencies=.",0.8,HISTORICAL_RECIPE_PRIOR,Average of TTR in the Support Level type - Level 2 Paying,0.75,PRODUCT_QUALITY,0.65,PRODUCT_SERVICE,salesforce:Case:Source_Support_Level__c;salesforce:Case:Time_to_Resolution_Days__c,DIRECT_EXPERIENCE,HIST_SFDC_91005B6631DDA505FF84
005As00000NsovwIAB,CS Experience cohort,True,COHORT_DIMENSION,0.9,,,Historical feature recipe retained as candidate-generation evidence. Re-evaluate against current Driver semantics and live data before approval.,2.0-historical-prior,CONTEXT_DEPENDENT,Historical recipe prior only; not current truth. Source=All_Accounts.csv; Reporting Label=CS Experience cohort; Legacy Feature=ltr_cs_experience; Legacy Driver Context=Solution sold matches your needs; Legacy Ingredients=CS_EXPERIENCE; Operation=Cohort; Signal=No Signal; Resolved Current Fields=CS_Experience__c; Derived Dependencies=.,0.8,HISTORICAL_RECIPE_PRIOR,Historical operation=Cohort; current ingredients=CS_Experience__c,0.45,,0.5,,salesforce:Account:CS_Experience__c,PROFILE,HIST_SFDC_9167C35C71E5F3A046BE
005As00000NsovwIAB,level 1 paying ttr,True,MEAN,0.35,,,Historical feature recipe retained as candidate-generation evidence. Re-evaluate against current Driver semantics and live data before approval.,2.0-historical-prior,CONTEXT_DEPENDENT,"Historical recipe prior only; not current truth. Source=All_Support_Data.csv; Reporting Label=level 1 paying ttr; Legacy Feature=TTRLevel 1 Paying; Legacy Driver Context=Resolution Time; Legacy Ingredients=['Support Level', 'TTR']; Operation=mean; Signal=Signal; Resolved Current Fields=Source_Support_Level__c;Time_to_Resolution_Days__c; Derived Dependencies=.",0.8,HISTORICAL_RECIPE_PRIOR,Average of TTR in the Support Level type - Level 1 Paying,0.75,PRODUCT_QUALITY,0.65,PRODUCT_SERVICE,salesforce:Case:Source_Support_Level__c;salesforce:Case:Time_to_Resolution_Days__c,DIRECT_EXPERIENCE,HIST_SFDC_91B42E34620B27A93D4C
005As00000NsovwIAB,Total time for resolution for all tickets,True,SUM,0.35,,,Historical feature recipe retained as candidate-generation evidence. Re-evaluate against current Driver semantics and live data before approval.,2.0-historical-prior,CONTEXT_DEPENDENT,Historical recipe prior only; not current truth. Source=All_Support_Data.csv; Reporting Label=Total time for resolution for all tickets; Legacy Feature=TTR_sum; Legacy Driver Context=Resolution Time; Legacy Ingredients=TTR; Operation=sum; Signal=No Signal; Resolved Current Fields=Time_to_Resolution_Days__c; Derived Dependencies=.,0.8,HISTORICAL_RECIPE_PRIOR,Sum of TTR for each Account Id,0.45,TIME_DURATION,0.5,TIME,salesforce:Case:Time_to_Resolution_Days__c,DIRECT_EXPERIENCE,HIST_SFDC_91E6B3B6BD2A2FA07665
005As00000NsovwIAB,# days to resolve tickets,True,RATIO,0.35,,,Historical feature recipe retained as candidate-generation evidence. Re-evaluate against current Driver semantics and live data before approval.,2.0-historical-prior,CONTEXT_DEPENDENT,"Historical recipe prior only; not current truth. Source=All_Support_Data.csv; Reporting Label=# days to resolve tickets; Legacy Feature=avg_resolve_Days; Legacy Driver Context=Effectiveness of resolution provided; Legacy Ingredients=('TTR', 'Resolved'); Operation=Division; Signal=No Signal; Resolved Current Fields=Source_Case_Number__c;Source_State__c;Time_to_Resolution_Days__c; Derived Dependencies=HIST_SFDC_30C8971002E4BF7457F2.",0.8,HISTORICAL_RECIPE_PRIOR,(Total Sum of TTR for each account) / (Number of cases resolved) for each Account,0.45,PROCESS_STEPS,0.5,PROCESS,salesforce:Case:Source_Case_Number__c;salesforce:Case:Source_State__c;salesforce:Case:Time_to_Resolution_Days__c,DIRECT_EXPERIENCE,HIST_SFDC_92917BF328813F562BE0
005As00000NsovwIAB,annual recurring revenue,True,MEAN,0.35,,,Historical feature recipe retained as candidate-generation evidence. Re-evaluate against current Driver semantics and live data before approval.,2.0-historical-prior,CONTEXT_DEPENDENT,Historical recipe prior only; not current truth. Source=All_Opportunities.csv; Reporting Label=annual recurring revenue; Legacy Feature=acc_avg_arr; Legacy Driver Context=Sales team; Legacy Ingredients=ARR; Operation=mean; Signal=No Signal; Resolved Current Fields=ARR__c; Derived Dependencies=.,0.8,HISTORICAL_RECIPE_PRIOR,Average of 'ARR' per Account Id,0.45,VALUE_COMMERCIAL_GROWTH,0.5,VALUE,salesforce:Opportunity:ARR__c,DIRECT_EXPERIENCE,HIST_SFDC_9457CF283176AF720E52
005As00000NsovwIAB,# support tickets,True,BREADTH,0.35,,,Historical feature recipe retained as candidate-generation evidence. Re-evaluate against current Driver semantics and live data before approval.,2.0-historical-prior,CONTEXT_DEPENDENT,Historical recipe prior only; not current truth. Source=All_Support_Data.csv; Reporting Label=# support tickets; Legacy Feature=total_cases; Legacy Driver Context=Ease of use; Legacy Ingredients=Case Number; Operation=nunique; Signal=Signal; Resolved Current Fields=Source_Case_Number__c; Derived Dependencies=. || Historical recipe prior only; not current truth. Source=All_Support_Data.csv; Reporting Label=# support tickets; Legacy Feature=total_cases; Legacy Driver Context=Effectiveness of resolution provided; Legacy Ingredients=Case Number; Operation=nunique; Signal=Signal; Resolved Current Fields=Source_Case_Number__c; Derived Dependencies=.,0.7,HISTORICAL_RECIPE_PRIOR,Total number of Case Number for each Account Id,0.75,,0.65,,salesforce:Case:Source_Case_Number__c,DIRECT_EXPERIENCE,HIST_SFDC_95E24F1337EF045B406B
005As00000NsovwIAB,account acv,True,MEAN,0.35,,,Historical feature recipe retained as candidate-generation evidence. Re-evaluate against current Driver semantics and live data before approval.,2.0-historical-prior,CONTEXT_DEPENDENT,Historical recipe prior only; not current truth. Source=All_Opportunities.csv; Reporting Label=account acv; Legacy Feature=acc_avg_acv; Legacy Driver Context=Sales team; Legacy Ingredients=AVERAGE_ACV; Operation=mean; Signal=No Signal; Resolved Current Fields=Source_Average_ACV__c; Derived Dependencies=.,0.8,HISTORICAL_RECIPE_PRIOR,Average of 'ACV' per Account Id,0.45,VALUE_COMMERCIAL_GROWTH,0.5,VALUE,salesforce:Opportunity:Source_Average_ACV__c,DIRECT_EXPERIENCE,HIST_SFDC_96EAB979E4CF62D81139
005As00000NsovwIAB,Account Tenure,True,DIRECT,0.35,,,Historical feature recipe retained as candidate-generation evidence. Re-evaluate against current Driver semantics and live data before approval.,2.0-historical-prior,CONTEXT_DEPENDENT,Historical recipe prior only; not current truth. Source=All_Accounts.csv; Reporting Label=Account Tenure; Legacy Feature=Acc_Tenure; Legacy Driver Context=Solution sold matches your needs; Legacy Ingredients=CUSTOMER_SINCE_DATE; Operation=Direct from the dataset; Signal=Signal; Resolved Current Fields=Customer_Since_Date__c; Derived Dependencies=.,0.8,HISTORICAL_RECIPE_PRIOR,Day difference between Current date and CUSTOMER_SINCE_DATE,0.75,PEOPLE_RELATIONSHIP_COVERAGE,0.65,PEOPLE,salesforce:Account:Customer_Since_Date__c,DIRECT_EXPERIENCE,HIST_SFDC_97388D08C75C2E9F42C3
005As00000NsovwIAB,DnB Business Indicator Cohort,True,COHORT_DIMENSION,0.9,,,Historical feature recipe retained as candidate-generation evidence. Re-evaluate against current Driver semantics and live data before approval.,2.0-historical-prior,CONTEXT_DEPENDENT,Historical recipe prior only; not current truth. Source=All_Accounts.csv; Reporting Label=DnB Business Indicator Cohort; Legacy Feature=dnb_busind_acc_ltr; Legacy Driver Context=Solution sold matches your needs; Legacy Ingredients=DNB_OUTOFBUSINESSINDICATOR; Operation=Cohort; Signal=No Signal; Resolved Current Fields=DNB_Out_Of_Business_Status__c; Derived Dependencies=.,0.8,HISTORICAL_RECIPE_PRIOR,Historical operation=Cohort; current ingredients=DNB_Out_Of_Business_Status__c,0.45,PROCESS_STEPS,0.5,PROCESS,salesforce:Account:DNB_Out_Of_Business_Status__c,PROFILE,HIST_SFDC_9969FBBCDDB04857D072
005As00000NsovwIAB,% won opportunities (forecast),True,RATE,0.35,,,Historical feature recipe retained as candidate-generation evidence. Re-evaluate against current Driver semantics and live data before approval.,2.0-historical-prior,CONTEXT_DEPENDENT,"Historical recipe prior only; not current truth. Source=All_Opportunities.csv; Reporting Label=% won opportunities (forecast); Legacy Feature=won; Legacy Driver Context=Solution sold matches your needs; Legacy Ingredients=[FORECAST_CATEGORY ,OPPORTUNITY_ID]; Operation=Percentage; Signal=No Signal; Resolved Current Fields=Source_Forecast_Category__c;Source_Opportunity_ID__c; Derived Dependencies=.",0.8,HISTORICAL_RECIPE_PRIOR,"(# of Opportunities Won in ""FORECAST_CATEGORY""/# of unique OPPORTUNITY_IDs) for each Account",0.45,TIME_PREDICTABILITY,0.5,TIME,salesforce:Opportunity:Source_Forecast_Category__c;salesforce:Opportunity:Source_Opportunity_ID__c,DIRECT_EXPERIENCE,HIST_SFDC_998F28B182E33491CCEB
005As00000NsovwIAB,free support ttr,True,MEAN,0.35,,,Historical feature recipe retained as candidate-generation evidence. Re-evaluate against current Driver semantics and live data before approval.,2.0-historical-prior,CONTEXT_DEPENDENT,"Historical recipe prior only; not current truth. Source=All_Support_Data.csv; Reporting Label=free support ttr; Legacy Feature=TTRFree; Legacy Driver Context=Resolution Time; Legacy Ingredients=['Support Level', 'TTR']; Operation=mean; Signal=Signal; Resolved Current Fields=Source_Support_Level__c;Time_to_Resolution_Days__c; Derived Dependencies=.",0.8,HISTORICAL_RECIPE_PRIOR,Average of TTR in the Support Level type - Free,0.75,PRODUCT_QUALITY,0.65,PRODUCT_SERVICE,salesforce:Case:Source_Support_Level__c;salesforce:Case:Time_to_Resolution_Days__c,DIRECT_EXPERIENCE,HIST_SFDC_9D3A8B43E04811E61F61
005As00000NsovwIAB,# opportunity: other type,True,RATE,0.35,,,Historical feature recipe retained as candidate-generation evidence. Re-evaluate against current Driver semantics and live data before approval.,2.0-historical-prior,CONTEXT_DEPENDENT,"Historical recipe prior only; not current truth. Source=All_Opportunities.csv; Reporting Label=# opportunity: other type; Legacy Feature=other_c2type; Legacy Driver Context=Sales team; Legacy Ingredients=[C2_TYPE,OPPORTUNITY_ID]; Operation=Percentage; Signal=No Signal; Resolved Current Fields=Source_Opportunity_ID__c;Source_Type__c; Derived Dependencies=.",0.8,HISTORICAL_RECIPE_PRIOR,"# of Other Opportunities in ""C2_TYPE"" for the account",0.45,PROCESS_STEPS,0.5,PROCESS,salesforce:Opportunity:Source_Opportunity_ID__c;salesforce:Opportunity:Source_Type__c,DIRECT_EXPERIENCE,HIST_SFDC_9DB21C974B3A1FE23ED5
005As00000NsovwIAB,bug bin cohort,True,COHORT_DIMENSION,0.9,,,Historical feature recipe retained as candidate-generation evidence. Re-evaluate against current Driver semantics and live data before approval.,2.0-historical-prior,CONTEXT_DEPENDENT,Historical recipe prior only; not current truth. Source=All_Support_Data.csv; Reporting Label=bug bin cohort; Legacy Feature=bug_bin_ltr; Legacy Driver Context=Effectiveness of resolution provided; Legacy Ingredients=Bug; Operation=Cohort; Signal=No Signal; Resolved Current Fields=Source_Bug__c; Derived Dependencies=.,0.8,HISTORICAL_RECIPE_PRIOR,Historical operation=Cohort; current ingredients=Source_Bug__c,0.45,PRODUCT_DEFECTS,0.5,PRODUCT_SERVICE,salesforce:Case:Source_Bug__c,PROFILE,HIST_SFDC_9FE72918F9F27DFD0BAA
005As00000NsovwIAB,"# how to tickets -bin(40,50)",True,BAND,0.35,,,Historical feature recipe retained as candidate-generation evidence. Re-evaluate against current Driver semantics and live data before approval.,2.0-historical-prior,CONTEXT_DEPENDENT,"Historical recipe prior only; not current truth. Source=All_Support_Data.csv; Reporting Label=# how to tickets -bin(40,50); Legacy Feature=questbybins_40_50; Legacy Driver Context=Resolution Time; Legacy Ingredients=['TTR','Root Cause','Case Number']; Operation=Bin; Signal=No Signal; Resolved Current Fields=Source_Case_Number__c;Source_Root_Cause__c;Time_to_Resolution_Days__c; Derived Dependencies=.",0.8,HISTORICAL_RECIPE_PRIOR,"Number of cases for Root Cause = 'Customer-Driven Knowledge' in TTR bin [40,50]",0.45,PRODUCT_QUALITY,0.5,PRODUCT_SERVICE,salesforce:Case:Source_Case_Number__c;salesforce:Case:Source_Root_Cause__c;salesforce:Case:Time_to_Resolution_Days__c,DIRECT_EXPERIENCE,HIST_SFDC_A0A29FBF92A824ECD60E
005As00000NsovwIAB,# super users,True,DIRECT,0.35,,,Historical feature recipe retained as candidate-generation evidence. Re-evaluate against current Driver semantics and live data before approval.,2.0-historical-prior,CONTEXT_DEPENDENT,Historical recipe prior only; not current truth. Source=All_Accounts.csv; Reporting Label=# super users; Legacy Feature=num_superuser; Legacy Driver Context=Community; Legacy Ingredients=SUPER_USERS; Operation=Direct from the dataset; Signal=Signal; Resolved Current Fields=Super_Users__c; Derived Dependencies=.,0.8,HISTORICAL_RECIPE_PRIOR,Number of Super Users For each Account ID,0.75,PRODUCT_ADOPTION,0.65,PRODUCT_SERVICE,salesforce:Account:Super_Users__c,DIRECT_EXPERIENCE,HIST_SFDC_A2B318D7B7930F5D3429
005As00000NsovwIAB,opportunity conversion probablity min,True,MIN,0.35,,,Historical feature recipe retained as candidate-generation evidence. Re-evaluate against current Driver semantics and live data before approval.,2.0-historical-prior,CONTEXT_DEPENDENT,Historical recipe prior only; not current truth. Source=All_Opportunities.csv; Reporting Label=opportunity conversion probablity min; Legacy Feature=prob_min; Legacy Driver Context=Solution sold matches your needs; Legacy Ingredients=PROBABILITY; Operation=min; Signal=No Signal; Resolved Current Fields=Source_Probability__c; Derived Dependencies=.,0.7,HISTORICAL_RECIPE_PRIOR,Minimum of 'PROBABILITY' per Account Id,0.45,VALUE_RENEWAL,0.5,VALUE,salesforce:Opportunity:Source_Probability__c,DIRECT_EXPERIENCE,HIST_SFDC_A45D0A6ADA0CD6BE5B78
005As00000NsovwIAB,"# how to tickets -bin(0,10)",True,BAND,0.35,,,Historical feature recipe retained as candidate-generation evidence. Re-evaluate against current Driver semantics and live data before approval.,2.0-historical-prior,CONTEXT_DEPENDENT,"Historical recipe prior only; not current truth. Source=All_Support_Data.csv; Reporting Label=# how to tickets -bin(0,10); Legacy Feature=questbybins_0_10; Legacy Driver Context=Resolution Time; Legacy Ingredients=['TTR','Root Cause','Case Number']; Operation=Bin; Signal=No Signal; Resolved Current Fields=Source_Case_Number__c;Source_Root_Cause__c;Time_to_Resolution_Days__c; Derived Dependencies=.",0.8,HISTORICAL_RECIPE_PRIOR,"Number of cases for Root Cause = 'Customer-Driven Knowledge' in TTR bin [0,10]",0.45,PRODUCT_QUALITY,0.5,PRODUCT_SERVICE,salesforce:Case:Source_Case_Number__c;salesforce:Case:Source_Root_Cause__c;salesforce:Case:Time_to_Resolution_Days__c,DIRECT_EXPERIENCE,HIST_SFDC_A485B3D9A18E1207EFE6
005As00000NsovwIAB,duration of opportunity,True,MEAN,0.35,,,Historical feature recipe retained as candidate-generation evidence. Re-evaluate against current Driver semantics and live data before approval.,2.0-historical-prior,CONTEXT_DEPENDENT,Historical recipe prior only; not current truth. Source=All_Opportunities.csv; Reporting Label=duration of opportunity; Legacy Feature=avg_aging_opp; Legacy Driver Context=Sales team; Legacy Ingredients=AGE_DAYS; Operation=mean; Signal=Signal; Resolved Current Fields=Source_Age_Days__c; Derived Dependencies=.,0.8,HISTORICAL_RECIPE_PRIOR,Average of 'AGE_DAYS' per Account Id,0.75,TIME_DURATION,0.65,TIME,salesforce:Opportunity:Source_Age_Days__c,DIRECT_EXPERIENCE,HIST_SFDC_A49C076F487CDC7A99AC
005As00000NsovwIAB,CSM Sentiment,True,ENCODING,0.35,,,Historical feature recipe retained as candidate-generation evidence. Re-evaluate against current Driver semantics and live data before approval.,2.0-historical-prior,CONTEXT_DEPENDENT,Historical recipe prior only; not current truth. Source=All_Opportunities.csv; Reporting Label=CSM Sentiment; Legacy Feature=csm_sentiment; Legacy Driver Context=Contracting process; Legacy Ingredients=CSM_SENTIMENT; Operation=Categorical to Numerical; Signal=Signal; Resolved Current Fields=Source_CSM_Sentiment__c; Derived Dependencies=.,0.7,HISTORICAL_RECIPE_PRIOR,Colour code for CSM sentiment,0.75,,0.65,,salesforce:Opportunity:Source_CSM_Sentiment__c,DIRECT_EXPERIENCE,HIST_SFDC_A6E095167F17B089DB07
005As00000NsovwIAB,minor ticket bin cohort,True,COHORT_DIMENSION,0.9,,,Historical feature recipe retained as candidate-generation evidence. Re-evaluate against current Driver semantics and live data before approval.,2.0-historical-prior,CONTEXT_DEPENDENT,Historical recipe prior only; not current truth. Source=All_Support_Data.csv; Reporting Label=minor ticket bin cohort; Legacy Feature=minor_bin_ltr; Legacy Driver Context=Effectiveness of resolution provided; Legacy Ingredients=Minor (P3); Operation=Cohort; Signal=No Signal; Resolved Current Fields=Source_Case_Number__c;Source_Severity__c; Derived Dependencies=HIST_SFDC_3ADF6431106D7F77900D.,0.8,HISTORICAL_RECIPE_PRIOR,Historical operation=Cohort; current ingredients=Source_Case_Number__c;Source_Severity__c,0.45,PRODUCT_QUALITY,0.5,PRODUCT_SERVICE,salesforce:Case:Source_Case_Number__c;salesforce:Case:Source_Severity__c,PROFILE,HIST_SFDC_A7E850FC18ADF4CDDBF7
005As00000NsovwIAB,Currency Cohort,True,COHORT_DIMENSION,0.9,,,Historical feature recipe retained as candidate-generation evidence. Re-evaluate against current Driver semantics and live data before approval.,2.0-historical-prior,CONTEXT_DEPENDENT,Historical recipe prior only; not current truth. Source=All_Accounts.csv; Reporting Label=Currency Cohort; Legacy Feature=currency_acc_ltr; Legacy Driver Context=Solution sold matches your needs; Legacy Ingredients=CURRENCY; Operation=Cohort; Signal=No Signal; Resolved Current Fields=Source_Currency__c; Derived Dependencies=.,0.8,HISTORICAL_RECIPE_PRIOR,Historical operation=Cohort; current ingredients=Source_Currency__c,0.45,,0.5,,salesforce:Account:Source_Currency__c,PROFILE,HIST_SFDC_A82D77F54B430EE092B8
005As00000NsovwIAB,min aging-opportunity,True,MIN,0.35,,,Historical feature recipe retained as candidate-generation evidence. Re-evaluate against current Driver semantics and live data before approval.,2.0-historical-prior,CONTEXT_DEPENDENT,Historical recipe prior only; not current truth. Source=All_Opportunities.csv; Reporting Label=min aging-opportunity; Legacy Feature=aging_min; Legacy Driver Context=Solution sold matches your needs; Legacy Ingredients=AGE_DAYS; Operation=min; Signal=No Signal; Resolved Current Fields=Source_Age_Days__c; Derived Dependencies=.,0.7,HISTORICAL_RECIPE_PRIOR,Minimum of 'AGE_DAYS' per Account Id,0.45,TIME_DURATION,0.5,TIME,salesforce:Opportunity:Source_Age_Days__c,DIRECT_EXPERIENCE,HIST_SFDC_A8ECCD39B61F1BF204AE
005As00000NsovwIAB,Bill State Cohort,True,COHORT_DIMENSION,0.9,,,Historical feature recipe retained as candidate-generation evidence. Re-evaluate against current Driver semantics and live data before approval.,2.0-historical-prior,CONTEXT_DEPENDENT,Historical recipe prior only; not current truth. Source=All_Accounts.csv; Reporting Label=Bill State Cohort; Legacy Feature=billstate_acc_ltr; Legacy Driver Context=Solution sold matches your needs; Legacy Ingredients=BILLING_STATE; Operation=Cohort; Signal=No Signal; Resolved Current Fields=BillingState; Derived Dependencies=.,0.8,HISTORICAL_RECIPE_PRIOR,Historical operation=Cohort; current ingredients=BillingState,0.45,PROCESS_STEPS,0.5,PROCESS,salesforce:Account:BillingState,PROFILE,HIST_SFDC_AA3657ADB72D24754634
005As00000NsovwIAB,% opportunities - Partner led,True,RATE,0.35,,,Historical feature recipe retained as candidate-generation evidence. Re-evaluate against current Driver semantics and live data before approval.,2.0-historical-prior,CONTEXT_DEPENDENT,"Historical recipe prior only; not current truth. Source=All_Opportunities.csv; Reporting Label=% opportunities - Partner led; Legacy Feature=perc_opp_partner led; Legacy Driver Context=Sales team; Legacy Ingredients=['OPPORTUNITY_ID','ENGAGEMENT_TYPE']; Operation=Percentage; Signal=Signal; Resolved Current Fields=Source_Engagement_Type__c;Source_Opportunity_ID__c; Derived Dependencies=.",0.8,HISTORICAL_RECIPE_PRIOR,(# of unique OPPORTUNITY_IDs for the Engagement Type -Partner Led / # of total unique OPPORTUNITY_IDs) per Account Id,0.75,PEOPLE_ENGAGEMENT,0.65,PEOPLE,salesforce:Opportunity:Source_Engagement_Type__c;salesforce:Opportunity:Source_Opportunity_ID__c,DIRECT_EXPERIENCE,HIST_SFDC_AA7DD594F953C8BE8A9B
005As00000NsovwIAB,support subscription,True,EVENT_FLAG,0.35,,,Historical feature recipe retained as candidate-generation evidence. Re-evaluate against current Driver semantics and live data before approval.,2.0-historical-prior,CONTEXT_DEPENDENT,"Historical recipe prior only; not current truth. Source=All_Support_Data.csv; Reporting Label=support subscription; Legacy Feature=paid_support; Legacy Driver Context=Effectiveness of resolution provided; Legacy Ingredients=('Level 1 Paying', 'Level 2 Paying'); Operation=flag; Signal=Signal; Resolved Current Fields=Source_Case_Number__c;Source_Support_Level__c; Derived Dependencies=HIST_SFDC_101FDD248A0182D367A2;HIST_SFDC_F2E89D40361130D580DB.",0.7,HISTORICAL_RECIPE_PRIOR,flag = 0 where (# tickets under Level 1 Paying+ # tickets under Level 2 Paying)=0 and flag =1 where (l# tickets under Level 1 Paying + # tickets under Level 2 Paying) > 0,0.75,PRODUCT_QUALITY,0.65,PRODUCT_SERVICE,salesforce:Case:Source_Case_Number__c;salesforce:Case:Source_Support_Level__c,DIRECT_EXPERIENCE,HIST_SFDC_B07E831EAD4A8E9896C1
005As00000NsovwIAB,opportunity conversion probablity max,True,MAX,0.35,,,Historical feature recipe retained as candidate-generation evidence. Re-evaluate against current Driver semantics and live data before approval.,2.0-historical-prior,CONTEXT_DEPENDENT,Historical recipe prior only; not current truth. Source=All_Opportunities.csv; Reporting Label=opportunity conversion probablity max; Legacy Feature=prob_max; Legacy Driver Context=Solution sold matches your needs; Legacy Ingredients=PROBABILITY; Operation=max; Signal=No Signal; Resolved Current Fields=Source_Probability__c; Derived Dependencies=.,0.7,HISTORICAL_RECIPE_PRIOR,Maximum of 'PROBABILITY' per Account Id,0.45,VALUE_RENEWAL,0.5,VALUE,salesforce:Opportunity:Source_Probability__c,DIRECT_EXPERIENCE,HIST_SFDC_B1A042C9FD9A029EC108
005As00000NsovwIAB,ttr QuoteFlow,True,MEAN,0.35,,,Historical feature recipe retained as candidate-generation evidence. Re-evaluate against current Driver semantics and live data before approval.,2.0-historical-prior,CONTEXT_DEPENDENT,"Historical recipe prior only; not current truth. Source=All_Support_Data.csv; Reporting Label=ttr QuoteFlow; Legacy Feature=TTRCPQ; Legacy Driver Context=Resolution Time; Legacy Ingredients=['PL', 'TTR']; Operation=mean; Signal=Signal; Resolved Current Fields=Product_Line__c;Time_to_Resolution_Days__c; Derived Dependencies=.",0.8,HISTORICAL_RECIPE_PRIOR,Average of TTR in the PL type - QuoteFlow,0.75,PRODUCT_FUNCTIONALITY,0.65,PRODUCT_SERVICE,salesforce:Case:Product_Line__c;salesforce:Case:Time_to_Resolution_Days__c,DIRECT_EXPERIENCE,HIST_SFDC_B25419011F6FD058F578
005As00000NsovwIAB,% opportunities - Customer Led,True,RATE,0.35,,,Historical feature recipe retained as candidate-generation evidence. Re-evaluate against current Driver semantics and live data before approval.,2.0-historical-prior,CONTEXT_DEPENDENT,"Historical recipe prior only; not current truth. Source=All_Opportunities.csv; Reporting Label=% opportunities - Customer Led; Legacy Feature=perc_opp_customer_led; Legacy Driver Context=Sales team; Legacy Ingredients=['OPPORTUNITY_ID','ENGAGEMENT_TYPE']; Operation=Percentage; Signal=Signal; Resolved Current Fields=Source_Engagement_Type__c;Source_Opportunity_ID__c; Derived Dependencies=.",0.8,HISTORICAL_RECIPE_PRIOR,(# of unique OPPORTUNITY_IDs for the Engagement Type -Partner Led  / # of unique OPPORTUNITY_IDs) per Account Id,0.75,PEOPLE_ENGAGEMENT,0.65,PEOPLE,salesforce:Opportunity:Source_Engagement_Type__c;salesforce:Opportunity:Source_Opportunity_ID__c,DIRECT_EXPERIENCE,HIST_SFDC_B36A7D486C0A7142A9D8
005As00000NsovwIAB,ttr other,True,MEAN,0.35,,,Historical feature recipe retained as candidate-generation evidence. Re-evaluate against current Driver semantics and live data before approval.,2.0-historical-prior,CONTEXT_DEPENDENT,"Historical recipe prior only; not current truth. Source=All_Support_Data.csv; Reporting Label=ttr other; Legacy Feature=TTROther; Legacy Driver Context=Resolution Time; Legacy Ingredients=['PL', 'TTR']; Operation=mean; Signal=No Signal; Resolved Current Fields=Product_Line__c;Time_to_Resolution_Days__c; Derived Dependencies=.",0.8,HISTORICAL_RECIPE_PRIOR,Average of TTR in the PL type - Other,0.45,PRODUCT_FUNCTIONALITY,0.5,PRODUCT_SERVICE,salesforce:Case:Product_Line__c;salesforce:Case:Time_to_Resolution_Days__c,DIRECT_EXPERIENCE,HIST_SFDC_B3C391A8060E4D8CB37D
005As00000NsovwIAB,Ship Country Cohort,True,COHORT_DIMENSION,0.9,,,Historical feature recipe retained as candidate-generation evidence. Re-evaluate against current Driver semantics and live data before approval.,2.0-historical-prior,CONTEXT_DEPENDENT,Historical recipe prior only; not current truth. Source=All_Accounts.csv; Reporting Label=Ship Country Cohort; Legacy Feature=shipcntry_acc_ltr; Legacy Driver Context=Solution sold matches your needs; Legacy Ingredients=SHIPPING_COUNTRY; Operation=Cohort; Signal=No Signal; Resolved Current Fields=ShippingCountry; Derived Dependencies=.,0.8,HISTORICAL_RECIPE_PRIOR,Historical operation=Cohort; current ingredients=ShippingCountry,0.45,,0.5,,salesforce:Account:ShippingCountry,PROFILE,HIST_SFDC_B3E95EB576462984D41B
005As00000NsovwIAB,Support Satsifaction,True,MEAN,0.35,,,Historical feature recipe retained as candidate-generation evidence. Re-evaluate against current Driver semantics and live data before approval.,2.0-historical-prior,CONTEXT_DEPENDENT,Historical recipe prior only; not current truth. Source=All_Support_Data.csv; Reporting Label=Support Satsifaction; Legacy Feature=Overall Satisfaction; Legacy Driver Context=Effectiveness of resolution provided; Legacy Ingredients=Overall Case Satisfaction; Operation=mean; Signal=No Signal; Resolved Current Fields=Source_Overall_Case_Satisfaction__c; Derived Dependencies=.,0.8,HISTORICAL_RECIPE_PRIOR,Average of Overall Case Satisfaction for each Account Id,0.45,,0.5,,salesforce:Case:Source_Overall_Case_Satisfaction__c,DIRECT_EXPERIENCE,HIST_SFDC_B5D1902456CF6DA2DB2D
005As00000NsovwIAB,% opportunities - Bongo Led,True,RATE,0.35,,,Historical feature recipe retained as candidate-generation evidence. Re-evaluate against current Driver semantics and live data before approval.,2.0-historical-prior,CONTEXT_DEPENDENT,"Historical recipe prior only; not current truth. Source=All_Opportunities.csv; Reporting Label=% opportunities - Bongo Led; Legacy Feature=perc_opp_conga_led; Legacy Driver Context=Sales team; Legacy Ingredients=['OPPORTUNITY_ID','ENGAGEMENT_TYPE']; Operation=Percentage; Signal=Signal; Resolved Current Fields=Source_Engagement_Type__c;Source_Opportunity_ID__c; Derived Dependencies=.",0.8,HISTORICAL_RECIPE_PRIOR,(# of unique OPPORTUNITY_IDs for the Engagement Type -Bongo Led / # of total unique OPPORTUNITY_IDs) per Account Id,0.75,PEOPLE_ENGAGEMENT,0.65,PEOPLE,salesforce:Opportunity:Source_Engagement_Type__c;salesforce:Opportunity:Source_Opportunity_ID__c,DIRECT_EXPERIENCE,HIST_SFDC_B5D6BE6BA08A7B5CA730
005As00000NsovwIAB,"# tickets -bin(80,90)",True,BAND,0.35,,,Historical feature recipe retained as candidate-generation evidence. Re-evaluate against current Driver semantics and live data before approval.,2.0-historical-prior,CONTEXT_DEPENDENT,"Historical recipe prior only; not current truth. Source=All_Support_Data.csv; Reporting Label=# tickets -bin(80,90); Legacy Feature=casesbybins_80_90; Legacy Driver Context=Resolution Time; Legacy Ingredients=['TTR','Case Number']; Operation=Bin; Signal=No Signal; Resolved Current Fields=Source_Case_Number__c;Time_to_Resolution_Days__c; Derived Dependencies=.",0.8,HISTORICAL_RECIPE_PRIOR,"Number of cases in TTR bin [80,90]",0.45,TIME_DURATION,0.5,TIME,salesforce:Case:Source_Case_Number__c;salesforce:Case:Time_to_Resolution_Days__c,DIRECT_EXPERIENCE,HIST_SFDC_B678759ADD7F7D479D5A
005As00000NsovwIAB,ticket status cohort,True,COHORT_DIMENSION,0.9,,,Historical feature recipe retained as candidate-generation evidence. Re-evaluate against current Driver semantics and live data before approval.,2.0-historical-prior,CONTEXT_DEPENDENT,Historical recipe prior only; not current truth. Source=All_Support_Data.csv; Reporting Label=ticket status cohort; Legacy Feature=ltr_status; Legacy Driver Context=Effectiveness of resolution provided; Legacy Ingredients=Status; Operation=Cohort; Signal=No Signal; Resolved Current Fields=Source_Status__c; Derived Dependencies=.,0.8,HISTORICAL_RECIPE_PRIOR,Historical operation=Cohort; current ingredients=Source_Status__c,0.45,PROCESS_STEPS,0.5,PROCESS,salesforce:Case:Source_Status__c,PROFILE,HIST_SFDC_B695B5D57D295A171064
005As00000NsovwIAB,% opportunity: New,True,RATE,0.35,,,Historical feature recipe retained as candidate-generation evidence. Re-evaluate against current Driver semantics and live data before approval.,2.0-historical-prior,CONTEXT_DEPENDENT,"Historical recipe prior only; not current truth. Source=All_Opportunities.csv; Reporting Label=% opportunity: New; Legacy Feature=New Business; Legacy Driver Context=Sales team; Legacy Ingredients=[C2_TYPE,OPPORTUNITY_ID]; Operation=Percentage; Signal=Signal; Resolved Current Fields=Source_Opportunity_ID__c;Source_Type__c; Derived Dependencies=.",0.8,HISTORICAL_RECIPE_PRIOR,"(# of New Business Opportunities in ""C2_TYPE""/ # of unique OPPORTUNITY_IDs)  for the account",0.75,PROCESS_STEPS,0.65,PROCESS,salesforce:Opportunity:Source_Opportunity_ID__c;salesforce:Opportunity:Source_Type__c,DIRECT_EXPERIENCE,HIST_SFDC_B71D960111ECFDB033E5
005As00000NsovwIAB,% opportunity: renew,True,RATE,0.35,,,Historical feature recipe retained as candidate-generation evidence. Re-evaluate against current Driver semantics and live data before approval.,2.0-historical-prior,CONTEXT_DEPENDENT,"Historical recipe prior only; not current truth. Source=All_Opportunities.csv; Reporting Label=% opportunity: renew; Legacy Feature=Renewal; Legacy Driver Context=Sales team; Legacy Ingredients=[C2_TYPE,OPPORTUNITY_ID]; Operation=Percentage; Signal=Signal; Resolved Current Fields=Source_Opportunity_ID__c;Source_Type__c; Derived Dependencies=.",0.8,HISTORICAL_RECIPE_PRIOR,"(# of Renewal Opportunities in ""C2_TYPE"" /  # of unique OPPORTUNITY_IDs)  for the account",0.75,PROCESS_STEPS,0.65,PROCESS,salesforce:Opportunity:Source_Opportunity_ID__c;salesforce:Opportunity:Source_Type__c,DIRECT_EXPERIENCE,HIST_SFDC_B7DE48925C75C565089A
005As00000NsovwIAB,Region Cohort,True,COHORT_DIMENSION,0.9,,,Historical feature recipe retained as candidate-generation evidence. Re-evaluate against current Driver semantics and live data before approval.,2.0-historical-prior,CONTEXT_DEPENDENT,Historical recipe prior only; not current truth. Source=All_Accounts.csv; Reporting Label=Region Cohort; Legacy Feature=region_acc_ltr; Legacy Driver Context=Solution sold matches your needs; Legacy Ingredients=REGION_NAME; Operation=Cohort; Signal=No Signal; Resolved Current Fields=Region__c; Derived Dependencies=.,0.8,HISTORICAL_RECIPE_PRIOR,Historical operation=Cohort; current ingredients=Region__c,0.45,,0.5,,salesforce:Account:Region__c,PROFILE,HIST_SFDC_B88F223EFD8FADEC2068
005As00000NsovwIAB,ttr by ticket type - Third Party,True,MEAN,0.35,,,Historical feature recipe retained as candidate-generation evidence. Re-evaluate against current Driver semantics and live data before approval.,2.0-historical-prior,CONTEXT_DEPENDENT,"Historical recipe prior only; not current truth. Source=All_Support_Data.csv; Reporting Label=ttr by ticket type - Third Party; Legacy Feature=TTRThird Party; Legacy Driver Context=Resolution Time; Legacy Ingredients=['Root_Cause', 'TTR']; Operation=mean; Signal=No Signal; Resolved Current Fields=Source_Root_Cause__c;Time_to_Resolution_Days__c; Derived Dependencies=.",0.8,HISTORICAL_RECIPE_PRIOR,Average of TTR in the Root_Cause type - Third Party,0.45,PRODUCT_QUALITY,0.5,PRODUCT_SERVICE,salesforce:Case:Source_Root_Cause__c;salesforce:Case:Time_to_Resolution_Days__c,DIRECT_EXPERIENCE,HIST_SFDC_BB8144B41750D0F08742
005As00000NsovwIAB,Case Escalation Flag,True,EVENT_FLAG,0.35,,,Historical feature recipe retained as candidate-generation evidence. Re-evaluate against current Driver semantics and live data before approval.,2.0-historical-prior,CONTEXT_DEPENDENT,Historical recipe prior only; not current truth. Source=All_Support_Data.csv; Reporting Label=Case Escalation Flag; Legacy Feature=case_escalation_flag; Legacy Driver Context=Effectiveness of resolution provided; Legacy Ingredients=num_escalations; Operation=flag; Signal=Signal; Resolved Current Fields=IsEscalated; Derived Dependencies=HIST_SFDC_025E775FBCE024DE9111.,0.7,HISTORICAL_RECIPE_PRIOR,"Flag = 1 If num_escalations > 0, else Flag = 0",0.75,PROCESS_ESCALATION,0.65,PROCESS,salesforce:Case:IsEscalated,DIRECT_EXPERIENCE,HIST_SFDC_BBEEAB34AE4E97EBD598
005As00000NsovwIAB,% tickets for Contracta,True,RATE,0.35,,,Historical feature recipe retained as candidate-generation evidence. Re-evaluate against current Driver semantics and live data before approval.,2.0-historical-prior,CONTEXT_DEPENDENT,"Historical recipe prior only; not current truth. Source=All_Support_Data.csv; Reporting Label=% tickets for Contracta; Legacy Feature=Contracta; Legacy Driver Context=Effectiveness of resolution provided; Legacy Ingredients=['PL', 'Case Number']; Operation=Percentage; Signal=No Signal; Resolved Current Fields=Product_Line__c;Source_Case_Number__c; Derived Dependencies=.",0.8,HISTORICAL_RECIPE_PRIOR,(# of Case Numbers in the PL type - Contracta / total # of Case Numbers ) for each Account Id,0.45,PRODUCT_FUNCTIONALITY,0.5,PRODUCT_SERVICE,salesforce:Case:Product_Line__c;salesforce:Case:Source_Case_Number__c,DIRECT_EXPERIENCE,HIST_SFDC_BC5A3DA5BD6D0E9A7A08
005As00000NsovwIAB,ttr mission critical tickets,True,MEAN,0.35,,,Historical feature recipe retained as candidate-generation evidence. Re-evaluate against current Driver semantics and live data before approval.,2.0-historical-prior,CONTEXT_DEPENDENT,"Historical recipe prior only; not current truth. Source=All_Support_Data.csv; Reporting Label=ttr mission critical tickets; Legacy Feature=ttrmission_critical_p0; Legacy Driver Context=Resolution Time; Legacy Ingredients=['Severity', 'TTR']; Operation=mean; Signal=Signal; Resolved Current Fields=Source_Severity__c;Time_to_Resolution_Days__c; Derived Dependencies=.",0.8,HISTORICAL_RECIPE_PRIOR,Average of TTR in the Severity type - Mission Critical (P0),0.75,PRODUCT_QUALITY,0.65,PRODUCT_SERVICE,salesforce:Case:Source_Severity__c;salesforce:Case:Time_to_Resolution_Days__c,DIRECT_EXPERIENCE,HIST_SFDC_BCB07371CACF3CAD088C
005As00000NsovwIAB,significant ttr bin cohort,True,COHORT_DIMENSION,0.9,,,Historical feature recipe retained as candidate-generation evidence. Re-evaluate against current Driver semantics and live data before approval.,2.0-historical-prior,CONTEXT_DEPENDENT,Historical recipe prior only; not current truth. Source=All_Support_Data.csv; Reporting Label=significant ttr bin cohort; Legacy Feature=sig_ttr_bin_ltr; Legacy Driver Context=Effectiveness of resolution provided; Legacy Ingredients=TTR_mean; Operation=Cohort; Signal=No Signal; Resolved Current Fields=Time_to_Resolution_Days__c; Derived Dependencies=HIST_SFDC_6869AE89C2949BB23BA5.,0.8,HISTORICAL_RECIPE_PRIOR,Historical operation=Cohort; current ingredients=Time_to_Resolution_Days__c,0.45,TIME_DURATION,0.5,TIME,salesforce:Case:Time_to_Resolution_Days__c,PROFILE,HIST_SFDC_BDAAC20275505E1228F1
005As00000NsovwIAB,# employees,True,DIRECT,0.35,,,Historical feature recipe retained as candidate-generation evidence. Re-evaluate against current Driver semantics and live data before approval.,2.0-historical-prior,CONTEXT_DEPENDENT,Historical recipe prior only; not current truth. Source=All_Accounts.csv; Reporting Label=# employees; Legacy Feature=NUMBER_OF_EMPLOYEES; Legacy Driver Context=Final implementation matches scope sold; Legacy Ingredients=NUMBER_OF_EMPLOYEES; Operation=Direct from the dataset; Signal=No Signal; Resolved Current Fields=NumberOfEmployees; Derived Dependencies=.,0.8,HISTORICAL_RECIPE_PRIOR,NUMBER_OF_EMPLOYEES of each Account Id,0.45,,0.5,,salesforce:Account:NumberOfEmployees,DIRECT_EXPERIENCE,HIST_SFDC_C0301A7EF44D54ABEF9D
005As00000NsovwIAB,# support tickets in last twelve months,True,BREADTH,0.35,,,Historical feature recipe retained as candidate-generation evidence. Re-evaluate against current Driver semantics and live data before approval.,2.0-historical-prior,CONTEXT_DEPENDENT,Historical recipe prior only; not current truth. Source=All_Support_Data.csv; Reporting Label=# support tickets in last twelve months; Legacy Feature=total_cases_twelve_month; Legacy Driver Context=Effectiveness of resolution provided; Legacy Ingredients=Case Number; Operation=nunique; Signal=Signal; Resolved Current Fields=Source_Case_Number__c; Derived Dependencies=.,0.7,HISTORICAL_RECIPE_PRIOR,Total number of Case Number in last twelve months for each Account Id,0.75,,0.65,,salesforce:Case:Source_Case_Number__c,DIRECT_EXPERIENCE,HIST_SFDC_C08770EDF7DFD794ED78
005As00000NsovwIAB,DNB SIC4 cohort,True,COHORT_DIMENSION,0.9,,,Historical feature recipe retained as candidate-generation evidence. Re-evaluate against current Driver semantics and live data before approval.,2.0-historical-prior,CONTEXT_DEPENDENT,Historical recipe prior only; not current truth. Source=All_Accounts.csv; Reporting Label=DNB SIC4 cohort; Legacy Feature=ltr_dnb_sic4_code1; Legacy Driver Context=Solution sold matches your needs; Legacy Ingredients=DNB_SIC4_CODE1; Operation=Cohort; Signal=No Signal; Resolved Current Fields=DNB_SIC4_Description__c; Derived Dependencies=.,0.8,HISTORICAL_RECIPE_PRIOR,Historical operation=Cohort; current ingredients=DNB_SIC4_Description__c,0.45,,0.5,,salesforce:Account:DNB_SIC4_Description__c,PROFILE,HIST_SFDC_C0E04FF24503C4E4DE78
005As00000NsovwIAB,super_user_ratio,True,DIRECT,0.35,,,Historical feature recipe retained as candidate-generation evidence. Re-evaluate against current Driver semantics and live data before approval.,2.0-historical-prior,CONTEXT_DEPENDENT,Historical recipe prior only; not current truth. Source=All_Accounts.csv; Reporting Label=super_user_ratio; Legacy Feature=super_user_ratio; Legacy Driver Context=Community; Legacy Ingredients=SUPER_USER RATIO; Operation=Direct from the dataset; Signal=Signal; Resolved Current Fields=Super_User_Ratio__c; Derived Dependencies=.,0.8,HISTORICAL_RECIPE_PRIOR,Super User Ratio For Each Account ID,0.75,,0.65,,salesforce:Account:Super_User_Ratio__c,DIRECT_EXPERIENCE,HIST_SFDC_C166D1901F1A46D61F01
005As00000NsovwIAB,# products,True,DIRECT,0.35,,,Historical feature recipe retained as candidate-generation evidence. Re-evaluate against current Driver semantics and live data before approval.,2.0-historical-prior,CONTEXT_DEPENDENT,Historical recipe prior only; not current truth. Source=All_Accounts.csv; Reporting Label=# products; Legacy Feature=PRODUCT_FAMILY_NUMBER; Legacy Driver Context=Solution sold matches your needs; Legacy Ingredients=PRODUCT_FAMILY_NUMBER; Operation=Direct from the dataset; Signal=No Signal; Resolved Current Fields=Product_Family_Number__c; Derived Dependencies=.,0.8,HISTORICAL_RECIPE_PRIOR,PRODUCT_FAMILY_NUMBER for each Account Id,0.45,PRODUCT_FUNCTIONALITY,0.5,PRODUCT_SERVICE,salesforce:Account:Product_Family_Number__c,DIRECT_EXPERIENCE,HIST_SFDC_C1F7AAB32D3B9B623024
005As00000NsovwIAB,Account complexity flag,True,EVENT_FLAG,0.35,,,Historical feature recipe retained as candidate-generation evidence. Re-evaluate against current Driver semantics and live data before approval.,2.0-historical-prior,CONTEXT_DEPENDENT,"Historical recipe prior only; not current truth. Source=All_Accounts.csv; Reporting Label=Account complexity flag; Legacy Feature=complexity flag; Legacy Driver Context=Final implementation matches scope sold; Legacy Ingredients=['ACV','CS EXPERIENCE']; Operation=flag; Signal=Signal; Resolved Current Fields=CS_Experience__c;Source_ACV__c; Derived Dependencies=.",0.7,HISTORICAL_RECIPE_PRIOR,"Flag = 1, if Accounts in Territory and Managed CS Segment with >200000 ACV",0.75,VALUE_COMMERCIAL_GROWTH,0.65,VALUE,salesforce:Account:CS_Experience__c;salesforce:Account:Source_ACV__c,DIRECT_EXPERIENCE,HIST_SFDC_C4E2515341C7BC5E7891
005As00000NsovwIAB,% tickets By Type - Third Party,True,RATE,0.35,,,Historical feature recipe retained as candidate-generation evidence. Re-evaluate against current Driver semantics and live data before approval.,2.0-historical-prior,CONTEXT_DEPENDENT,"Historical recipe prior only; not current truth. Source=All_Support_Data.csv; Reporting Label=% tickets By Type - Third Party; Legacy Feature=Third Party; Legacy Driver Context=Effectiveness of resolution provided; Legacy Ingredients=['Root_Cause', 'Case Number']; Operation=Percentage; Signal=Signal; Resolved Current Fields=Source_Case_Number__c;Source_Root_Cause__c; Derived Dependencies=.",0.8,HISTORICAL_RECIPE_PRIOR,(# of Case Numbers in the Root_Cause type - Third Party/ total # of Case Numbers ) for each Account Id,0.75,PRODUCT_QUALITY,0.65,PRODUCT_SERVICE,salesforce:Case:Source_Case_Number__c;salesforce:Case:Source_Root_Cause__c,DIRECT_EXPERIENCE,HIST_SFDC_C5E1AD96EA1FFCFFDAA0
005As00000NsovwIAB,tickets to prod ratio,True,RATE,0.35,,,Historical feature recipe retained as candidate-generation evidence. Re-evaluate against current Driver semantics and live data before approval.,2.0-historical-prior,CONTEXT_DEPENDENT,"Historical recipe prior only; not current truth. Source=All_Support_Data.csv; Reporting Label=tickets to prod ratio; Legacy Feature=case_prod; Legacy Driver Context=Effectiveness of resolution provided; Legacy Ingredients=['Case Number','PRODUCT_FAMILY']; Operation=Percentage; Signal=Signal; Resolved Current Fields=Product_Line__c;Source_Case_Number__c; Derived Dependencies=.",0.8,HISTORICAL_RECIPE_PRIOR,(Total number of support cases / # of unique values of PRODUCT_FAMILY) for each Account Id,0.75,PRODUCT_FUNCTIONALITY,0.65,PRODUCT_SERVICE,salesforce:Case:Product_Line__c;salesforce:Case:Source_Case_Number__c,DIRECT_EXPERIENCE,HIST_SFDC_C619AD50AAE18B000E33
005As00000NsovwIAB,"# tickets -bin(40,50)",True,BAND,0.35,,,Historical feature recipe retained as candidate-generation evidence. Re-evaluate against current Driver semantics and live data before approval.,2.0-historical-prior,CONTEXT_DEPENDENT,"Historical recipe prior only; not current truth. Source=All_Support_Data.csv; Reporting Label=# tickets -bin(40,50); Legacy Feature=casesbybins_40_50; Legacy Driver Context=Resolution Time; Legacy Ingredients=['TTR','Case Number']; Operation=Bin; Signal=No Signal; Resolved Current Fields=Source_Case_Number__c;Time_to_Resolution_Days__c; Derived Dependencies=.",0.8,HISTORICAL_RECIPE_PRIOR,"Number of cases in TTR bin [40,50]",0.45,TIME_DURATION,0.5,TIME,salesforce:Case:Source_Case_Number__c;salesforce:Case:Time_to_Resolution_Days__c,DIRECT_EXPERIENCE,HIST_SFDC_C6B8D56DA9A0E411FB72
005As00000NsovwIAB,# tickets -bin(>90),True,BAND,0.35,,,Historical feature recipe retained as candidate-generation evidence. Re-evaluate against current Driver semantics and live data before approval.,2.0-historical-prior,CONTEXT_DEPENDENT,"Historical recipe prior only; not current truth. Source=All_Support_Data.csv; Reporting Label=# tickets -bin(>90); Legacy Feature=casesbybins_90_300; Legacy Driver Context=Resolution Time; Legacy Ingredients=['TTR','Case Number']; Operation=Bin; Signal=No Signal; Resolved Current Fields=Source_Case_Number__c;Time_to_Resolution_Days__c; Derived Dependencies=.",0.8,HISTORICAL_RECIPE_PRIOR,Number of cases in TTR bin [90>],0.45,TIME_DURATION,0.5,TIME,salesforce:Case:Source_Case_Number__c;salesforce:Case:Time_to_Resolution_Days__c,DIRECT_EXPERIENCE,HIST_SFDC_C840E62F6C1F5F4B33DA
005As00000NsovwIAB,Days Since Last LogIn,True,DELTA,0.35,,,Historical feature recipe retained as candidate-generation evidence. Re-evaluate against current Driver semantics and live data before approval.,2.0-historical-prior,CONTEXT_DEPENDENT,Historical recipe prior only; not current truth. Source=All_Accounts.csv; Reporting Label=Days Since Last LogIn; Legacy Feature=days_since_last_login; Legacy Driver Context=Community; Legacy Ingredients=LAST LOGIN; Operation=Difference; Signal=Signal; Resolved Current Fields=Last_Login_Date__c; Derived Dependencies=.,0.7,HISTORICAL_RECIPE_PRIOR,Day difference between Current date and Last Log-in Date,0.75,TIME_RECENCY,0.65,TIME,salesforce:Account:Last_Login_Date__c,DIRECT_EXPERIENCE,HIST_SFDC_C856BEF68B56EC33A6B4
005As00000NsovwIAB,% escalations,True,RATE,0.35,,,Historical feature recipe retained as candidate-generation evidence. Re-evaluate against current Driver semantics and live data before approval.,2.0-historical-prior,CONTEXT_DEPENDENT,"Historical recipe prior only; not current truth. Source=All_Support_Data.csv; Reporting Label=% escalations; Legacy Feature=escal; Legacy Driver Context=Effectiveness of resolution provided; Legacy Ingredients=['escalations', 'Case Number']; Operation=Percentage; Signal=Signal; Resolved Current Fields=IsEscalated;Source_Case_Number__c; Derived Dependencies=. || Historical recipe prior only; not current truth. Source=All_Support_Data.csv; Reporting Label=% escalations; Legacy Feature=escal; Legacy Driver Context=On time project completion; Legacy Ingredients=['escalations', 'Case Number']; Operation=Percentage; Signal=Signal; Resolved Current Fields=IsEscalated;Source_Case_Number__c; Derived Dependencies=. || Historical recipe prior only; not current truth. Source=All_Support_Data.csv; Reporting Label=% escalations; Legacy Feature=escal; Legacy Driver Context=Product capabilities; Legacy Ingredients=['escalations', 'Case Number']; Operation=Percentage; Signal=Signal; Resolved Current Fields=IsEscalated;Source_Case_Number__c; Derived Dependencies=.",0.8,HISTORICAL_RECIPE_PRIOR,(# of Case Numbers in the escalations type - escal / total # of Case Numbers ) for each Account Id,0.75,PROCESS_ESCALATION,0.65,PROCESS,salesforce:Case:IsEscalated;salesforce:Case:Source_Case_Number__c,DIRECT_EXPERIENCE,HIST_SFDC_CE54E85632A88D9A956F
005As00000NsovwIAB,"# tickets -bin(10,20)",True,BAND,0.35,,,Historical feature recipe retained as candidate-generation evidence. Re-evaluate against current Driver semantics and live data before approval.,2.0-historical-prior,CONTEXT_DEPENDENT,"Historical recipe prior only; not current truth. Source=All_Support_Data.csv; Reporting Label=# tickets -bin(10,20); Legacy Feature=casesbybins_10_20; Legacy Driver Context=Resolution Time; Legacy Ingredients=['TTR','Case Number']; Operation=Bin; Signal=No Signal; Resolved Current Fields=Source_Case_Number__c;Time_to_Resolution_Days__c; Derived Dependencies=.",0.8,HISTORICAL_RECIPE_PRIOR,"Number of cases in TTR bin [10,20]",0.45,TIME_DURATION,0.5,TIME,salesforce:Case:Source_Case_Number__c;salesforce:Case:Time_to_Resolution_Days__c,DIRECT_EXPERIENCE,HIST_SFDC_CE7D0902597F000BDB35
005As00000NsovwIAB,% tickets By Type - Licencing,True,RATE,0.35,,,Historical feature recipe retained as candidate-generation evidence. Re-evaluate against current Driver semantics and live data before approval.,2.0-historical-prior,CONTEXT_DEPENDENT,"Historical recipe prior only; not current truth. Source=All_Support_Data.csv; Reporting Label=% tickets By Type - Licencing; Legacy Feature=Licensing; Legacy Driver Context=Effectiveness of resolution provided; Legacy Ingredients=['Root_Cause', 'Case Number']; Operation=Percentage; Signal=Signal; Resolved Current Fields=Source_Case_Number__c;Source_Root_Cause__c; Derived Dependencies=.",0.8,HISTORICAL_RECIPE_PRIOR,(# of Case Numbers in the Root_Cause type - Licencing/ total # of Case Numbers ) for each Account Id,0.75,PRODUCT_QUALITY,0.65,PRODUCT_SERVICE,salesforce:Case:Source_Case_Number__c;salesforce:Case:Source_Root_Cause__c,DIRECT_EXPERIENCE,HIST_SFDC_CF96BE0D59CF82951D9D
005As00000NsovwIAB,violation cohort,True,COHORT_DIMENSION,0.9,,,Historical feature recipe retained as candidate-generation evidence. Re-evaluate against current Driver semantics and live data before approval.,2.0-historical-prior,CONTEXT_DEPENDENT,Historical recipe prior only; not current truth. Source=All_Support_Data.csv; Reporting Label=violation cohort; Legacy Feature=slt_violation_ltr; Legacy Driver Context=Effectiveness of resolution provided; Legacy Ingredients=SLT Violation; Operation=Cohort; Signal=No Signal; Resolved Current Fields=SLA_Violation__c; Derived Dependencies=.,0.8,HISTORICAL_RECIPE_PRIOR,Historical operation=Cohort; current ingredients=SLA_Violation__c,0.45,PROCESS_COMPLIANCE,0.5,PROCESS,salesforce:Case:SLA_Violation__c,PROFILE,HIST_SFDC_D03CEACDD7845AAB2BA4
005As00000NsovwIAB,emp to acv ratio,True,RATE,0.35,,,Historical feature recipe retained as candidate-generation evidence. Re-evaluate against current Driver semantics and live data before approval.,2.0-historical-prior,CONTEXT_DEPENDENT,"Historical recipe prior only; not current truth. Source=All_Accounts.csv; Reporting Label=emp to acv ratio; Legacy Feature=emp_acv; Legacy Driver Context=Final implementation matches scope sold; Legacy Ingredients=['ACV','NUMBER_OF_EMPLOYEES""]; Operation=Percentage; Signal=No Signal; Resolved Current Fields=NumberOfEmployees;Source_ACV__c; Derived Dependencies=.",0.8,HISTORICAL_RECIPE_PRIOR,(ACV / NUMBER_OF_EMPLOYEES) for each Account Id,0.45,VALUE_COMMERCIAL_GROWTH,0.5,VALUE,salesforce:Account:NumberOfEmployees;salesforce:Account:Source_ACV__c,DIRECT_EXPERIENCE,HIST_SFDC_D0C13531046AF2815911
005As00000NsovwIAB,# won opportunities (forecast),True,COUNT,0.35,,,Historical feature recipe retained as candidate-generation evidence. Re-evaluate against current Driver semantics and live data before approval.,2.0-historical-prior,CONTEXT_DEPENDENT,"Historical recipe prior only; not current truth. Source=All_Opportunities.csv; Reporting Label=# won opportunities (forecast); Legacy Feature=won; Legacy Driver Context=Solution sold matches your needs; Legacy Ingredients=[FORECAST_CATEGORY ,OPPORTUNITY_ID]; Operation=Count; Signal=No Signal; Resolved Current Fields=Source_Forecast_Category__c;Source_Opportunity_ID__c; Derived Dependencies=.",0.8,HISTORICAL_RECIPE_PRIOR,"# of Opportunities Won in ""FORECAST_CATEGORY"" for each Account",0.45,TIME_PREDICTABILITY,0.5,TIME,salesforce:Opportunity:Source_Forecast_Category__c;salesforce:Opportunity:Source_Opportunity_ID__c,DIRECT_EXPERIENCE,HIST_SFDC_D1B8D3CADD4A3E56D1AC
005As00000NsovwIAB,# tickets for Others products,True,MEAN,0.35,,,Historical feature recipe retained as candidate-generation evidence. Re-evaluate against current Driver semantics and live data before approval.,2.0-historical-prior,CONTEXT_DEPENDENT,"Historical recipe prior only; not current truth. Source=All_Support_Data.csv; Reporting Label=# tickets for Others products; Legacy Feature=Other; Legacy Driver Context=Resolution Time; Legacy Ingredients=['Case Number','Product']; Operation=mean; Signal=No Signal; Resolved Current Fields=Source_Case_Number__c;Source_Product__c; Derived Dependencies=.",0.8,HISTORICAL_RECIPE_PRIOR,Average of Number of cases for Product - Others,0.45,PRODUCT_FUNCTIONALITY,0.5,PRODUCT_SERVICE,salesforce:Case:Source_Case_Number__c;salesforce:Case:Source_Product__c,DIRECT_EXPERIENCE,HIST_SFDC_D27AA9138A9919C4B55C
005As00000NsovwIAB,max aging-opportunity,True,MAX,0.35,,,Historical feature recipe retained as candidate-generation evidence. Re-evaluate against current Driver semantics and live data before approval.,2.0-historical-prior,CONTEXT_DEPENDENT,Historical recipe prior only; not current truth. Source=All_Opportunities.csv; Reporting Label=max aging-opportunity; Legacy Feature=aging_max; Legacy Driver Context=Solution sold matches your needs; Legacy Ingredients=AGE_DAYS; Operation=max; Signal=No Signal; Resolved Current Fields=Source_Age_Days__c; Derived Dependencies=.,0.7,HISTORICAL_RECIPE_PRIOR,Maximum of 'AGE_DAYS' per Account Id,0.45,TIME_DURATION,0.5,TIME,salesforce:Opportunity:Source_Age_Days__c,DIRECT_EXPERIENCE,HIST_SFDC_D43ACC10F0D986C3E54F
005As00000NsovwIAB,support product line cohort,True,COHORT_DIMENSION,0.9,,,Historical feature recipe retained as candidate-generation evidence. Re-evaluate against current Driver semantics and live data before approval.,2.0-historical-prior,CONTEXT_DEPENDENT,Historical recipe prior only; not current truth. Source=All_Support_Data.csv; Reporting Label=support product line cohort; Legacy Feature=pl_ltr; Legacy Driver Context=Effectiveness of resolution provided; Legacy Ingredients=PL; Operation=Cohort; Signal=No Signal; Resolved Current Fields=Product_Line__c; Derived Dependencies=.,0.8,HISTORICAL_RECIPE_PRIOR,Historical operation=Cohort; current ingredients=Product_Line__c,0.45,PRODUCT_FUNCTIONALITY,0.5,PRODUCT_SERVICE,salesforce:Case:Product_Line__c,PROFILE,HIST_SFDC_D5377A1BC9E9F47DE3FE
005As00000NsovwIAB,% cancelled tickets,True,RATE,0.35,,,Historical feature recipe retained as candidate-generation evidence. Re-evaluate against current Driver semantics and live data before approval.,2.0-historical-prior,CONTEXT_DEPENDENT,"Historical recipe prior only; not current truth. Source=All_Support_Data.csv; Reporting Label=% cancelled tickets; Legacy Feature=Canceled; Legacy Driver Context=Effectiveness of resolution provided; Legacy Ingredients=['State', 'Case Number']; Operation=Percentage; Signal=No Signal; Resolved Current Fields=Source_Case_Number__c;Source_State__c; Derived Dependencies=.",0.8,HISTORICAL_RECIPE_PRIOR,(# of Case Numbers in the State type - Canceled/ total # of Case Numbers ) for each Account Id,0.45,PROCESS_STEPS,0.5,PROCESS,salesforce:Case:Source_Case_Number__c;salesforce:Case:Source_State__c,DIRECT_EXPERIENCE,HIST_SFDC_DB10CF114484043F9A2B
005As00000NsovwIAB,forecast accuracy,True,RATE,0.35,,,Historical feature recipe retained as candidate-generation evidence. Re-evaluate against current Driver semantics and live data before approval.,2.0-historical-prior,CONTEXT_DEPENDENT,"Historical recipe prior only; not current truth. Source=All_Opportunities.csv; Reporting Label=forecast accuracy; Legacy Feature=forecast_accuracy; Legacy Driver Context=Sales team; Legacy Ingredients=['FORECAST_CATEGORY','C2_STAGE']; Operation=Percentage; Signal=Signal; Resolved Current Fields=Source_Forecast_Category__c;Source_Stage__c; Derived Dependencies=.",0.8,HISTORICAL_RECIPE_PRIOR,(Sum of Opportunities won in 'C2_STAGE'/Sum of Opportunities won in 'FORECAST_CATEGORY') for each Account Id,0.75,TIME_PREDICTABILITY,0.65,TIME,salesforce:Opportunity:Source_Forecast_Category__c;salesforce:Opportunity:Source_Stage__c,DIRECT_EXPERIENCE,HIST_SFDC_DD6E2E2027E043946B56
005As00000NsovwIAB,ACV in currency,True,DIRECT,0.35,,,Historical feature recipe retained as candidate-generation evidence. Re-evaluate against current Driver semantics and live data before approval.,2.0-historical-prior,CONTEXT_DEPENDENT,Historical recipe prior only; not current truth. Source=All_Accounts.csv; Reporting Label=ACV in currency; Legacy Feature=ACV_IN_CURRENCY; Legacy Driver Context=Final implementation matches scope sold; Legacy Ingredients=ACV_IN_CURRENCY; Operation=Direct from the dataset; Signal=No Signal; Resolved Current Fields=Source_ACV__c; Derived Dependencies=.,0.8,HISTORICAL_RECIPE_PRIOR,ACV_IN_CURRENCY of each Account Id,0.45,VALUE_COMMERCIAL_GROWTH,0.5,VALUE,salesforce:Account:Source_ACV__c,DIRECT_EXPERIENCE,HIST_SFDC_DFB8B46E57DD77BE1E39
005As00000NsovwIAB,ticket resolution rate,True,RATIO,0.35,,,Historical feature recipe retained as candidate-generation evidence. Re-evaluate against current Driver semantics and live data before approval.,2.0-historical-prior,CONTEXT_DEPENDENT,"Historical recipe prior only; not current truth. Source=All_Support_Data.csv; Reporting Label=ticket resolution rate; Legacy Feature=resolve_rate; Legacy Driver Context=Effectiveness of resolution provided; Legacy Ingredients=('State', 'total_cases'); Operation=Division; Signal=Signal; Resolved Current Fields=Source_Case_Number__c;Source_State__c; Derived Dependencies=HIST_SFDC_95E24F1337EF045B406B.",0.8,HISTORICAL_RECIPE_PRIOR,(Number of cases with State =' Resolved') / (Total number of cases) for each Account,0.75,PROCESS_STEPS,0.65,PROCESS,salesforce:Case:Source_Case_Number__c;salesforce:Case:Source_State__c,DIRECT_EXPERIENCE,HIST_SFDC_DFF3E0F82909502306E3
005As00000NsovwIAB,% resolved tickets,True,RATE,0.35,,,Historical feature recipe retained as candidate-generation evidence. Re-evaluate against current Driver semantics and live data before approval.,2.0-historical-prior,CONTEXT_DEPENDENT,"Historical recipe prior only; not current truth. Source=All_Support_Data.csv; Reporting Label=% resolved tickets; Legacy Feature=Resolved; Legacy Driver Context=Effectiveness of resolution provided; Legacy Ingredients=['State', 'Case Number']; Operation=Percentage; Signal=No Signal; Resolved Current Fields=Source_Case_Number__c;Source_State__c; Derived Dependencies=.",0.8,HISTORICAL_RECIPE_PRIOR,(# of Case Numbers in the State type - Resolved/ total # of Case Numbers ) for each Account Id,0.45,PROCESS_STEPS,0.5,PROCESS,salesforce:Case:Source_Case_Number__c;salesforce:Case:Source_State__c,DIRECT_EXPERIENCE,HIST_SFDC_E1089CC6A5878F46CF33
005As00000NsovwIAB,# community users,True,DIRECT,0.35,,,Historical feature recipe retained as candidate-generation evidence. Re-evaluate against current Driver semantics and live data before approval.,2.0-historical-prior,CONTEXT_DEPENDENT,Historical recipe prior only; not current truth. Source=All_Accounts.csv; Reporting Label=# community users; Legacy Feature=num_community; Legacy Driver Context=Community; Legacy Ingredients=COMMUNITY_USERS; Operation=Direct from the dataset; Signal=Signal; Resolved Current Fields=Community_Users__c; Derived Dependencies=.,0.8,HISTORICAL_RECIPE_PRIOR,Number of Community Users for each Account ID,0.75,PRODUCT_ADOPTION,0.65,PRODUCT_SERVICE,salesforce:Account:Community_Users__c,DIRECT_EXPERIENCE,HIST_SFDC_E1E7D55D32CE863230C9
005As00000NsovwIAB,ttr by ticket type - documentation,True,MEAN,0.35,,,Historical feature recipe retained as candidate-generation evidence. Re-evaluate against current Driver semantics and live data before approval.,2.0-historical-prior,CONTEXT_DEPENDENT,"Historical recipe prior only; not current truth. Source=All_Support_Data.csv; Reporting Label=ttr by ticket type - documentation; Legacy Feature=TTRDocumentation; Legacy Driver Context=Resolution Time; Legacy Ingredients=['Root_Cause', 'TTR']; Operation=mean; Signal=No Signal; Resolved Current Fields=Source_Root_Cause__c;Time_to_Resolution_Days__c; Derived Dependencies=.",0.8,HISTORICAL_RECIPE_PRIOR,Average of TTR in the Root_Cause type - Documentation,0.45,PRODUCT_QUALITY,0.5,PRODUCT_SERVICE,salesforce:Case:Source_Root_Cause__c;salesforce:Case:Time_to_Resolution_Days__c,DIRECT_EXPERIENCE,HIST_SFDC_E27D301C272FB0DFA8BF
005As00000NsovwIAB,# tickets for Write Up,True,MEAN,0.35,,,Historical feature recipe retained as candidate-generation evidence. Re-evaluate against current Driver semantics and live data before approval.,2.0-historical-prior,CONTEXT_DEPENDENT,"Historical recipe prior only; not current truth. Source=All_Support_Data.csv; Reporting Label=# tickets for Write Up; Legacy Feature=Write Up; Legacy Driver Context=Resolution Time; Legacy Ingredients=['Case Number','Product']; Operation=mean; Signal=No Signal; Resolved Current Fields=Source_Case_Number__c;Source_Product__c; Derived Dependencies=.",0.8,HISTORICAL_RECIPE_PRIOR,Average of Number of cases for Product - Write Up,0.45,PRODUCT_FUNCTIONALITY,0.5,PRODUCT_SERVICE,salesforce:Case:Source_Case_Number__c;salesforce:Case:Source_Product__c,DIRECT_EXPERIENCE,HIST_SFDC_E415834DE8B56FA2C624
005As00000NsovwIAB,ttr by ticket type - Unknown,True,MEAN,0.35,,,Historical feature recipe retained as candidate-generation evidence. Re-evaluate against current Driver semantics and live data before approval.,2.0-historical-prior,CONTEXT_DEPENDENT,"Historical recipe prior only; not current truth. Source=All_Support_Data.csv; Reporting Label=ttr by ticket type - Unknown; Legacy Feature=TTRUnknown; Legacy Driver Context=Resolution Time; Legacy Ingredients=['Root_Cause', 'TTR']; Operation=mean; Signal=No Signal; Resolved Current Fields=Source_Root_Cause__c;Time_to_Resolution_Days__c; Derived Dependencies=.",0.8,HISTORICAL_RECIPE_PRIOR,Average of TTR in the Root_Cause type - Unknown,0.45,PRODUCT_QUALITY,0.5,PRODUCT_SERVICE,salesforce:Case:Source_Root_Cause__c;salesforce:Case:Time_to_Resolution_Days__c,DIRECT_EXPERIENCE,HIST_SFDC_E735574E091865017971
005As00000NsovwIAB,# support tickets in last one month,True,BREADTH,0.35,,,Historical feature recipe retained as candidate-generation evidence. Re-evaluate against current Driver semantics and live data before approval.,2.0-historical-prior,CONTEXT_DEPENDENT,Historical recipe prior only; not current truth. Source=All_Support_Data.csv; Reporting Label=# support tickets in last one month; Legacy Feature=total_cases_one_month; Legacy Driver Context=Effectiveness of resolution provided; Legacy Ingredients=Case Number; Operation=nunique; Signal=Signal; Resolved Current Fields=Source_Case_Number__c; Derived Dependencies=.,0.7,HISTORICAL_RECIPE_PRIOR,Total number of Case Number in last one month for each Account Id,0.75,,0.65,,salesforce:Case:Source_Case_Number__c,DIRECT_EXPERIENCE,HIST_SFDC_E7411FC5AD1DAF0BE59C
005As00000NsovwIAB,ACV,True,DIRECT,0.35,,,Historical feature recipe retained as candidate-generation evidence. Re-evaluate against current Driver semantics and live data before approval.,2.0-historical-prior,CONTEXT_DEPENDENT,Historical recipe prior only; not current truth. Source=All_Accounts.csv; Reporting Label=ACV; Legacy Feature=ACV; Legacy Driver Context=Final implementation matches scope sold; Legacy Ingredients=ACV; Operation=Direct from the dataset; Signal=No Signal; Resolved Current Fields=Source_ACV__c; Derived Dependencies=.,0.8,HISTORICAL_RECIPE_PRIOR,ACV of each Account Id,0.45,VALUE_COMMERCIAL_GROWTH,0.5,VALUE,salesforce:Account:Source_ACV__c,DIRECT_EXPERIENCE,HIST_SFDC_E7ED85773A3E29BD1428
005As00000NsovwIAB,Severity:% Major tickets,True,RATE,0.35,,,Historical feature recipe retained as candidate-generation evidence. Re-evaluate against current Driver semantics and live data before approval.,2.0-historical-prior,CONTEXT_DEPENDENT,"Historical recipe prior only; not current truth. Source=All_Support_Data.csv; Reporting Label=Severity:% Major tickets; Legacy Feature=Major (P2); Legacy Driver Context=Resolution Time; Legacy Ingredients=['Severity', 'Case Number']; Operation=Percentage; Signal=No Signal; Resolved Current Fields=Source_Case_Number__c;Source_Severity__c; Derived Dependencies=.",0.8,HISTORICAL_RECIPE_PRIOR,(# of Case Numbers in the Severity type - Major (P2) / total # of Case Numbers ) for each Account Id,0.45,PRODUCT_QUALITY,0.5,PRODUCT_SERVICE,salesforce:Case:Source_Case_Number__c;salesforce:Case:Source_Severity__c,DIRECT_EXPERIENCE,HIST_SFDC_E92F78D4FA811DA07BDB
005As00000NsovwIAB,DnB Location Cohort,True,COHORT_DIMENSION,0.9,,,Historical feature recipe retained as candidate-generation evidence. Re-evaluate against current Driver semantics and live data before approval.,2.0-historical-prior,CONTEXT_DEPENDENT,Historical recipe prior only; not current truth. Source=All_Accounts.csv; Reporting Label=DnB Location Cohort; Legacy Feature=dnb_loc_acc_ltr; Legacy Driver Context=Solution sold matches your needs; Legacy Ingredients=DNB_LOCATION_TYPE; Operation=Cohort; Signal=No Signal; Resolved Current Fields=DNB_Location_Type__c; Derived Dependencies=.,0.8,HISTORICAL_RECIPE_PRIOR,Historical operation=Cohort; current ingredients=DNB_Location_Type__c,0.45,PROCESS_STEPS,0.5,PROCESS,salesforce:Account:DNB_Location_Type__c,PROFILE,HIST_SFDC_E99C7E9F034CC70C8F3A
005As00000NsovwIAB,tickets bin cohort,True,COHORT_DIMENSION,0.9,,,Historical feature recipe retained as candidate-generation evidence. Re-evaluate against current Driver semantics and live data before approval.,2.0-historical-prior,CONTEXT_DEPENDENT,Historical recipe prior only; not current truth. Source=All_Support_Data.csv; Reporting Label=tickets bin cohort; Legacy Feature=total_cases_bin_ltr; Legacy Driver Context=Effectiveness of resolution provided; Legacy Ingredients=total_cases; Operation=Cohort; Signal=No Signal; Resolved Current Fields=Source_Case_Number__c; Derived Dependencies=HIST_SFDC_95E24F1337EF045B406B.,0.8,HISTORICAL_RECIPE_PRIOR,Historical operation=Cohort; current ingredients=Source_Case_Number__c,0.45,,0.5,,salesforce:Case:Source_Case_Number__c,PROFILE,HIST_SFDC_EA7C746E9ABD7761A18B
005As00000NsovwIAB,Geo cohort,True,COHORT_DIMENSION,0.9,,,Historical feature recipe retained as candidate-generation evidence. Re-evaluate against current Driver semantics and live data before approval.,2.0-historical-prior,CONTEXT_DEPENDENT,Historical recipe prior only; not current truth. Source=All_Accounts.csv; Reporting Label=Geo cohort; Legacy Feature=geo_ltr; Legacy Driver Context=Solution sold matches your needs; Legacy Ingredients=GEO_NAME; Operation=Cohort; Signal=No Signal; Resolved Current Fields=Geo_Name__c; Derived Dependencies=.,0.8,HISTORICAL_RECIPE_PRIOR,Historical operation=Cohort; current ingredients=Geo_Name__c,0.45,,0.5,,salesforce:Account:Geo_Name__c,PROFILE,HIST_SFDC_EAC114457A0E4C92923B
005As00000NsovwIAB,% tickets By Type - Unknown,True,RATE,0.35,,,Historical feature recipe retained as candidate-generation evidence. Re-evaluate against current Driver semantics and live data before approval.,2.0-historical-prior,CONTEXT_DEPENDENT,"Historical recipe prior only; not current truth. Source=All_Support_Data.csv; Reporting Label=% tickets By Type - Unknown; Legacy Feature=Unknown; Legacy Driver Context=Effectiveness of resolution provided; Legacy Ingredients=['Root_Cause', 'Case Number']; Operation=Percentage; Signal=Signal; Resolved Current Fields=Source_Case_Number__c;Source_Root_Cause__c; Derived Dependencies=.",0.8,HISTORICAL_RECIPE_PRIOR,(# of Case Numbers in the Root_Cause type - Unknown/ total # of Case Numbers ) for each Account Id,0.75,PRODUCT_QUALITY,0.65,PRODUCT_SERVICE,salesforce:Case:Source_Case_Number__c;salesforce:Case:Source_Root_Cause__c,DIRECT_EXPERIENCE,HIST_SFDC_ED805D799CB1935014FB
005As00000NsovwIAB,# opportunities,True,BREADTH,0.35,,,Historical feature recipe retained as candidate-generation evidence. Re-evaluate against current Driver semantics and live data before approval.,2.0-historical-prior,CONTEXT_DEPENDENT,Historical recipe prior only; not current truth. Source=All_Opportunities.csv; Reporting Label=# opportunities; Legacy Feature=num_opp; Legacy Driver Context=Sales team; Legacy Ingredients=OPPORTUNITY_ID; Operation=nunique; Signal=No Signal; Resolved Current Fields=Source_Opportunity_ID__c; Derived Dependencies=.,0.7,HISTORICAL_RECIPE_PRIOR,# of unique OPPORTUNITY_IDs per Account Id,0.45,,0.5,,salesforce:Opportunity:Source_Opportunity_ID__c,DIRECT_EXPERIENCE,HIST_SFDC_EFEE05EC59312747D497
005As00000NsovwIAB,ttr by ticket type - Feature Request,True,MEAN,0.35,,,Historical feature recipe retained as candidate-generation evidence. Re-evaluate against current Driver semantics and live data before approval.,2.0-historical-prior,CONTEXT_DEPENDENT,"Historical recipe prior only; not current truth. Source=All_Support_Data.csv; Reporting Label=ttr by ticket type - Feature Request; Legacy Feature=TTRFeature Request; Legacy Driver Context=Resolution Time; Legacy Ingredients=['Root_Cause', 'TTR']; Operation=mean; Signal=No Signal; Resolved Current Fields=Source_Root_Cause__c;Time_to_Resolution_Days__c; Derived Dependencies=.",0.8,HISTORICAL_RECIPE_PRIOR,Average of TTR in the Root_Cause type - Feature Request,0.45,PRODUCT_QUALITY,0.5,PRODUCT_SERVICE,salesforce:Case:Source_Root_Cause__c;salesforce:Case:Time_to_Resolution_Days__c,DIRECT_EXPERIENCE,HIST_SFDC_F044D9E8CF11803070F6
005As00000NsovwIAB,% tickets under Level 1 Paying,True,RATE,0.35,,,Historical feature recipe retained as candidate-generation evidence. Re-evaluate against current Driver semantics and live data before approval.,2.0-historical-prior,CONTEXT_DEPENDENT,"Historical recipe prior only; not current truth. Source=All_Support_Data.csv; Reporting Label=% tickets under Level 1 Paying; Legacy Feature=Level 1 Paying; Legacy Driver Context=Effectiveness of resolution provided; Legacy Ingredients=['Support Level', 'Case Number']; Operation=Percentage; Signal=Signal; Resolved Current Fields=Source_Case_Number__c;Source_Support_Level__c; Derived Dependencies=.",0.8,HISTORICAL_RECIPE_PRIOR,(# of Case Numbers in the Support Level type - Level 1 Paying / total # of Case Numbers ) for each Account Id,0.75,PRODUCT_QUALITY,0.65,PRODUCT_SERVICE,salesforce:Case:Source_Case_Number__c;salesforce:Case:Source_Support_Level__c,DIRECT_EXPERIENCE,HIST_SFDC_F2E89D40361130D580DB
005As00000NsovwIAB,% tickets By Type - Customer Environment,True,RATE,0.35,,,Historical feature recipe retained as candidate-generation evidence. Re-evaluate against current Driver semantics and live data before approval.,2.0-historical-prior,CONTEXT_DEPENDENT,"Historical recipe prior only; not current truth. Source=All_Support_Data.csv; Reporting Label=% tickets By Type - Customer Environment; Legacy Feature=perc_supp_customer_environment; Legacy Driver Context=Initial package installation/setup; Legacy Ingredients=['Root_Cause', 'Case Number']; Operation=Percentage; Signal=Signal; Resolved Current Fields=Source_Case_Number__c;Source_Root_Cause__c; Derived Dependencies=.",0.8,HISTORICAL_RECIPE_PRIOR,(# of Case Numbers in the Root_Cause type - Customer-Environment/ total # of Case Numbers ) for each Account Id,0.75,PRODUCT_QUALITY,0.65,PRODUCT_SERVICE,salesforce:Case:Source_Case_Number__c;salesforce:Case:Source_Root_Cause__c,DIRECT_EXPERIENCE,HIST_SFDC_F92DF2DBAEDBDC1C6D69
005As00000NsovwIAB,# no slt voilations,True,COUNT,0.35,,,Historical feature recipe retained as candidate-generation evidence. Re-evaluate against current Driver semantics and live data before approval.,2.0-historical-prior,CONTEXT_DEPENDENT,"Historical recipe prior only; not current truth. Source=All_Support_Data.csv; Reporting Label=# no slt voilations; Legacy Feature=no_SLT_Violations; Legacy Driver Context=Effectiveness of resolution provided; Legacy Ingredients=['slt_violation','Case Number']; Operation=Count; Signal=No Signal; Resolved Current Fields=SLA_Violation__c;Source_Case_Number__c; Derived Dependencies=.",0.8,HISTORICAL_RECIPE_PRIOR,# of Case Numbers in the SLT Violation type - No Violation for each Account Id,0.45,PROCESS_COMPLIANCE,0.5,PROCESS,salesforce:Case:SLA_Violation__c;salesforce:Case:Source_Case_Number__c,DIRECT_EXPERIENCE,HIST_SFDC_F9751A30FC863DC5B43F
005As00000NsovwIAB,ttr major tickets,True,MEAN,0.35,,,Historical feature recipe retained as candidate-generation evidence. Re-evaluate against current Driver semantics and live data before approval.,2.0-historical-prior,CONTEXT_DEPENDENT,"Historical recipe prior only; not current truth. Source=All_Support_Data.csv; Reporting Label=ttr major tickets; Legacy Feature=TTRMajor (P2); Legacy Driver Context=Resolution Time; Legacy Ingredients=['Severity', 'TTR']; Operation=mean; Signal=Signal; Resolved Current Fields=Source_Severity__c;Time_to_Resolution_Days__c; Derived Dependencies=.",0.8,HISTORICAL_RECIPE_PRIOR,Average of TTR in the Severity type - Major (P2),0.75,PRODUCT_QUALITY,0.65,PRODUCT_SERVICE,salesforce:Case:Source_Severity__c;salesforce:Case:Time_to_Resolution_Days__c,DIRECT_EXPERIENCE,HIST_SFDC_FC101192C47F02991FF7
005As00000NsovwIAB,% tickets By Type - Customer Environment,True,RATE,0.35,,,Historical feature recipe retained as candidate-generation evidence. Re-evaluate against current Driver semantics and live data before approval.,2.0-historical-prior,CONTEXT_DEPENDENT,"Historical recipe prior only; not current truth. Source=All_Support_Data.csv; Reporting Label=% tickets By Type - Customer Environment; Legacy Feature=Customer Environment; Legacy Driver Context=Effectiveness of resolution provided; Legacy Ingredients=['Root_Cause', 'Case Number']; Operation=Percentage; Signal=Signal; Resolved Current Fields=Source_Case_Number__c;Source_Root_Cause__c; Derived Dependencies=.",0.8,HISTORICAL_RECIPE_PRIOR,(# of Case Numbers in the Root_Cause type -  Customer Environment/ total # of Case Numbers ) for each Account Id,0.75,PRODUCT_QUALITY,0.65,PRODUCT_SERVICE,salesforce:Case:Source_Case_Number__c;salesforce:Case:Source_Root_Cause__c,DIRECT_EXPERIENCE,HIST_SFDC_FC7D3DE38A477A964B16
005As00000NsovwIAB,# Account Owners,True,BREADTH,0.35,,,Historical feature recipe retained as candidate-generation evidence. Re-evaluate against current Driver semantics and live data before approval.,2.0-historical-prior,CONTEXT_DEPENDENT,Historical recipe prior only; not current truth. Source=All_Opportunities.csv; Reporting Label=# Account Owners; Legacy Feature=num_owners; Legacy Driver Context=Sales team; Legacy Ingredients=OWNER_NAME; Operation=nunique; Signal=Signal; Resolved Current Fields=Source_Owner_Name__c; Derived Dependencies=.,0.7,HISTORICAL_RECIPE_PRIOR,# of OWNER_NAME per Account Id,0.75,PEOPLE_OWNERSHIP,0.65,PEOPLE,salesforce:Opportunity:Source_Owner_Name__c,DIRECT_EXPERIENCE,HIST_SFDC_FDF571892FB39F4BC297
005As00000NsovwIAB,ttr Contracta,True,MEAN,0.35,,,Historical feature recipe retained as candidate-generation evidence. Re-evaluate against current Driver semantics and live data before approval.,2.0-historical-prior,CONTEXT_DEPENDENT,"Historical recipe prior only; not current truth. Source=All_Support_Data.csv; Reporting Label=ttr Contracta; Legacy Feature=TTRCLM; Legacy Driver Context=Resolution Time; Legacy Ingredients=['PL', 'TTR']; Operation=mean; Signal=Signal; Resolved Current Fields=Product_Line__c;Time_to_Resolution_Days__c; Derived Dependencies=.",0.8,HISTORICAL_RECIPE_PRIOR,Average of TTR in the PL type - Contracta,0.75,PRODUCT_FUNCTIONALITY,0.65,PRODUCT_SERVICE,salesforce:Case:Product_Line__c;salesforce:Case:Time_to_Resolution_Days__c,DIRECT_EXPERIENCE,HIST_SFDC_FF803F43FD64B30818C9
