Name,Access_Source__c,Account_Path__c,Actionability_Score__c,Aggregatable__c,Bucketing_Strategy__c,Business_Concept__c,Canonical_Field_Key__c,Cardinality_Suitability_Score__c,Classification_Basis__c,Cohort_Dimension_Type__c,Cohort_Suitability_Score__c,Cohort_Suitable__c,Controllability_Score__c,Coverage_Pct__c,Direction_Hypothesis__c,Distinct_Count__c,Earliest_Date__c,Eligibility_Status__c,Exclusion_Reason__c,Explainability_Score__c,Field_Label__c,Field_Type__c,Grain__c,Last_Profiled_At__c,Latest_Date__c,Leakage_Risk_Score__c,Measurement_Concepts__c,Metric_Archetypes__c,Observation_Type__c,Origin_System__c,Peer_Group_Utility_Score__c,Populated_Count__c,Predictive_Prior_Score__c,Primary_Source_Role__c,Primary_Theme__c,Profile_Summary__c,Provenance_Role__c,Reference_Evidence__c,Sample_Values__c,Secondary_Themes__c,Source_Confidence_Score__c,Source_Field__c,Source_Object__c,Source_Roles__c,Stability_Prior_Score__c,Windowable__c
Account.Account_Escalation_Status__c,salesforce,Account.Id,0.25,True,PROFILE_CARDINALITY_BEFORE_USE,Account Escalation Status,salesforce:Account:Account_Escalation_Status__c,0.25,Account-level profile/cohort prior. | final_usage=FORMULA_INPUT | final_roles=GROUPING;FILTER;PROCESS_DIMENSION | recommended_use=SEGMENT;FILTER,CATEGORICAL_REVIEW,0.35,False,0.5,,CONTEXTUAL,,,ELIGIBLE,,0.6,Account Escalation Status,string,Account,,,0.1,PROCESS_STEPS;PROCESS_ESCALATION,STATE_SHARE;BREADTH,CATEGORY_OR_TEXT,salesforce,0.35,,0.5,PROFILE_INPUT,PROCESS,,PROFILE / CRM SOURCE,,,,0.85,Account_Escalation_Status__c,Account,PROFILE_INPUT,0.7,False
Account.Account_Support_Level__c,salesforce,Account.Id,0.25,True,DIRECT_CATEGORY_WITH_MIN_COHORT_SIZE,Support Level,salesforce:Account:Account_Support_Level__c,0.9,Account-level profile/cohort prior. | final_usage=FORMULA_INPUT | final_roles=GROUPING;FILTER;PRODUCT_SERVICE_DIMENSION | recommended_use=SEGMENT;FILTER,CATEGORICAL,0.95,True,0.5,,CONTEXTUAL,,,ELIGIBLE,,0.6,Support Level,string,Account,,,0.1,PRODUCT_QUALITY;PRODUCT_DEFECTS;PRODUCT_FUNCTIONALITY,STATE_SHARE;BREADTH,CATEGORY_OR_TEXT,salesforce,0.95,,0.5,PROFILE_INPUT,PRODUCT_SERVICE,,PROFILE / CRM SOURCE,historical_recipe_count=1; signal=0; no_signal=1; examples=Cohort by Level of support; recipe_keys=HIST_SFDC_8DD6E6090C41C6D15567 | historical_prior_average=0.45,,,0.85,Account_Support_Level__c,Account,PROFILE_INPUT;COHORT_DIMENSION,0.9,False
Account.AccountNumber,salesforce,Account.Id,0.05,True,,Account Number,salesforce:Account:AccountNumber,0,Identifier; linkage/context only unless explicitly approved. | final_usage=IDENTIFIER | final_roles=IDENTIFIER | recommended_use=CONTEXT_OR_JOIN_ONLY,,0,False,0.5,,CONTEXT_DEPENDENT,,,REVIEW,,0.2,Account Number,string,Account,,,0.2,,STATE_SHARE;BREADTH,CATEGORY_OR_TEXT,salesforce,0,,0.1,IDENTIFIER,,,IDENTIFIER,,,,0.6,AccountNumber,Account,IDENTIFIER,0,False
Account.AccountSource,salesforce,Account.Id,0.25,True,DIRECT_CATEGORY_AFTER_PROFILE,Account Source,salesforce:Account:AccountSource,0.65,Account-level profile/cohort prior. | final_usage=FORMULA_INPUT | final_roles=GROUPING;FILTER | recommended_use=SEGMENT;FILTER,CATEGORICAL,0.7,True,0.5,,CONTEXTUAL,,,ELIGIBLE,,0.6,Account Source,picklist,Account,,,0.1,,STATE_SHARE;BREADTH,CATEGORY_OR_TEXT,salesforce,0.7,,0.5,PROFILE_INPUT,,,PROFILE / CRM SOURCE,,,,0.85,AccountSource,Account,PROFILE_INPUT;COHORT_DIMENSION,0.8,False
Account.ACV_In_Currency__c,salesforce,Account.Id,0.25,True,BUSINESS_BANDS_OR_QUANTILES,ACV in Source Currency,salesforce:Account:ACV_In_Currency__c,0.85,Account-level profile/cohort prior. | final_usage=FORMULA_INPUT | final_roles=MEASURE;VALUE_DIMENSION | recommended_use=AGGREGATE,NUMERIC_BAND,0.9,True,0.5,,CONTEXTUAL,,,ELIGIBLE,,0.6,ACV in Source Currency,double,Account,,,0.1,VALUE_COMMERCIAL_GROWTH,MONETARY;TREND;RATIO,MEASURE,salesforce,0.9,,0.5,PROFILE_INPUT,VALUE,,PROFILE / CRM SOURCE,,,,0.85,ACV_In_Currency__c,Account,PROFILE_INPUT;COHORT_DIMENSION,0.9,False
Account.AnnualRevenue,salesforce,Account.Id,0.25,True,BUSINESS_BANDS_OR_QUANTILES,Annual Revenue,salesforce:Account:AnnualRevenue,0.85,Account-level profile/cohort prior. | final_usage=FORMULA_INPUT | final_roles=MEASURE;VALUE_DIMENSION | recommended_use=AGGREGATE,NUMERIC_BAND,0.9,True,0.5,,CONTEXTUAL,,,ELIGIBLE,,0.6,Annual Revenue,currency,Account,,,0.1,VALUE_COMMERCIAL_GROWTH,MONETARY;TREND;RATIO,MEASURE,salesforce,0.9,,0.5,PROFILE_INPUT,VALUE,,PROFILE / CRM SOURCE,historical_recipe_count=1; signal=0; no_signal=1; examples=Annual Revenue; recipe_keys=HIST_SFDC_1B4F0444196318353ECF | historical_prior_average=0.45,,,0.85,AnnualRevenue,Account,PROFILE_INPUT;COHORT_DIMENSION,0.9,False
Account.Billing_Country_Code__c,salesforce,Account.Id,0.25,True,DIRECT_CATEGORY_WITH_MIN_COHORT_SIZE,Billing Country Code (Source),salesforce:Account:Billing_Country_Code__c,0.9,Account-level profile/cohort prior. | final_usage=FORMULA_INPUT | final_roles=GROUPING;FILTER | recommended_use=SEGMENT;FILTER,CATEGORICAL,0.95,True,0.5,,CONTEXTUAL,,,ELIGIBLE,,0.6,Billing Country Code (Source),string,Account,,,0.1,,STATE_SHARE;BREADTH,CATEGORY_OR_TEXT,salesforce,0.95,,0.5,PROFILE_INPUT,,,PROFILE / CRM SOURCE,,,,0.85,Billing_Country_Code__c,Account,PROFILE_INPUT;COHORT_DIMENSION,0.9,False
Account.Billing_State_Code__c,salesforce,Account.Id,0.25,True,DIRECT_CATEGORY_WITH_MIN_COHORT_SIZE,Billing State Code (Source),salesforce:Account:Billing_State_Code__c,0.9,Account-level profile/cohort prior. | final_usage=FORMULA_INPUT | final_roles=GROUPING;FILTER;PROCESS_DIMENSION | recommended_use=SEGMENT;FILTER,CATEGORICAL,0.95,True,0.5,,CONTEXTUAL,,,ELIGIBLE,,0.6,Billing State Code (Source),string,Account,,,0.1,PROCESS_STEPS,STATE_SHARE;BREADTH,CATEGORY_OR_TEXT,salesforce,0.95,,0.5,PROFILE_INPUT,PROCESS,,PROFILE / CRM SOURCE,,,,0.85,Billing_State_Code__c,Account,PROFILE_INPUT;COHORT_DIMENSION,0.9,False
Account.BillingAddress,salesforce,Account.Id,0.25,False,NONE,Billing Address,salesforce:Account:BillingAddress,0.1,Account-level profile/cohort prior. | final_usage=FORMULA_INPUT | final_roles=CONTEXT | recommended_use=REVIEW,NOT_RECOMMENDED,0.1,False,0.5,,CONTEXTUAL,,,ELIGIBLE,,0.6,Billing Address,address,Account,,,0.1,,,CATEGORY_OR_TEXT,salesforce,0.1,,0.5,PROFILE_INPUT,,,PROFILE / CRM SOURCE,,,,0.85,BillingAddress,Account,PROFILE_INPUT,0.5,False
Account.BillingCity,salesforce,Account.Id,0.25,True,PROFILE_CARDINALITY_BEFORE_USE,Billing City,salesforce:Account:BillingCity,0.25,Account-level profile/cohort prior. | final_usage=FORMULA_INPUT | final_roles=GROUPING;FILTER | recommended_use=SEGMENT;FILTER,CATEGORICAL_REVIEW,0.35,False,0.5,,CONTEXTUAL,,,ELIGIBLE,,0.6,Billing City,string,Account,,,0.1,,STATE_SHARE;BREADTH,CATEGORY_OR_TEXT,salesforce,0.35,,0.5,PROFILE_INPUT,,,PROFILE / CRM SOURCE,historical_recipe_count=1; signal=0; no_signal=1; examples=Bill City Cohort; recipe_keys=HIST_SFDC_3A56B88C0385F555CCCA | historical_prior_average=0.45,,,0.85,BillingCity,Account,PROFILE_INPUT,0.7,False
Account.BillingCountry,salesforce,Account.Id,0.25,True,DIRECT_CATEGORY_WITH_MIN_COHORT_SIZE,Billing Country,salesforce:Account:BillingCountry,0.9,Account-level profile/cohort prior. | final_usage=FORMULA_INPUT | final_roles=GROUPING;FILTER | recommended_use=SEGMENT;FILTER,CATEGORICAL,0.95,True,0.5,,CONTEXTUAL,,,ELIGIBLE,,0.6,Billing Country,string,Account,,,0.1,,STATE_SHARE;BREADTH,CATEGORY_OR_TEXT,salesforce,0.95,,0.5,PROFILE_INPUT,,,PROFILE / CRM SOURCE,historical_recipe_count=1; signal=0; no_signal=1; examples=Bill Country Cohort; recipe_keys=HIST_SFDC_909353E84BE4AE9A3323 | historical_prior_average=0.45,,,0.85,BillingCountry,Account,PROFILE_INPUT;COHORT_DIMENSION,0.9,False
Account.BillingGeocodeAccuracy,salesforce,Account.Id,0.25,True,DIRECT_CATEGORY_AFTER_PROFILE,Billing Geocode Accuracy,salesforce:Account:BillingGeocodeAccuracy,0.65,Account-level profile/cohort prior. | final_usage=FORMULA_INPUT | final_roles=GROUPING;FILTER | recommended_use=SEGMENT;FILTER,CATEGORICAL,0.7,True,0.5,,CONTEXTUAL,,,ELIGIBLE,,0.6,Billing Geocode Accuracy,picklist,Account,,,0.1,INFO_ACCURACY,STATE_SHARE;BREADTH,CATEGORY_OR_TEXT,salesforce,0.7,,0.5,PROFILE_INPUT,INFORMATION,,PROFILE / CRM SOURCE,,,,0.85,BillingGeocodeAccuracy,Account,PROFILE_INPUT;COHORT_DIMENSION,0.8,False
Account.BillingLatitude,salesforce,Account.Id,0.25,True,QUANTILES_OR_BUSINESS_BANDS,Billing Latitude,salesforce:Account:BillingLatitude,0.65,Account-level profile/cohort prior. | final_usage=FORMULA_INPUT | final_roles=MEASURE | recommended_use=AGGREGATE,NUMERIC_BAND,0.65,True,0.5,,CONTEXTUAL,,,ELIGIBLE,,0.6,Billing Latitude,double,Account,,,0.1,,TREND;VARIABILITY,MEASURE,salesforce,0.65,,0.5,PROFILE_INPUT,,,PROFILE / CRM SOURCE,,,,0.85,BillingLatitude,Account,PROFILE_INPUT;COHORT_DIMENSION,0.8,False
Account.BillingLongitude,salesforce,Account.Id,0.25,True,QUANTILES_OR_BUSINESS_BANDS,Billing Longitude,salesforce:Account:BillingLongitude,0.65,Account-level profile/cohort prior. | final_usage=FORMULA_INPUT | final_roles=MEASURE | recommended_use=AGGREGATE,NUMERIC_BAND,0.65,True,0.5,,CONTEXTUAL,,,ELIGIBLE,,0.6,Billing Longitude,double,Account,,,0.1,,TREND;VARIABILITY,MEASURE,salesforce,0.65,,0.5,PROFILE_INPUT,,,PROFILE / CRM SOURCE,,,,0.85,BillingLongitude,Account,PROFILE_INPUT;COHORT_DIMENSION,0.8,False
Account.BillingPostalCode,salesforce,Account.Id,0.25,True,NONE,Billing Zip/Postal Code,salesforce:Account:BillingPostalCode,0.05,Account-level profile/cohort prior. | final_usage=FORMULA_INPUT | final_roles=GROUPING;FILTER | recommended_use=SEGMENT;FILTER,NOT_RECOMMENDED,0.05,False,0.5,,CONTEXTUAL,,,ELIGIBLE,,0.6,Billing Zip/Postal Code,string,Account,,,0.1,,STATE_SHARE;BREADTH,CATEGORY_OR_TEXT,salesforce,0.05,,0.5,PROFILE_INPUT,,,PROFILE / CRM SOURCE,,,,0.85,BillingPostalCode,Account,PROFILE_INPUT,0.5,False
Account.BillingState,salesforce,Account.Id,0.25,True,DIRECT_CATEGORY_WITH_MIN_COHORT_SIZE,Billing State/Province,salesforce:Account:BillingState,0.9,Account-level profile/cohort prior. | final_usage=FORMULA_INPUT | final_roles=GROUPING;FILTER;PROCESS_DIMENSION | recommended_use=SEGMENT;FILTER,CATEGORICAL,0.95,True,0.5,,CONTEXTUAL,,,ELIGIBLE,,0.6,Billing State/Province,string,Account,,,0.1,PROCESS_STEPS,STATE_SHARE;BREADTH,CATEGORY_OR_TEXT,salesforce,0.95,,0.5,PROFILE_INPUT,PROCESS,,PROFILE / CRM SOURCE,historical_recipe_count=1; signal=0; no_signal=1; examples=Bill State Cohort; recipe_keys=HIST_SFDC_AA3657ADB72D24754634 | historical_prior_average=0.45,,,0.85,BillingState,Account,PROFILE_INPUT;COHORT_DIMENSION,0.9,False
Account.BillingStreet,salesforce,Account.Id,0.25,False,NONE,Billing Street,salesforce:Account:BillingStreet,0.05,Account-level profile/cohort prior. | final_usage=UNSTRUCTURED_TEXT | final_roles=TEXT | recommended_use=SEMANTIC_EXTRACTION_OR_CONTEXT,NOT_RECOMMENDED,0.05,False,0.5,,CONTEXTUAL,,,ELIGIBLE,,0.6,Billing Street,textarea,Account,,,0.1,,,CATEGORY_OR_TEXT,salesforce,0.05,,0.5,PROFILE_INPUT,,,PROFILE / CRM SOURCE,,,,0.85,BillingStreet,Account,PROFILE_INPUT,0.5,False
Account.C1_Account_Rank__c,salesforce,Account.Id,0.25,True,PROFILE_CARDINALITY_BEFORE_USE,C1 Account Rank,salesforce:Account:C1_Account_Rank__c,0.25,Account-level profile/cohort prior. | final_usage=FORMULA_INPUT | final_roles=GROUPING;FILTER | recommended_use=SEGMENT;FILTER,CATEGORICAL_REVIEW,0.35,False,0.5,,CONTEXTUAL,,,ELIGIBLE,,0.6,C1 Account Rank,string,Account,,,0.1,,STATE_SHARE;BREADTH,CATEGORY_OR_TEXT,salesforce,0.35,,0.5,PROFILE_INPUT,,,PROFILE / CRM SOURCE,,,,0.85,C1_Account_Rank__c,Account,PROFILE_INPUT,0.7,False
Account.CleanStatus,salesforce,Account.Id,0.25,True,DIRECT_CATEGORY_AFTER_PROFILE,Clean Status,salesforce:Account:CleanStatus,0.65,Account-level profile/cohort prior. | final_usage=FORMULA_INPUT | final_roles=GROUPING;FILTER;PROCESS_DIMENSION | recommended_use=SEGMENT;FILTER,CATEGORICAL,0.7,True,0.5,,CONTEXTUAL,,,ELIGIBLE,,0.6,Clean Status,picklist,Account,,,0.1,PROCESS_STEPS,STATE_SHARE;BREADTH,CATEGORY_OR_TEXT,salesforce,0.7,,0.5,PROFILE_INPUT,PROCESS,,PROFILE / CRM SOURCE,,,,0.85,CleanStatus,Account,PROFILE_INPUT;COHORT_DIMENSION,0.8,False
Account.Community_Users__c,salesforce,Account.Id,0.25,True,QUANTILES_OR_BUSINESS_BANDS,Community Users,salesforce:Account:Community_Users__c,0.65,Account-level profile/cohort prior. | final_usage=FORMULA_INPUT | final_roles=MEASURE | recommended_use=AGGREGATE,NUMERIC_BAND,0.65,True,0.5,,CONTEXTUAL,,,ELIGIBLE,,0.6,Community Users,double,Account,,,0.1,PRODUCT_ADOPTION,TREND;VARIABILITY,MEASURE,salesforce,0.65,,0.5,PROFILE_INPUT,PRODUCT_SERVICE,,PROFILE / CRM SOURCE,historical_recipe_count=1; signal=1; no_signal=0; examples=# community users; recipe_keys=HIST_SFDC_E1E7D55D32CE863230C9 | historical_prior_average=0.75,,,0.85,Community_Users__c,Account,PROFILE_INPUT;COHORT_DIMENSION,0.8,False
Account.CreatedById,salesforce,Account.Id,0.25,True,NONE,Created By ID,salesforce:Account:CreatedById,0.1,Account-level profile/cohort prior. | final_usage=SYSTEM_METADATA | final_roles=SYSTEM_METADATA | recommended_use=IGNORE,NOT_RECOMMENDED,0.1,False,0.5,,CONTEXTUAL,,,EXCLUDE,Salesforce system metadata; not business-source evidence.,0.6,Created By ID,reference,Account,,,0.1,,COUNT;TRANSITION,RELATIONSHIP,salesforce,0.1,,0.5,IGNORE,TIME,,PROFILE / CRM SOURCE,,,,0.85,CreatedById,Account,SYSTEM_METADATA,0.5,False
Account.CreatedDate,salesforce,Account.Id,0.25,True,DERIVE_SEMANTIC_INTERVAL_FIRST,Created Date,salesforce:Account:CreatedDate,0.2,Account-level profile/cohort prior. | final_usage=SYSTEM_DATE | final_roles=SYSTEM_METADATA;SYSTEM_DATE | recommended_use=DO_NOT_USE_AS_BUSINESS_TIME,DATE_DERIVED_REVIEW,0.3,False,0.5,,CONTEXTUAL,,,EXCLUDE,Salesforce system metadata; not business-source evidence.,0.6,Created Date,datetime,Account,,,0.1,,RECENCY;DURATION,TIMEPOINT,salesforce,0.3,,0.5,IGNORE,TIME,,PROFILE / CRM SOURCE,,,,0.85,CreatedDate,Account,SYSTEM_DATE,0.7,False
Account.CS_Division_Stamp__c,salesforce,Account.Id,0.25,True,PROFILE_CARDINALITY_BEFORE_USE,CS Division Stamp,salesforce:Account:CS_Division_Stamp__c,0.25,Account-level profile/cohort prior. | final_usage=FORMULA_INPUT | final_roles=GROUPING;FILTER | recommended_use=SEGMENT;FILTER,CATEGORICAL_REVIEW,0.35,False,0.5,,CONTEXTUAL,,,ELIGIBLE,,0.6,CS Division Stamp,string,Account,,,0.1,,STATE_SHARE;BREADTH,CATEGORY_OR_TEXT,salesforce,0.35,,0.5,PROFILE_INPUT,,,PROFILE / CRM SOURCE,,,,0.85,CS_Division_Stamp__c,Account,PROFILE_INPUT,0.7,False
Account.CS_Experience__c,salesforce,Account.Id,0.25,True,PROFILE_CARDINALITY_BEFORE_USE,CS Experience,salesforce:Account:CS_Experience__c,0.25,Account-level profile/cohort prior. | final_usage=FORMULA_INPUT | final_roles=GROUPING;FILTER | recommended_use=SEGMENT;FILTER,CATEGORICAL_REVIEW,0.35,False,0.5,,CONTEXTUAL,,,ELIGIBLE,,0.6,CS Experience,string,Account,,,0.1,,STATE_SHARE;BREADTH,CATEGORY_OR_TEXT,salesforce,0.35,,0.5,PROFILE_INPUT,,,PROFILE / CRM SOURCE,historical_recipe_count=2; signal=1; no_signal=1; examples=Account complexity flag | CS Experience cohort; recipe_keys=HIST_SFDC_C4E2515341C7BC5E7891;HIST_SFDC_9167C35C71E5F3A046BE | historical_prior_average=0.6,,,0.85,CS_Experience__c,Account,PROFILE_INPUT,0.7,False
Account.Customer_Health__c,salesforce,Account.Id,0.25,True,PROFILE_CARDINALITY_BEFORE_USE,Customer Health,salesforce:Account:Customer_Health__c,0.25,Account-level profile/cohort prior. | final_usage=FORMULA_INPUT | final_roles=GROUPING;FILTER | recommended_use=SEGMENT;FILTER,CATEGORICAL_REVIEW,0.35,False,0.5,,CONTEXTUAL,,,ELIGIBLE,,0.6,Customer Health,string,Account,,,0.1,,STATE_SHARE;BREADTH,CATEGORY_OR_TEXT,salesforce,0.35,,0.5,PROFILE_INPUT,,,PROFILE / CRM SOURCE,,,,0.85,Customer_Health__c,Account,PROFILE_INPUT,0.7,False
Account.Customer_Manager_Name__c,salesforce,Account.Id,0.25,True,PROFILE_CARDINALITY_BEFORE_USE,Customer Manager Name,salesforce:Account:Customer_Manager_Name__c,0.25,Account-level profile/cohort prior. | final_usage=FORMULA_INPUT | final_roles=GROUPING;FILTER;PEOPLE_DIMENSION | recommended_use=SEGMENT;FILTER,CATEGORICAL_REVIEW,0.35,False,0.5,,CONTEXTUAL,,,ELIGIBLE,,0.6,Customer Manager Name,string,Account,,,0.1,PEOPLE_OWNERSHIP;PEOPLE_ROLE;PEOPLE_HANDOFF,STATE_SHARE;BREADTH,CATEGORY_OR_TEXT,salesforce,0.35,,0.5,PROFILE_INPUT,PEOPLE,,PROFILE / CRM SOURCE,historical_recipe_count=1; signal=0; no_signal=1; examples=Customer Manager cohort; recipe_keys=HIST_SFDC_41DABEEAFBE2D692ED4B | historical_prior_average=0.45,,,0.85,Customer_Manager_Name__c,Account,PROFILE_INPUT,0.7,False
Account.Customer_Segment__c,salesforce,Account.Id,0.25,True,DIRECT_CATEGORY_WITH_MIN_COHORT_SIZE,Customer Segment,salesforce:Account:Customer_Segment__c,0.9,Account-level profile/cohort prior. | final_usage=FORMULA_INPUT | final_roles=GROUPING;FILTER | recommended_use=SEGMENT;FILTER,CATEGORICAL,0.95,True,0.5,,CONTEXTUAL,,,ELIGIBLE,,0.6,Customer Segment,string,Account,,,0.1,,STATE_SHARE;BREADTH,CATEGORY_OR_TEXT,salesforce,0.95,,0.5,PROFILE_INPUT,,,PROFILE / CRM SOURCE,historical_recipe_count=1; signal=0; no_signal=1; examples=Segement Account Cohort; recipe_keys=HIST_SFDC_6136466EF1D87B83ED81 | historical_prior_average=0.45,,,0.85,Customer_Segment__c,Account,PROFILE_INPUT;COHORT_DIMENSION,0.9,False
Account.Customer_Since_Date__c,salesforce,Account.Id,0.25,True,TENURE_YEARS_AND_BANDS,Customer Since Date,salesforce:Account:Customer_Since_Date__c,0.9,Account-level profile/cohort prior. | final_usage=FORMULA_INPUT | final_roles=BUSINESS_DATE;WINDOW | recommended_use=RECENCY;WINDOW,TENURE,0.95,True,0.5,,CONTEXTUAL,,,ELIGIBLE,,0.6,Customer Since Date,date,Account,,,0.1,PEOPLE_RELATIONSHIP_COVERAGE;VALUE_RELATIONSHIP_DURABILITY,RECENCY;DURATION,TIMEPOINT,salesforce,0.95,,0.5,PROFILE_INPUT,PEOPLE,,PROFILE / CRM SOURCE,historical_recipe_count=1; signal=1; no_signal=0; examples=Account Tenure; recipe_keys=HIST_SFDC_97388D08C75C2E9F42C3 | historical_prior_average=0.75,,VALUE;TIME,0.85,Customer_Since_Date__c,Account,PROFILE_INPUT;COHORT_DIMENSION,0.95,False
Account.DandbCompanyId,salesforce,Account.Id,0.25,True,NONE,D&B Company ID,salesforce:Account:DandbCompanyId,0.1,Account-level profile/cohort prior. | final_usage=FORMULA_INPUT | final_roles=GROUPING;HANDOFF_OR_OWNERSHIP | recommended_use=COUNT_DISTINCT;TRANSITION,NOT_RECOMMENDED,0.1,False,0.5,,CONTEXTUAL,,,ELIGIBLE,,0.6,D&B Company ID,reference,Account,,,0.1,,COUNT;TRANSITION,RELATIONSHIP,salesforce,0.1,,0.5,PROFILE_INPUT,,,PROFILE / CRM SOURCE,,,,0.85,DandbCompanyId,Account,PROFILE_INPUT,0.5,False
Account.Description,salesforce,Account.Id,0.25,False,NONE,Account Description,salesforce:Account:Description,0.05,Account-level profile/cohort prior. | final_usage=UNSTRUCTURED_TEXT | final_roles=TEXT | recommended_use=SEMANTIC_EXTRACTION_OR_CONTEXT,NOT_RECOMMENDED,0.05,False,0.5,,CONTEXTUAL,,,ELIGIBLE,,0.6,Account Description,textarea,Account,,,0.1,,,CATEGORY_OR_TEXT,salesforce,0.05,,0.5,PROFILE_INPUT,,,PROFILE / CRM SOURCE,,,,0.85,Description,Account,PROFILE_INPUT,0.5,False
Account.Division_Name__c,salesforce,Account.Id,0.25,True,PROFILE_CARDINALITY_BEFORE_USE,Division Name,salesforce:Account:Division_Name__c,0.25,Account-level profile/cohort prior. | final_usage=FORMULA_INPUT | final_roles=GROUPING;FILTER | recommended_use=SEGMENT;FILTER,CATEGORICAL_REVIEW,0.35,False,0.5,,CONTEXTUAL,,,ELIGIBLE,,0.6,Division Name,string,Account,,,0.1,,STATE_SHARE;BREADTH,CATEGORY_OR_TEXT,salesforce,0.35,,0.5,PROFILE_INPUT,,,PROFILE / CRM SOURCE,historical_recipe_count=1; signal=0; no_signal=1; examples=Division Name Cohort; recipe_keys=HIST_SFDC_868AC205604332A16BC1 | historical_prior_average=0.45,,,0.85,Division_Name__c,Account,PROFILE_INPUT,0.7,False
Account.DNB_Location_Type__c,salesforce,Account.Id,0.25,True,PROFILE_CARDINALITY_BEFORE_USE,DNB Location Type,salesforce:Account:DNB_Location_Type__c,0.25,Account-level profile/cohort prior. | final_usage=FORMULA_INPUT | final_roles=GROUPING;FILTER;PROCESS_DIMENSION | recommended_use=SEGMENT;FILTER,CATEGORICAL_REVIEW,0.35,False,0.5,,CONTEXTUAL,,,ELIGIBLE,,0.6,DNB Location Type,string,Account,,,0.1,PROCESS_STEPS;PROCESS_COMPLETION;PROCESS_COMPLIANCE,STATE_SHARE;BREADTH,CATEGORY_OR_TEXT,salesforce,0.35,,0.5,PROFILE_INPUT,PROCESS,,PROFILE / CRM SOURCE,historical_recipe_count=1; signal=0; no_signal=1; examples=DnB Location Cohort; recipe_keys=HIST_SFDC_E99C7E9F034CC70C8F3A | historical_prior_average=0.45,,,0.85,DNB_Location_Type__c,Account,PROFILE_INPUT,0.7,False
Account.DNB_Out_Of_Business_Status__c,salesforce,Account.Id,0.25,True,PROFILE_CARDINALITY_BEFORE_USE,DNB Out of Business Status,salesforce:Account:DNB_Out_Of_Business_Status__c,0.25,Account-level profile/cohort prior. | final_usage=FORMULA_INPUT | final_roles=GROUPING;FILTER;PROCESS_DIMENSION | recommended_use=SEGMENT;FILTER,CATEGORICAL_REVIEW,0.35,False,0.5,,CONTEXTUAL,,,ELIGIBLE,,0.6,DNB Out of Business Status,string,Account,,,0.1,PROCESS_STEPS,STATE_SHARE;BREADTH,CATEGORY_OR_TEXT,salesforce,0.35,,0.5,PROFILE_INPUT,PROCESS,,PROFILE / CRM SOURCE,historical_recipe_count=1; signal=0; no_signal=1; examples=DnB Business Indicator Cohort; recipe_keys=HIST_SFDC_9969FBBCDDB04857D072 | historical_prior_average=0.45,,,0.85,DNB_Out_Of_Business_Status__c,Account,PROFILE_INPUT,0.7,False
Account.DNB_SIC4_Description__c,salesforce,Account.Id,0.25,True,NONE,DNB SIC4 Description,salesforce:Account:DNB_SIC4_Description__c,0.05,Account-level profile/cohort prior. | final_usage=UNSTRUCTURED_TEXT | final_roles=TEXT | recommended_use=SEMANTIC_EXTRACTION_OR_CONTEXT,NOT_RECOMMENDED,0.05,False,0.5,,CONTEXTUAL,,,ELIGIBLE,,0.6,DNB SIC4 Description,string,Account,,,0.1,,STATE_SHARE;BREADTH,CATEGORY_OR_TEXT,salesforce,0.05,,0.5,PROFILE_INPUT,,,PROFILE / CRM SOURCE,historical_recipe_count=1; signal=0; no_signal=1; examples=DNB SIC4 cohort; recipe_keys=HIST_SFDC_C0E04FF24503C4E4DE78 | historical_prior_average=0.45,,,0.85,DNB_SIC4_Description__c,Account,PROFILE_INPUT,0.5,False
Account.DNB_Zip_Postal_Code__c,salesforce,Account.Id,0.25,True,NONE,DNB Zip Postal Code,salesforce:Account:DNB_Zip_Postal_Code__c,0.05,Account-level profile/cohort prior. | final_usage=FORMULA_INPUT | final_roles=GROUPING;FILTER | recommended_use=SEGMENT;FILTER,NOT_RECOMMENDED,0.05,False,0.5,,CONTEXTUAL,,,ELIGIBLE,,0.6,DNB Zip Postal Code,string,Account,,,0.1,,STATE_SHARE;BREADTH,CATEGORY_OR_TEXT,salesforce,0.05,,0.5,PROFILE_INPUT,,,PROFILE / CRM SOURCE,,,,0.85,DNB_Zip_Postal_Code__c,Account,PROFILE_INPUT,0.5,False
Account.DunsNumber,salesforce,Account.Id,0.25,True,PROFILE_CARDINALITY_BEFORE_USE,D-U-N-S Number,salesforce:Account:DunsNumber,0.25,Account-level profile/cohort prior. | final_usage=FORMULA_INPUT | final_roles=GROUPING;FILTER | recommended_use=SEGMENT;FILTER,CATEGORICAL_REVIEW,0.35,False,0.5,,CONTEXTUAL,,,ELIGIBLE,,0.6,D-U-N-S Number,string,Account,,,0.1,,STATE_SHARE;BREADTH,CATEGORY_OR_TEXT,salesforce,0.35,,0.5,PROFILE_INPUT,,,PROFILE / CRM SOURCE,,,,0.85,DunsNumber,Account,PROFILE_INPUT,0.7,False
Account.Fax,salesforce,Account.Id,0.25,False,NONE,Account Fax,salesforce:Account:Fax,0.05,Account-level profile/cohort prior. | final_usage=FORMULA_INPUT | final_roles=CONTEXT | recommended_use=REVIEW,NOT_RECOMMENDED,0.05,False,0.5,,CONTEXTUAL,,,ELIGIBLE,,0.6,Account Fax,phone,Account,,,0.1,,,CATEGORY_OR_TEXT,salesforce,0.05,,0.5,PROFILE_INPUT,,,PROFILE / CRM SOURCE,,,,0.85,Fax,Account,PROFILE_INPUT,0.5,False
Account.Geo_Name__c,salesforce,Account.Id,0.25,True,PROFILE_CARDINALITY_BEFORE_USE,Geo Name,salesforce:Account:Geo_Name__c,0.25,Account-level profile/cohort prior. | final_usage=FORMULA_INPUT | final_roles=GROUPING;FILTER | recommended_use=SEGMENT;FILTER,CATEGORICAL_REVIEW,0.35,False,0.5,,CONTEXTUAL,,,ELIGIBLE,,0.6,Geo Name,string,Account,,,0.1,,STATE_SHARE;BREADTH,CATEGORY_OR_TEXT,salesforce,0.35,,0.5,PROFILE_INPUT,,,PROFILE / CRM SOURCE,historical_recipe_count=1; signal=0; no_signal=1; examples=Geo cohort; recipe_keys=HIST_SFDC_EAC114457A0E4C92923B | historical_prior_average=0.45,,,0.85,Geo_Name__c,Account,PROFILE_INPUT,0.7,False
Account.Id,salesforce,Account.Id,0.05,False,,Account ID,salesforce:Account:Id,0,Identifier; linkage/context only unless explicitly approved. | final_usage=IDENTIFIER | final_roles=IDENTIFIER | recommended_use=CONTEXT_OR_JOIN_ONLY,,0,False,0.5,,CONTEXT_DEPENDENT,,,REVIEW,,0.2,Account ID,id,Account,,,0.2,,,CATEGORY_OR_TEXT,salesforce,0,,0.1,IDENTIFIER,,,IDENTIFIER,,,,0.6,Id,Account,IDENTIFIER,0,False
Account.Industry,salesforce,Account.Id,0.25,True,DIRECT_CATEGORY_WITH_MIN_COHORT_SIZE,Industry,salesforce:Account:Industry,0.9,Account-level profile/cohort prior. | final_usage=FORMULA_INPUT | final_roles=GROUPING;FILTER | recommended_use=SEGMENT;FILTER,CATEGORICAL,0.95,True,0.5,,CONTEXTUAL,,,ELIGIBLE,,0.6,Industry,picklist,Account,,,0.1,,STATE_SHARE;BREADTH,CATEGORY_OR_TEXT,salesforce,0.95,,0.5,PROFILE_INPUT,,,PROFILE / CRM SOURCE,,,,0.85,Industry,Account,PROFILE_INPUT;COHORT_DIMENSION,0.9,False
Account.IsDeleted,salesforce,Account.Id,0.25,True,DIRECT_CATEGORY_AFTER_PROFILE,Deleted,salesforce:Account:IsDeleted,0.65,Account-level profile/cohort prior. | final_usage=SYSTEM_METADATA | final_roles=SYSTEM_METADATA | recommended_use=IGNORE,CATEGORICAL,0.7,True,0.5,,CONTEXTUAL,,,EXCLUDE,Salesforce system metadata; not business-source evidence.,0.6,Deleted,boolean,Account,,,0.1,,RATE;STATE_SHARE,EVENT_FLAG,salesforce,0.7,,0.5,IGNORE,,,PROFILE / CRM SOURCE,,,,0.85,IsDeleted,Account,SYSTEM_METADATA,0.8,False
Account.Jigsaw,salesforce,Account.Id,0.25,True,PROFILE_CARDINALITY_BEFORE_USE,Data.com Key,salesforce:Account:Jigsaw,0.25,Account-level profile/cohort prior. | final_usage=FORMULA_INPUT | final_roles=GROUPING;FILTER | recommended_use=SEGMENT;FILTER,CATEGORICAL_REVIEW,0.35,False,0.5,,CONTEXTUAL,,,ELIGIBLE,,0.6,Data.com Key,string,Account,,,0.1,,STATE_SHARE;BREADTH,CATEGORY_OR_TEXT,salesforce,0.35,,0.5,PROFILE_INPUT,,,PROFILE / CRM SOURCE,,,,0.85,Jigsaw,Account,PROFILE_INPUT,0.7,False
Account.JigsawCompanyId,salesforce,Account.Id,0.25,True,PROFILE_CARDINALITY_BEFORE_USE,Jigsaw Company ID,salesforce:Account:JigsawCompanyId,0.25,Account-level profile/cohort prior. | final_usage=FORMULA_INPUT | final_roles=GROUPING;FILTER | recommended_use=SEGMENT;FILTER,CATEGORICAL_REVIEW,0.35,False,0.5,,CONTEXTUAL,,,ELIGIBLE,,0.6,Jigsaw Company ID,string,Account,,,0.1,,STATE_SHARE;BREADTH,CATEGORY_OR_TEXT,salesforce,0.35,,0.5,PROFILE_INPUT,,,PROFILE / CRM SOURCE,,,,0.85,JigsawCompanyId,Account,PROFILE_INPUT,0.7,False
Account.Last_Login_Date__c,salesforce,Account.Id,0.25,True,DERIVE_SEMANTIC_INTERVAL_FIRST,Last Login Date,salesforce:Account:Last_Login_Date__c,0.2,Account-level profile/cohort prior. | final_usage=FORMULA_INPUT | final_roles=BUSINESS_DATE;WINDOW | recommended_use=RECENCY;WINDOW,DATE_DERIVED_REVIEW,0.3,False,0.5,,CONTEXTUAL,,,ELIGIBLE,,0.6,Last Login Date,date,Account,,,0.1,TIME_RECENCY;PRODUCT_USAGE,RECENCY;DURATION,TIMEPOINT,salesforce,0.3,,0.5,PROFILE_INPUT,TIME,,PROFILE / CRM SOURCE,historical_recipe_count=2; signal=1; no_signal=1; examples=Days Since Last LogIn | Days Since Last Log-In; recipe_keys=HIST_SFDC_C856BEF68B56EC33A6B4;HIST_SFDC_51A5107A94F0AECE0FB3 | historical_prior_average=0.6,,PRODUCT_SERVICE,0.85,Last_Login_Date__c,Account,PROFILE_INPUT,0.7,False
Account.LastActivityDate,salesforce,Account.Id,0.25,True,DERIVE_SEMANTIC_INTERVAL_FIRST,Last Activity,salesforce:Account:LastActivityDate,0.2,Account-level profile/cohort prior. | final_usage=FORMULA_INPUT | final_roles=BUSINESS_DATE;WINDOW | recommended_use=RECENCY;WINDOW,DATE_DERIVED_REVIEW,0.3,False,0.5,,CONTEXTUAL,,,ELIGIBLE,,0.6,Last Activity,date,Account,,,0.1,PEOPLE_ENGAGEMENT;TIME_RECENCY,RECENCY;DURATION,TIMEPOINT,salesforce,0.3,,0.5,PROFILE_INPUT,TIME,,PROFILE / CRM SOURCE,,,PEOPLE,0.85,LastActivityDate,Account,PROFILE_INPUT,0.7,False
Account.LastModifiedById,salesforce,Account.Id,0.25,True,NONE,Last Modified By ID,salesforce:Account:LastModifiedById,0.1,Account-level profile/cohort prior. | final_usage=SYSTEM_METADATA | final_roles=SYSTEM_METADATA | recommended_use=IGNORE,NOT_RECOMMENDED,0.1,False,0.5,,CONTEXTUAL,,,EXCLUDE,Salesforce system metadata; not business-source evidence.,0.6,Last Modified By ID,reference,Account,,,0.1,,COUNT;TRANSITION,RELATIONSHIP,salesforce,0.1,,0.5,IGNORE,,,PROFILE / CRM SOURCE,,,,0.85,LastModifiedById,Account,SYSTEM_METADATA,0.5,False
Account.LastModifiedDate,salesforce,Account.Id,0.25,True,DERIVE_SEMANTIC_INTERVAL_FIRST,Last Modified Date,salesforce:Account:LastModifiedDate,0.2,Account-level profile/cohort prior. | final_usage=SYSTEM_DATE | final_roles=SYSTEM_METADATA;SYSTEM_DATE | recommended_use=DO_NOT_USE_AS_BUSINESS_TIME,DATE_DERIVED_REVIEW,0.3,False,0.5,,CONTEXTUAL,,,EXCLUDE,Salesforce system metadata; not business-source evidence.,0.6,Last Modified Date,datetime,Account,,,0.1,,RECENCY;DURATION,TIMEPOINT,salesforce,0.3,,0.5,IGNORE,TIME,,PROFILE / CRM SOURCE,,,,0.85,LastModifiedDate,Account,SYSTEM_DATE,0.7,False
Account.LastReferencedDate,salesforce,Account.Id,0.25,True,DERIVE_SEMANTIC_INTERVAL_FIRST,Last Referenced Date,salesforce:Account:LastReferencedDate,0.2,Account-level profile/cohort prior. | final_usage=SYSTEM_METADATA | final_roles=SYSTEM_METADATA | recommended_use=IGNORE,DATE_DERIVED_REVIEW,0.3,False,0.5,,CONTEXTUAL,,,EXCLUDE,Salesforce system metadata; not business-source evidence.,0.6,Last Referenced Date,datetime,Account,,,0.1,,RECENCY;DURATION,TIMEPOINT,salesforce,0.3,,0.5,IGNORE,TIME,,PROFILE / CRM SOURCE,,,,0.85,LastReferencedDate,Account,SYSTEM_METADATA,0.7,False
Account.LastViewedDate,salesforce,Account.Id,0.25,True,DERIVE_SEMANTIC_INTERVAL_FIRST,Last Viewed Date,salesforce:Account:LastViewedDate,0.2,Account-level profile/cohort prior. | final_usage=SYSTEM_METADATA | final_roles=SYSTEM_METADATA | recommended_use=IGNORE,DATE_DERIVED_REVIEW,0.3,False,0.5,,CONTEXTUAL,,,EXCLUDE,Salesforce system metadata; not business-source evidence.,0.6,Last Viewed Date,datetime,Account,,,0.1,,RECENCY;DURATION,TIMEPOINT,salesforce,0.3,,0.5,IGNORE,TIME,,PROFILE / CRM SOURCE,,,,0.85,LastViewedDate,Account,SYSTEM_METADATA,0.7,False
Account.MasterRecordId,salesforce,Account.Id,0.25,True,NONE,Master Record ID,salesforce:Account:MasterRecordId,0.1,Account-level profile/cohort prior. | final_usage=SYSTEM_METADATA | final_roles=SYSTEM_METADATA | recommended_use=IGNORE,NOT_RECOMMENDED,0.1,False,0.5,,CONTEXTUAL,,,EXCLUDE,Salesforce system metadata; not business-source evidence.,0.6,Master Record ID,reference,Account,,,0.1,,COUNT;TRANSITION,RELATIONSHIP,salesforce,0.1,,0.5,IGNORE,,,PROFILE / CRM SOURCE,,,,0.85,MasterRecordId,Account,SYSTEM_METADATA,0.5,False
Account.Mintigo_Score__c,salesforce,Account.Id,0.25,True,QUANTILES_OR_BUSINESS_BANDS,Mintigo Score,salesforce:Account:Mintigo_Score__c,0.65,Account-level profile/cohort prior. | final_usage=FORMULA_INPUT | final_roles=MEASURE | recommended_use=AGGREGATE,NUMERIC_BAND,0.65,True,0.5,,CONTEXTUAL,,,ELIGIBLE,,0.6,Mintigo Score,double,Account,,,0.1,,TREND;VARIABILITY,MEASURE,salesforce,0.65,,0.5,PROFILE_INPUT,,,PROFILE / CRM SOURCE,historical_recipe_count=2; signal=2; no_signal=0; examples=mintigo score | mintigo score; recipe_keys=HIST_SFDC_63366CE8304BD8D34465;HIST_SFDC_63366CE8304BD8D34465 | historical_prior_average=0.75,,,0.85,Mintigo_Score__c,Account,PROFILE_INPUT;COHORT_DIMENSION,0.8,False
Account.NaicsCode,salesforce,Account.Id,0.25,True,PROFILE_CARDINALITY_BEFORE_USE,NAICS Code,salesforce:Account:NaicsCode,0.25,Account-level profile/cohort prior. | final_usage=FORMULA_INPUT | final_roles=GROUPING;FILTER | recommended_use=SEGMENT;FILTER,CATEGORICAL_REVIEW,0.35,False,0.5,,CONTEXTUAL,,,ELIGIBLE,,0.6,NAICS Code,string,Account,,,0.1,,STATE_SHARE;BREADTH,CATEGORY_OR_TEXT,salesforce,0.35,,0.5,PROFILE_INPUT,,,PROFILE / CRM SOURCE,,,,0.85,NaicsCode,Account,PROFILE_INPUT,0.7,False
Account.NaicsDesc,salesforce,Account.Id,0.25,True,NONE,NAICS Description,salesforce:Account:NaicsDesc,0.05,Account-level profile/cohort prior. | final_usage=UNSTRUCTURED_TEXT | final_roles=TEXT | recommended_use=SEMANTIC_EXTRACTION_OR_CONTEXT,NOT_RECOMMENDED,0.05,False,0.5,,CONTEXTUAL,,,ELIGIBLE,,0.6,NAICS Description,string,Account,,,0.1,,STATE_SHARE;BREADTH,CATEGORY_OR_TEXT,salesforce,0.05,,0.5,PROFILE_INPUT,,,PROFILE / CRM SOURCE,,,,0.85,NaicsDesc,Account,PROFILE_INPUT,0.5,False
Account.Name,salesforce,Account.Id,0.25,True,PROFILE_CARDINALITY_BEFORE_USE,Account Name,salesforce:Account:Name,0.25,Account-level profile/cohort prior. | final_usage=FORMULA_INPUT | final_roles=GROUPING;FILTER | recommended_use=SEGMENT;FILTER,CATEGORICAL_REVIEW,0.35,False,0.5,,CONTEXTUAL,,,ELIGIBLE,,0.6,Account Name,string,Account,,,0.1,,STATE_SHARE;BREADTH,CATEGORY_OR_TEXT,salesforce,0.35,,0.5,PROFILE_INPUT,,,PROFILE / CRM SOURCE,,,,0.85,Name,Account,PROFILE_INPUT,0.7,False
Account.New_Account_Owner__c,salesforce,Account.Id,0.25,True,PROFILE_CARDINALITY_BEFORE_USE,New Account Owner,salesforce:Account:New_Account_Owner__c,0.25,Account-level profile/cohort prior. | final_usage=FORMULA_INPUT | final_roles=GROUPING;FILTER;PEOPLE_DIMENSION | recommended_use=SEGMENT;FILTER,CATEGORICAL_REVIEW,0.35,False,0.5,,CONTEXTUAL,,,ELIGIBLE,,0.6,New Account Owner,string,Account,,,0.1,PEOPLE_OWNERSHIP,STATE_SHARE;BREADTH,CATEGORY_OR_TEXT,salesforce,0.35,,0.5,PROFILE_INPUT,PEOPLE,,PROFILE / CRM SOURCE,,,,0.85,New_Account_Owner__c,Account,PROFILE_INPUT,0.7,False
Account.NumberOfEmployees,salesforce,Account.Id,0.25,True,BUSINESS_BANDS_OR_QUANTILES,Employees,salesforce:Account:NumberOfEmployees,0.85,Account-level profile/cohort prior. | final_usage=FORMULA_INPUT | final_roles=MEASURE | recommended_use=AGGREGATE,NUMERIC_BAND,0.9,True,0.5,,CONTEXTUAL,,,ELIGIBLE,,0.6,Employees,int,Account,,,0.1,,TREND;VARIABILITY,MEASURE,salesforce,0.9,,0.5,PROFILE_INPUT,,,PROFILE / CRM SOURCE,historical_recipe_count=2; signal=0; no_signal=2; examples=# employees | emp to acv ratio; recipe_keys=HIST_SFDC_C0301A7EF44D54ABEF9D;HIST_SFDC_D0C13531046AF2815911 | historical_prior_average=0.45,,,0.85,NumberOfEmployees,Account,PROFILE_INPUT;COHORT_DIMENSION,0.9,False
Account.OCX_Account_ID__c,salesforce,Account.Id,0,True,,OCX Account ID,salesforce:Account:OCX_Account_ID__c,0,Account/source linkage field; not a feature itself. | final_usage=LINKAGE | final_roles=LINKAGE | recommended_use=JOIN_ONLY,,0,False,0.5,,CONTEXT_DEPENDENT,,,ELIGIBLE,,0.1,OCX Account ID,string,Account,,,0.05,,STATE_SHARE;BREADTH,CATEGORY_OR_TEXT,salesforce,0,,0,LINKAGE,,,SOURCE LINKAGE,,,,0.95,OCX_Account_ID__c,Account,LINKAGE,0,False
Account.OCX_ACV__c,salesforce,Account.Id,0.25,True,,OCX ACV,salesforce:Account:OCX_ACV__c,0.85,OCX-prefixed field excluded by default; not on explicit source/linkage allowlist. | final_usage=EXCLUDE | final_roles=OUTCOME_OR_DERIVED | recommended_use=NOT_SOURCE_FEATURE,,0.9,False,0.5,,CONTEXTUAL,,,EXCLUDE,,0.6,OCX ACV,currency,Account,,,1,VALUE_COMMERCIAL_GROWTH,MONETARY;TREND;RATIO,MEASURE,salesforce,0.9,,0,OCX_DERIVED,VALUE,,PROFILE / CRM SOURCE,,,,0.85,OCX_ACV__c,Account,OCX_DERIVED;MODEL_OUTPUT,0.9,False
Account.OCX_NPS_Class__c,salesforce,Account.Id,0.05,True,,OCX NPS Class,salesforce:Account:OCX_NPS_Class__c,0,OCX-prefixed field excluded by default; not on explicit source/linkage allowlist. | final_usage=EXCLUDE | final_roles=OUTCOME_OR_DERIVED | recommended_use=NOT_SOURCE_FEATURE,,0,False,0.5,,CONTEXT_DEPENDENT,,,EXCLUDE,,0.05,OCX NPS Class,string,Account,,,1,,STATE_SHARE;BREADTH,CATEGORY_OR_TEXT,salesforce,0,,0,OCX_DERIVED,,,OCX DERIVED / DOWNSTREAM,,,,0.95,OCX_NPS_Class__c,Account,OCX_DERIVED;MODEL_OUTPUT,0,False
Account.OCX_Open_Tickets__c,salesforce,Account.Id,0.25,True,,OCX Open Tickets,salesforce:Account:OCX_Open_Tickets__c,0.65,OCX-prefixed field excluded by default; not on explicit source/linkage allowlist. | final_usage=EXCLUDE | final_roles=OUTCOME_OR_DERIVED | recommended_use=NOT_SOURCE_FEATURE,,0.65,False,0.5,,CONTEXTUAL,,,EXCLUDE,,0.6,OCX Open Tickets,double,Account,,,1,,TREND;VARIABILITY,MEASURE,salesforce,0.65,,0,OCX_DERIVED,,,PROFILE / CRM SOURCE,,,,0.85,OCX_Open_Tickets__c,Account,OCX_DERIVED;MODEL_OUTPUT,0.8,False
Account.OCX_Portfolio_Count__c,salesforce,Account.Id,0.05,True,,OCX Portfolio Count,salesforce:Account:OCX_Portfolio_Count__c,0,OCX-prefixed field excluded by default; not on explicit source/linkage allowlist. | final_usage=EXCLUDE | final_roles=OUTCOME_OR_DERIVED | recommended_use=NOT_SOURCE_FEATURE,,0,False,0.5,,CONTEXT_DEPENDENT,,,EXCLUDE,,0.05,OCX Portfolio Count,double,Account,,,1,,TREND;VARIABILITY,MEASURE,salesforce,0,,0,OCX_DERIVED,,,OCX DERIVED / DOWNSTREAM,,,,0.95,OCX_Portfolio_Count__c,Account,OCX_DERIVED;MODEL_OUTPUT,0,False
Account.OCX_Primary_Product__c,salesforce,Account.Id,0.25,True,,OCX Primary Product,salesforce:Account:OCX_Primary_Product__c,0.85,OCX-prefixed field excluded by default; not on explicit source/linkage allowlist. | final_usage=EXCLUDE | final_roles=OUTCOME_OR_DERIVED | recommended_use=NOT_SOURCE_FEATURE,,0.9,False,0.5,,CONTEXTUAL,,,EXCLUDE,,0.6,OCX Primary Product,string,Account,,,1,PRODUCT_FUNCTIONALITY,STATE_SHARE;BREADTH,CATEGORY_OR_TEXT,salesforce,0.95,,0,OCX_DERIVED,PRODUCT_SERVICE,,PROFILE / CRM SOURCE,,,,0.85,OCX_Primary_Product__c,Account,OCX_DERIVED;MODEL_OUTPUT,0.85,False
Account.OCX_Propensity__c,salesforce,Account.Id,0.05,True,,OCX Propensity,salesforce:Account:OCX_Propensity__c,0,OCX-prefixed field excluded by default; not on explicit source/linkage allowlist. | final_usage=EXCLUDE | final_roles=OUTCOME_OR_DERIVED | recommended_use=NOT_SOURCE_FEATURE,,0,False,0.5,,CONTEXT_DEPENDENT,,,EXCLUDE,,0.05,OCX Propensity,string,Account,,,1,,STATE_SHARE;BREADTH,CATEGORY_OR_TEXT,salesforce,0,,0,OCX_DERIVED,,,OCX DERIVED / DOWNSTREAM,,,,0.95,OCX_Propensity__c,Account,OCX_DERIVED;MODEL_OUTPUT,0,False
Account.OCX_Renewal_Quarter__c,salesforce,Account.Id,0.25,True,,OCX Renewal Quarter,salesforce:Account:OCX_Renewal_Quarter__c,0.25,OCX-prefixed field excluded by default; not on explicit source/linkage allowlist. | final_usage=EXCLUDE | final_roles=OUTCOME_OR_DERIVED | recommended_use=NOT_SOURCE_FEATURE,,0.35,False,0.5,,CONTEXTUAL,,,EXCLUDE,,0.6,OCX Renewal Quarter,string,Account,,,1,VALUE_RENEWAL,STATE_SHARE;BREADTH,CATEGORY_OR_TEXT,salesforce,0.35,,0,OCX_DERIVED,VALUE,,PROFILE / CRM SOURCE,,,,0.85,OCX_Renewal_Quarter__c,Account,OCX_DERIVED;MODEL_OUTPUT,0.7,False
Account.OCX_Revenue_Band__c,salesforce,Account.Id,0.25,True,,OCX Revenue Band,salesforce:Account:OCX_Revenue_Band__c,0.85,OCX-prefixed field excluded by default; not on explicit source/linkage allowlist. | final_usage=EXCLUDE | final_roles=OUTCOME_OR_DERIVED | recommended_use=NOT_SOURCE_FEATURE,,0.9,False,0.5,,CONTEXTUAL,,,EXCLUDE,,0.6,OCX Revenue Band,string,Account,,,1,VALUE_COMMERCIAL_GROWTH,STATE_SHARE;BREADTH,CATEGORY_OR_TEXT,salesforce,0.9,,0,OCX_DERIVED,VALUE,,PROFILE / CRM SOURCE,,,,0.85,OCX_Revenue_Band__c,Account,OCX_DERIVED;MODEL_OUTPUT,0.9,False
Account.OCX_Survey_Mean_LTR__c,salesforce,Account.Id,0.25,True,,OCX Survey Mean LTR,salesforce:Account:OCX_Survey_Mean_LTR__c,0.65,OCX-prefixed field excluded by default; not on explicit source/linkage allowlist. | final_usage=EXCLUDE | final_roles=OUTCOME_OR_DERIVED | recommended_use=NOT_SOURCE_FEATURE,,0.65,False,0.5,,CONTEXTUAL,,,EXCLUDE,,0.6,OCX Survey Mean LTR,double,Account,,,1,,TREND;VARIABILITY,MEASURE,salesforce,0.65,,0,OCX_DERIVED,,,PROFILE / CRM SOURCE,,,,0.85,OCX_Survey_Mean_LTR__c,Account,OCX_DERIVED;MODEL_OUTPUT,0.8,False
Account.OCX_Survey_NPS_Class__c,salesforce,Account.Id,0.25,True,,OCX Survey NPS Class,salesforce:Account:OCX_Survey_NPS_Class__c,0.25,OCX-prefixed field excluded by default; not on explicit source/linkage allowlist. | final_usage=EXCLUDE | final_roles=OUTCOME_OR_DERIVED | recommended_use=NOT_SOURCE_FEATURE,,0.35,False,0.5,,CONTEXTUAL,,,EXCLUDE,,0.6,OCX Survey NPS Class,string,Account,,,1,,STATE_SHARE;BREADTH,CATEGORY_OR_TEXT,salesforce,0.35,,0,OCX_DERIVED,,,PROFILE / CRM SOURCE,,,,0.85,OCX_Survey_NPS_Class__c,Account,OCX_DERIVED;MODEL_OUTPUT,0.7,False
Account.OCX_Tenure__c,salesforce,Account.Id,0.25,True,,OCX Tenure,salesforce:Account:OCX_Tenure__c,0.25,OCX-prefixed field excluded by default; not on explicit source/linkage allowlist. | final_usage=EXCLUDE | final_roles=OUTCOME_OR_DERIVED | recommended_use=NOT_SOURCE_FEATURE,,0.35,False,0.5,,CONTEXTUAL,,,EXCLUDE,,0.6,OCX Tenure,string,Account,,,1,PEOPLE_TENURE,STATE_SHARE;BREADTH,CATEGORY_OR_TEXT,salesforce,0.35,,0,OCX_DERIVED,PEOPLE,,PROFILE / CRM SOURCE,,,,0.85,OCX_Tenure__c,Account,OCX_DERIVED;MODEL_OUTPUT,0.7,False
Account.OperatingHoursId,salesforce,Account.Id,0.25,True,NONE,Operating Hour ID,salesforce:Account:OperatingHoursId,0.1,Account-level profile/cohort prior. | final_usage=FORMULA_INPUT | final_roles=GROUPING;HANDOFF_OR_OWNERSHIP | recommended_use=COUNT_DISTINCT;TRANSITION,NOT_RECOMMENDED,0.1,False,0.5,,CONTEXTUAL,,,ELIGIBLE,,0.6,Operating Hour ID,reference,Account,,,0.1,,COUNT;TRANSITION,RELATIONSHIP,salesforce,0.1,,0.5,PROFILE_INPUT,,,PROFILE / CRM SOURCE,,,,0.85,OperatingHoursId,Account,PROFILE_INPUT,0.5,False
Account.OwnerId,salesforce,Account.Id,0.25,True,NONE,Owner ID,salesforce:Account:OwnerId,0.1,Account-level profile/cohort prior. | final_usage=FORMULA_INPUT | final_roles=GROUPING;HANDOFF_OR_OWNERSHIP;PEOPLE_DIMENSION | recommended_use=COUNT_DISTINCT;TRANSITION,NOT_RECOMMENDED,0.1,False,0.5,,CONTEXTUAL,,,ELIGIBLE,,0.6,Owner ID,reference,Account,,,0.1,PEOPLE_OWNERSHIP,COUNT;TRANSITION,RELATIONSHIP,salesforce,0.1,,0.5,PROFILE_INPUT,PEOPLE,,PROFILE / CRM SOURCE,,,,0.85,OwnerId,Account,PROFILE_INPUT,0.5,False
Account.Ownership,salesforce,Account.Id,0.25,True,DIRECT_CATEGORY_AFTER_PROFILE,Ownership,salesforce:Account:Ownership,0.65,Account-level profile/cohort prior. | final_usage=FORMULA_INPUT | final_roles=GROUPING;FILTER;PEOPLE_DIMENSION | recommended_use=SEGMENT;FILTER,CATEGORICAL,0.7,True,0.5,,CONTEXTUAL,,,ELIGIBLE,,0.6,Ownership,picklist,Account,,,0.1,PEOPLE_OWNERSHIP,STATE_SHARE;BREADTH,CATEGORY_OR_TEXT,salesforce,0.7,,0.5,PROFILE_INPUT,PEOPLE,,PROFILE / CRM SOURCE,,,,0.85,Ownership,Account,PROFILE_INPUT;COHORT_DIMENSION,0.8,False
Account.ParentId,salesforce,Account.Id,0.25,True,NONE,Parent Account ID,salesforce:Account:ParentId,0.1,Account-level profile/cohort prior. | final_usage=FORMULA_INPUT | final_roles=GROUPING;HANDOFF_OR_OWNERSHIP | recommended_use=COUNT_DISTINCT;TRANSITION,NOT_RECOMMENDED,0.1,False,0.5,,CONTEXTUAL,,,ELIGIBLE,,0.6,Parent Account ID,reference,Account,,,0.1,,COUNT;TRANSITION,RELATIONSHIP,salesforce,0.1,,0.5,PROFILE_INPUT,,,PROFILE / CRM SOURCE,,,,0.85,ParentId,Account,PROFILE_INPUT,0.5,False
Account.Phone,salesforce,Account.Id,0.25,False,NONE,Account Phone,salesforce:Account:Phone,0.05,Account-level profile/cohort prior. | final_usage=FORMULA_INPUT | final_roles=CONTEXT | recommended_use=REVIEW,NOT_RECOMMENDED,0.05,False,0.5,,CONTEXTUAL,,,ELIGIBLE,,0.6,Account Phone,phone,Account,,,0.1,,,CATEGORY_OR_TEXT,salesforce,0.05,,0.5,PROFILE_INPUT,,,PROFILE / CRM SOURCE,,,,0.85,Phone,Account,PROFILE_INPUT,0.5,False
Account.PhotoUrl,salesforce,Account.Id,0.25,False,NONE,Photo URL,salesforce:Account:PhotoUrl,0.1,Account-level profile/cohort prior. | final_usage=FORMULA_INPUT | final_roles=CONTEXT | recommended_use=REVIEW,NOT_RECOMMENDED,0.1,False,0.5,,CONTEXTUAL,,,ELIGIBLE,,0.6,Photo URL,url,Account,,,0.1,,,CATEGORY_OR_TEXT,salesforce,0.1,,0.5,PROFILE_INPUT,,,PROFILE / CRM SOURCE,,,,0.85,PhotoUrl,Account,PROFILE_INPUT,0.5,False
Account.Previous_Account_Owner__c,salesforce,Account.Id,0.25,True,PROFILE_CARDINALITY_BEFORE_USE,Previous Account Owner,salesforce:Account:Previous_Account_Owner__c,0.25,Account-level profile/cohort prior. | final_usage=FORMULA_INPUT | final_roles=GROUPING;FILTER;PEOPLE_DIMENSION | recommended_use=SEGMENT;FILTER,CATEGORICAL_REVIEW,0.35,False,0.5,,CONTEXTUAL,,,ELIGIBLE,,0.6,Previous Account Owner,string,Account,,,0.1,PEOPLE_OWNERSHIP,STATE_SHARE;BREADTH,CATEGORY_OR_TEXT,salesforce,0.35,,0.5,PROFILE_INPUT,PEOPLE,,PROFILE / CRM SOURCE,,,,0.85,Previous_Account_Owner__c,Account,PROFILE_INPUT,0.7,False
Account.Product_Family_List__c,salesforce,Account.Id,0.25,True,NORMALIZED_PRODUCT_CATEGORY,Product Family List,salesforce:Account:Product_Family_List__c,0.85,Account-level profile/cohort prior. | final_usage=FORMULA_INPUT | final_roles=GROUPING;FILTER;PRODUCT_SERVICE_DIMENSION | recommended_use=SEGMENT;FILTER,CATEGORICAL,0.9,True,0.5,,CONTEXTUAL,,,ELIGIBLE,,0.6,Product Family List,string,Account,,,0.1,PRODUCT_FUNCTIONALITY,STATE_SHARE;BREADTH,CATEGORY_OR_TEXT,salesforce,0.95,,0.5,PROFILE_INPUT,PRODUCT_SERVICE,,PROFILE / CRM SOURCE,,,,0.85,Product_Family_List__c,Account,PROFILE_INPUT;COHORT_DIMENSION,0.85,False
Account.Product_Family_Number__c,salesforce,Account.Id,0.25,True,NORMALIZED_PRODUCT_CATEGORY,Product Family Number,salesforce:Account:Product_Family_Number__c,0.85,Account-level profile/cohort prior. | final_usage=FORMULA_INPUT | final_roles=MEASURE;PRODUCT_SERVICE_DIMENSION | recommended_use=AGGREGATE,CATEGORICAL,0.9,True,0.5,,CONTEXTUAL,,,ELIGIBLE,,0.6,Product Family Number,double,Account,,,0.1,PRODUCT_FUNCTIONALITY,TREND;VARIABILITY,MEASURE,salesforce,0.95,,0.5,PROFILE_INPUT,PRODUCT_SERVICE,,PROFILE / CRM SOURCE,historical_recipe_count=1; signal=0; no_signal=1; examples=# products; recipe_keys=HIST_SFDC_C1F7AAB32D3B9B623024 | historical_prior_average=0.45,,,0.85,Product_Family_Number__c,Account,PROFILE_INPUT;COHORT_DIMENSION,0.85,False
Account.Rating,salesforce,Account.Id,0.25,True,DIRECT_CATEGORY_AFTER_PROFILE,Account Rating,salesforce:Account:Rating,0.65,Account-level profile/cohort prior. | final_usage=FORMULA_INPUT | final_roles=GROUPING;FILTER | recommended_use=SEGMENT;FILTER,CATEGORICAL,0.7,True,0.5,,CONTEXTUAL,,,ELIGIBLE,,0.6,Account Rating,picklist,Account,,,0.1,,STATE_SHARE;BREADTH,CATEGORY_OR_TEXT,salesforce,0.7,,0.5,PROFILE_INPUT,,,PROFILE / CRM SOURCE,,,,0.85,Rating,Account,PROFILE_INPUT;COHORT_DIMENSION,0.8,False
Account.Region__c,salesforce,Account.Id,0.25,True,DIRECT_CATEGORY_WITH_MIN_COHORT_SIZE,Region,salesforce:Account:Region__c,0.9,Account-level profile/cohort prior. | final_usage=FORMULA_INPUT | final_roles=GROUPING;FILTER | recommended_use=SEGMENT;FILTER,CATEGORICAL,0.95,True,0.5,,CONTEXTUAL,,,ELIGIBLE,,0.6,Region,string,Account,,,0.1,,STATE_SHARE;BREADTH,CATEGORY_OR_TEXT,salesforce,0.95,,0.5,PROFILE_INPUT,,,PROFILE / CRM SOURCE,historical_recipe_count=1; signal=0; no_signal=1; examples=Region Cohort; recipe_keys=HIST_SFDC_B88F223EFD8FADEC2068 | historical_prior_average=0.45,,,0.85,Region__c,Account,PROFILE_INPUT;COHORT_DIMENSION,0.9,False
Account.Renewal_Date__c,salesforce,Account.Id,0.25,True,DERIVE_SEMANTIC_INTERVAL_FIRST,Renewal Date,salesforce:Account:Renewal_Date__c,0.2,Account-level profile/cohort prior. | final_usage=FORMULA_INPUT | final_roles=BUSINESS_DATE;WINDOW;VALUE_DIMENSION | recommended_use=RECENCY;WINDOW,DATE_DERIVED_REVIEW,0.3,False,0.5,,CONTEXTUAL,,,ELIGIBLE,,0.6,Renewal Date,date,Account,,,0.1,VALUE_RENEWAL,RECENCY;DURATION,TIMEPOINT,salesforce,0.3,,0.5,PROFILE_INPUT,VALUE,,PROFILE / CRM SOURCE,,,TIME,0.85,Renewal_Date__c,Account,PROFILE_INPUT,0.7,False
Account.Renewals_Manager_Name__c,salesforce,Account.Id,0.25,True,PROFILE_CARDINALITY_BEFORE_USE,Renewals Manager Name,salesforce:Account:Renewals_Manager_Name__c,0.25,Account-level profile/cohort prior. | final_usage=FORMULA_INPUT | final_roles=GROUPING;FILTER;PEOPLE_DIMENSION;VALUE_DIMENSION | recommended_use=SEGMENT;FILTER,CATEGORICAL_REVIEW,0.35,False,0.5,,CONTEXTUAL,,,ELIGIBLE,,0.6,Renewals Manager Name,string,Account,,,0.1,VALUE_RENEWAL,STATE_SHARE;BREADTH,CATEGORY_OR_TEXT,salesforce,0.35,,0.5,PROFILE_INPUT,VALUE,,PROFILE / CRM SOURCE,historical_recipe_count=1; signal=0; no_signal=1; examples=Renewal Manager Cohort; recipe_keys=HIST_SFDC_01FD2F3FF98EF7183A37 | historical_prior_average=0.45,,,0.85,Renewals_Manager_Name__c,Account,PROFILE_INPUT,0.7,False
Account.Shipping_Country_Code__c,salesforce,Account.Id,0.25,True,DIRECT_CATEGORY_WITH_MIN_COHORT_SIZE,Shipping Country Code (Source),salesforce:Account:Shipping_Country_Code__c,0.9,Account-level profile/cohort prior. | final_usage=FORMULA_INPUT | final_roles=GROUPING;FILTER | recommended_use=SEGMENT;FILTER,CATEGORICAL,0.95,True,0.5,,CONTEXTUAL,,,ELIGIBLE,,0.6,Shipping Country Code (Source),string,Account,,,0.1,,STATE_SHARE;BREADTH,CATEGORY_OR_TEXT,salesforce,0.95,,0.5,PROFILE_INPUT,,,PROFILE / CRM SOURCE,,,,0.85,Shipping_Country_Code__c,Account,PROFILE_INPUT;COHORT_DIMENSION,0.9,False
Account.Shipping_State_Code__c,salesforce,Account.Id,0.25,True,DIRECT_CATEGORY_WITH_MIN_COHORT_SIZE,Shipping State Code (Source),salesforce:Account:Shipping_State_Code__c,0.9,Account-level profile/cohort prior. | final_usage=FORMULA_INPUT | final_roles=GROUPING;FILTER;PROCESS_DIMENSION | recommended_use=SEGMENT;FILTER,CATEGORICAL,0.95,True,0.5,,CONTEXTUAL,,,ELIGIBLE,,0.6,Shipping State Code (Source),string,Account,,,0.1,PROCESS_STEPS,STATE_SHARE;BREADTH,CATEGORY_OR_TEXT,salesforce,0.95,,0.5,PROFILE_INPUT,PROCESS,,PROFILE / CRM SOURCE,,,,0.85,Shipping_State_Code__c,Account,PROFILE_INPUT;COHORT_DIMENSION,0.9,False
Account.ShippingAddress,salesforce,Account.Id,0.25,False,NONE,Shipping Address,salesforce:Account:ShippingAddress,0.1,Account-level profile/cohort prior. | final_usage=FORMULA_INPUT | final_roles=CONTEXT | recommended_use=REVIEW,NOT_RECOMMENDED,0.1,False,0.5,,CONTEXTUAL,,,ELIGIBLE,,0.6,Shipping Address,address,Account,,,0.1,,,CATEGORY_OR_TEXT,salesforce,0.1,,0.5,PROFILE_INPUT,,,PROFILE / CRM SOURCE,,,,0.85,ShippingAddress,Account,PROFILE_INPUT,0.5,False
Account.ShippingCity,salesforce,Account.Id,0.25,True,PROFILE_CARDINALITY_BEFORE_USE,Shipping City,salesforce:Account:ShippingCity,0.25,Account-level profile/cohort prior. | final_usage=FORMULA_INPUT | final_roles=GROUPING;FILTER | recommended_use=SEGMENT;FILTER,CATEGORICAL_REVIEW,0.35,False,0.5,,CONTEXTUAL,,,ELIGIBLE,,0.6,Shipping City,string,Account,,,0.1,,STATE_SHARE;BREADTH,CATEGORY_OR_TEXT,salesforce,0.35,,0.5,PROFILE_INPUT,,,PROFILE / CRM SOURCE,historical_recipe_count=1; signal=0; no_signal=1; examples=Shipping City Cohort; recipe_keys=HIST_SFDC_73D430B4376142E4D4C0 | historical_prior_average=0.45,,,0.85,ShippingCity,Account,PROFILE_INPUT,0.7,False
Account.ShippingCountry,salesforce,Account.Id,0.25,True,DIRECT_CATEGORY_WITH_MIN_COHORT_SIZE,Shipping Country,salesforce:Account:ShippingCountry,0.9,Account-level profile/cohort prior. | final_usage=FORMULA_INPUT | final_roles=GROUPING;FILTER | recommended_use=SEGMENT;FILTER,CATEGORICAL,0.95,True,0.5,,CONTEXTUAL,,,ELIGIBLE,,0.6,Shipping Country,string,Account,,,0.1,,STATE_SHARE;BREADTH,CATEGORY_OR_TEXT,salesforce,0.95,,0.5,PROFILE_INPUT,,,PROFILE / CRM SOURCE,historical_recipe_count=1; signal=0; no_signal=1; examples=Ship Country Cohort; recipe_keys=HIST_SFDC_B3E95EB576462984D41B | historical_prior_average=0.45,,,0.85,ShippingCountry,Account,PROFILE_INPUT;COHORT_DIMENSION,0.9,False
Account.ShippingGeocodeAccuracy,salesforce,Account.Id,0.25,True,DIRECT_CATEGORY_AFTER_PROFILE,Shipping Geocode Accuracy,salesforce:Account:ShippingGeocodeAccuracy,0.65,Account-level profile/cohort prior. | final_usage=FORMULA_INPUT | final_roles=GROUPING;FILTER | recommended_use=SEGMENT;FILTER,CATEGORICAL,0.7,True,0.5,,CONTEXTUAL,,,ELIGIBLE,,0.6,Shipping Geocode Accuracy,picklist,Account,,,0.1,INFO_ACCURACY,STATE_SHARE;BREADTH,CATEGORY_OR_TEXT,salesforce,0.7,,0.5,PROFILE_INPUT,INFORMATION,,PROFILE / CRM SOURCE,,,,0.85,ShippingGeocodeAccuracy,Account,PROFILE_INPUT;COHORT_DIMENSION,0.8,False
Account.ShippingLatitude,salesforce,Account.Id,0.25,True,QUANTILES_OR_BUSINESS_BANDS,Shipping Latitude,salesforce:Account:ShippingLatitude,0.65,Account-level profile/cohort prior. | final_usage=FORMULA_INPUT | final_roles=MEASURE | recommended_use=AGGREGATE,NUMERIC_BAND,0.65,True,0.5,,CONTEXTUAL,,,ELIGIBLE,,0.6,Shipping Latitude,double,Account,,,0.1,,TREND;VARIABILITY,MEASURE,salesforce,0.65,,0.5,PROFILE_INPUT,,,PROFILE / CRM SOURCE,,,,0.85,ShippingLatitude,Account,PROFILE_INPUT;COHORT_DIMENSION,0.8,False
Account.ShippingLongitude,salesforce,Account.Id,0.25,True,QUANTILES_OR_BUSINESS_BANDS,Shipping Longitude,salesforce:Account:ShippingLongitude,0.65,Account-level profile/cohort prior. | final_usage=FORMULA_INPUT | final_roles=MEASURE | recommended_use=AGGREGATE,NUMERIC_BAND,0.65,True,0.5,,CONTEXTUAL,,,ELIGIBLE,,0.6,Shipping Longitude,double,Account,,,0.1,,TREND;VARIABILITY,MEASURE,salesforce,0.65,,0.5,PROFILE_INPUT,,,PROFILE / CRM SOURCE,,,,0.85,ShippingLongitude,Account,PROFILE_INPUT;COHORT_DIMENSION,0.8,False
Account.ShippingPostalCode,salesforce,Account.Id,0.25,True,NONE,Shipping Zip/Postal Code,salesforce:Account:ShippingPostalCode,0.05,Account-level profile/cohort prior. | final_usage=FORMULA_INPUT | final_roles=GROUPING;FILTER | recommended_use=SEGMENT;FILTER,NOT_RECOMMENDED,0.05,False,0.5,,CONTEXTUAL,,,ELIGIBLE,,0.6,Shipping Zip/Postal Code,string,Account,,,0.1,,STATE_SHARE;BREADTH,CATEGORY_OR_TEXT,salesforce,0.05,,0.5,PROFILE_INPUT,,,PROFILE / CRM SOURCE,,,,0.85,ShippingPostalCode,Account,PROFILE_INPUT,0.5,False
Account.ShippingState,salesforce,Account.Id,0.25,True,DIRECT_CATEGORY_WITH_MIN_COHORT_SIZE,Shipping State/Province,salesforce:Account:ShippingState,0.9,Account-level profile/cohort prior. | final_usage=FORMULA_INPUT | final_roles=GROUPING;FILTER;PROCESS_DIMENSION | recommended_use=SEGMENT;FILTER,CATEGORICAL,0.95,True,0.5,,CONTEXTUAL,,,ELIGIBLE,,0.6,Shipping State/Province,string,Account,,,0.1,PROCESS_STEPS,STATE_SHARE;BREADTH,CATEGORY_OR_TEXT,salesforce,0.95,,0.5,PROFILE_INPUT,PROCESS,,PROFILE / CRM SOURCE,historical_recipe_count=1; signal=0; no_signal=1; examples=Ship State Cohort; recipe_keys=HIST_SFDC_8C313B3EA23E1596F36C | historical_prior_average=0.45,,,0.85,ShippingState,Account,PROFILE_INPUT;COHORT_DIMENSION,0.9,False
Account.ShippingStreet,salesforce,Account.Id,0.25,False,NONE,Shipping Street,salesforce:Account:ShippingStreet,0.05,Account-level profile/cohort prior. | final_usage=UNSTRUCTURED_TEXT | final_roles=TEXT | recommended_use=SEMANTIC_EXTRACTION_OR_CONTEXT,NOT_RECOMMENDED,0.05,False,0.5,,CONTEXTUAL,,,ELIGIBLE,,0.6,Shipping Street,textarea,Account,,,0.1,,,CATEGORY_OR_TEXT,salesforce,0.05,,0.5,PROFILE_INPUT,,,PROFILE / CRM SOURCE,,,,0.85,ShippingStreet,Account,PROFILE_INPUT,0.5,False
Account.Sic,salesforce,Account.Id,0.25,True,PROFILE_CARDINALITY_BEFORE_USE,SIC Code,salesforce:Account:Sic,0.25,Account-level profile/cohort prior. | final_usage=FORMULA_INPUT | final_roles=GROUPING;FILTER | recommended_use=SEGMENT;FILTER,CATEGORICAL_REVIEW,0.35,False,0.5,,CONTEXTUAL,,,ELIGIBLE,,0.6,SIC Code,string,Account,,,0.1,,STATE_SHARE;BREADTH,CATEGORY_OR_TEXT,salesforce,0.35,,0.5,PROFILE_INPUT,,,PROFILE / CRM SOURCE,,,,0.85,Sic,Account,PROFILE_INPUT,0.7,False
Account.SicDesc,salesforce,Account.Id,0.25,True,NONE,SIC Description,salesforce:Account:SicDesc,0.05,Account-level profile/cohort prior. | final_usage=UNSTRUCTURED_TEXT | final_roles=TEXT | recommended_use=SEMANTIC_EXTRACTION_OR_CONTEXT,NOT_RECOMMENDED,0.05,False,0.5,,CONTEXTUAL,,,ELIGIBLE,,0.6,SIC Description,string,Account,,,0.1,,STATE_SHARE;BREADTH,CATEGORY_OR_TEXT,salesforce,0.05,,0.5,PROFILE_INPUT,,,PROFILE / CRM SOURCE,,,,0.85,SicDesc,Account,PROFILE_INPUT,0.5,False
Account.Site,salesforce,Account.Id,0.25,True,PROFILE_CARDINALITY_BEFORE_USE,Account Site,salesforce:Account:Site,0.25,Account-level profile/cohort prior. | final_usage=FORMULA_INPUT | final_roles=GROUPING;FILTER | recommended_use=SEGMENT;FILTER,CATEGORICAL_REVIEW,0.35,False,0.5,,CONTEXTUAL,,,ELIGIBLE,,0.6,Account Site,string,Account,,,0.1,,STATE_SHARE;BREADTH,CATEGORY_OR_TEXT,salesforce,0.35,,0.5,PROFILE_INPUT,,,PROFILE / CRM SOURCE,,,,0.85,Site,Account,PROFILE_INPUT,0.7,False
Account.Source_Account_Type__c,salesforce,Account.Id,0.25,True,DIRECT_CATEGORY_WITH_MIN_COHORT_SIZE,Account Type (Source),salesforce:Account:Source_Account_Type__c,0.9,Account-level profile/cohort prior. | final_usage=FORMULA_INPUT | final_roles=GROUPING;FILTER;PROCESS_DIMENSION | recommended_use=SEGMENT;FILTER,CATEGORICAL,0.95,True,0.5,,CONTEXTUAL,,,ELIGIBLE,,0.6,Account Type (Source),string,Account,,,0.1,PROCESS_STEPS;PROCESS_COMPLETION;PROCESS_COMPLIANCE,STATE_SHARE;BREADTH,CATEGORY_OR_TEXT,salesforce,0.95,,0.5,PROFILE_INPUT,PROCESS,,PROFILE / CRM SOURCE,,,,0.85,Source_Account_Type__c,Account,PROFILE_INPUT;COHORT_DIMENSION,0.9,False
Account.Source_ACV__c,salesforce,Account.Id,0.25,True,BUSINESS_BANDS_OR_QUANTILES,Source ACV,salesforce:Account:Source_ACV__c,0.85,Account-level profile/cohort prior. | final_usage=FORMULA_INPUT | final_roles=MEASURE;VALUE_DIMENSION | recommended_use=AGGREGATE,NUMERIC_BAND,0.9,True,0.5,,CONTEXTUAL,,,ELIGIBLE,,0.6,Source ACV,currency,Account,,,0.1,VALUE_COMMERCIAL_GROWTH,MONETARY;TREND;RATIO,MEASURE,salesforce,0.9,,0.5,PROFILE_INPUT,VALUE,,PROFILE / CRM SOURCE,historical_recipe_count=4; signal=1; no_signal=3; examples=Account complexity flag | ACV | ACV in currency | emp to acv ratio; recipe_keys=HIST_SFDC_C4E2515341C7BC5E7891;HIST_SFDC_E7ED85773A3E29BD1428;HIST_SFDC_DFB8B46E57DD77BE1E39;HIST_SFDC_D0C13531046AF2815911 | historical_prior_average=0.525,,,0.85,Source_ACV__c,Account,PROFILE_INPUT;COHORT_DIMENSION,0.9,False
Account.Source_Created_Date__c,salesforce,Account.Id,0.25,True,DERIVE_SEMANTIC_INTERVAL_FIRST,Created Date (Source),salesforce:Account:Source_Created_Date__c,0.2,Account-level profile/cohort prior. | final_usage=FORMULA_INPUT | final_roles=BUSINESS_DATE;WINDOW | recommended_use=RECENCY;WINDOW,DATE_DERIVED_REVIEW,0.3,False,0.5,,CONTEXTUAL,,,ELIGIBLE,,0.6,Created Date (Source),date,Account,,,0.1,,RECENCY;DURATION,TIMEPOINT,salesforce,0.3,,0.5,PROFILE_INPUT,TIME,,PROFILE / CRM SOURCE,,,,0.85,Source_Created_Date__c,Account,PROFILE_INPUT,0.7,False
Account.Source_Currency__c,salesforce,Account.Id,0.25,True,PROFILE_CARDINALITY_BEFORE_USE,Currency (Source),salesforce:Account:Source_Currency__c,0.25,Account-level profile/cohort prior. | final_usage=FORMULA_INPUT | final_roles=GROUPING;FILTER | recommended_use=SEGMENT;FILTER,CATEGORICAL_REVIEW,0.35,False,0.5,,CONTEXTUAL,,,ELIGIBLE,,0.6,Currency (Source),string,Account,,,0.1,,STATE_SHARE;BREADTH,CATEGORY_OR_TEXT,salesforce,0.35,,0.5,PROFILE_INPUT,,,PROFILE / CRM SOURCE,historical_recipe_count=1; signal=0; no_signal=1; examples=Currency Cohort; recipe_keys=HIST_SFDC_A82D77F54B430EE092B8 | historical_prior_average=0.45,,,0.85,Source_Currency__c,Account,PROFILE_INPUT,0.7,False
Account.Source_Currency_Conversion_Rate__c,salesforce,Account.Id,0.25,True,QUANTILES_OR_BUSINESS_BANDS,Currency Conversion Rate (Source),salesforce:Account:Source_Currency_Conversion_Rate__c,0.65,Account-level profile/cohort prior. | final_usage=FORMULA_INPUT | final_roles=MEASURE | recommended_use=AGGREGATE,NUMERIC_BAND,0.65,True,0.5,,CONTEXTUAL,,,ELIGIBLE,,0.6,Currency Conversion Rate (Source),double,Account,,,0.1,,TREND;VARIABILITY,MEASURE,salesforce,0.65,,0.5,PROFILE_INPUT,,,PROFILE / CRM SOURCE,historical_recipe_count=1; signal=0; no_signal=1; examples=Currency Conversion rate; recipe_keys=HIST_SFDC_0E8E53A991749E32758A | historical_prior_average=0.45,,,0.85,Source_Currency_Conversion_Rate__c,Account,PROFILE_INPUT;COHORT_DIMENSION,0.8,False
Account.Source_Industry__c,salesforce,Account.Id,0.25,True,DIRECT_CATEGORY_WITH_MIN_COHORT_SIZE,Industry (Source),salesforce:Account:Source_Industry__c,0.9,Account-level profile/cohort prior. | final_usage=FORMULA_INPUT | final_roles=GROUPING;FILTER | recommended_use=SEGMENT;FILTER,CATEGORICAL,0.95,True,0.5,,CONTEXTUAL,,,ELIGIBLE,,0.6,Industry (Source),string,Account,,,0.1,,STATE_SHARE;BREADTH,CATEGORY_OR_TEXT,salesforce,0.95,,0.5,PROFILE_INPUT,,,PROFILE / CRM SOURCE,historical_recipe_count=1; signal=0; no_signal=1; examples=Industry Cohort; recipe_keys=HIST_SFDC_44575534647E7907D8B9 | historical_prior_average=0.45,,,0.85,Source_Industry__c,Account,PROFILE_INPUT;COHORT_DIMENSION,0.9,False
Account.Source_Owner_Name__c,salesforce,Account.Id,0.25,True,PROFILE_CARDINALITY_BEFORE_USE,Source Owner Name,salesforce:Account:Source_Owner_Name__c,0.25,Account-level profile/cohort prior. | final_usage=FORMULA_INPUT | final_roles=GROUPING;FILTER;PEOPLE_DIMENSION | recommended_use=SEGMENT;FILTER,CATEGORICAL_REVIEW,0.35,False,0.5,,CONTEXTUAL,,,ELIGIBLE,,0.6,Source Owner Name,string,Account,,,0.1,PEOPLE_OWNERSHIP,STATE_SHARE;BREADTH,CATEGORY_OR_TEXT,salesforce,0.35,,0.5,PROFILE_INPUT,PEOPLE,,PROFILE / CRM SOURCE,historical_recipe_count=1; signal=0; no_signal=1; examples=Account Owner cohort; recipe_keys=HIST_SFDC_811355AB21CFF3645207 | historical_prior_average=0.45,,,0.85,Source_Owner_Name__c,Account,PROFILE_INPUT,0.7,False
Account.Super_User_Ratio__c,salesforce,Account.Id,0.25,True,QUANTILES_OR_BUSINESS_BANDS,Super User Ratio,salesforce:Account:Super_User_Ratio__c,0.65,Account-level profile/cohort prior. | final_usage=FORMULA_INPUT | final_roles=MEASURE | recommended_use=AGGREGATE,NUMERIC_BAND,0.65,True,0.5,,CONTEXTUAL,,,ELIGIBLE,,0.6,Super User Ratio,double,Account,,,0.1,,TREND;VARIABILITY,MEASURE,salesforce,0.65,,0.5,PROFILE_INPUT,,,PROFILE / CRM SOURCE,historical_recipe_count=1; signal=1; no_signal=0; examples=super_user_ratio; recipe_keys=HIST_SFDC_C166D1901F1A46D61F01 | historical_prior_average=0.75,,,0.85,Super_User_Ratio__c,Account,PROFILE_INPUT;COHORT_DIMENSION,0.8,False
Account.Super_Users__c,salesforce,Account.Id,0.25,True,QUANTILES_OR_BUSINESS_BANDS,Super Users,salesforce:Account:Super_Users__c,0.65,Account-level profile/cohort prior. | final_usage=FORMULA_INPUT | final_roles=MEASURE | recommended_use=AGGREGATE,NUMERIC_BAND,0.65,True,0.5,,CONTEXTUAL,,,ELIGIBLE,,0.6,Super Users,double,Account,,,0.1,PRODUCT_ADOPTION,TREND;VARIABILITY,MEASURE,salesforce,0.65,,0.5,PROFILE_INPUT,PRODUCT_SERVICE,,PROFILE / CRM SOURCE,historical_recipe_count=1; signal=1; no_signal=0; examples=# super users; recipe_keys=HIST_SFDC_A2B318D7B7930F5D3429 | historical_prior_average=0.75,,,0.85,Super_Users__c,Account,PROFILE_INPUT;COHORT_DIMENSION,0.8,False
Account.SystemModstamp,salesforce,Account.Id,0.25,True,DERIVE_SEMANTIC_INTERVAL_FIRST,System Modstamp,salesforce:Account:SystemModstamp,0.2,Account-level profile/cohort prior. | final_usage=SYSTEM_METADATA | final_roles=SYSTEM_METADATA | recommended_use=IGNORE,DATE_DERIVED_REVIEW,0.3,False,0.5,,CONTEXTUAL,,,EXCLUDE,Salesforce system metadata; not business-source evidence.,0.6,System Modstamp,datetime,Account,,,0.1,,RECENCY;DURATION,TIMEPOINT,salesforce,0.3,,0.5,IGNORE,,,PROFILE / CRM SOURCE,,,,0.85,SystemModstamp,Account,SYSTEM_METADATA,0.7,False
Account.Territory_Manager_Name__c,salesforce,Account.Id,0.25,True,PROFILE_CARDINALITY_BEFORE_USE,Territory Manager Name,salesforce:Account:Territory_Manager_Name__c,0.25,Account-level profile/cohort prior. | final_usage=FORMULA_INPUT | final_roles=GROUPING;FILTER;PEOPLE_DIMENSION | recommended_use=SEGMENT;FILTER,CATEGORICAL_REVIEW,0.35,False,0.5,,CONTEXTUAL,,,ELIGIBLE,,0.6,Territory Manager Name,string,Account,,,0.1,PEOPLE_OWNERSHIP;PEOPLE_ROLE;PEOPLE_HANDOFF,STATE_SHARE;BREADTH,CATEGORY_OR_TEXT,salesforce,0.35,,0.5,PROFILE_INPUT,PEOPLE,,PROFILE / CRM SOURCE,historical_recipe_count=1; signal=0; no_signal=1; examples=Territory Manager Cohort; recipe_keys=HIST_SFDC_20752299A5D3E06B1D7C | historical_prior_average=0.45,,,0.85,Territory_Manager_Name__c,Account,PROFILE_INPUT,0.7,False
Account.TickerSymbol,salesforce,Account.Id,0.25,True,PROFILE_CARDINALITY_BEFORE_USE,Ticker Symbol,salesforce:Account:TickerSymbol,0.25,Account-level profile/cohort prior. | final_usage=FORMULA_INPUT | final_roles=GROUPING;FILTER | recommended_use=SEGMENT;FILTER,CATEGORICAL_REVIEW,0.35,False,0.5,,CONTEXTUAL,,,ELIGIBLE,,0.6,Ticker Symbol,string,Account,,,0.1,,STATE_SHARE;BREADTH,CATEGORY_OR_TEXT,salesforce,0.35,,0.5,PROFILE_INPUT,,,PROFILE / CRM SOURCE,,,,0.85,TickerSymbol,Account,PROFILE_INPUT,0.7,False
Account.Tradestyle,salesforce,Account.Id,0.25,True,PROFILE_CARDINALITY_BEFORE_USE,Tradestyle,salesforce:Account:Tradestyle,0.25,Account-level profile/cohort prior. | final_usage=FORMULA_INPUT | final_roles=GROUPING;FILTER | recommended_use=SEGMENT;FILTER,CATEGORICAL_REVIEW,0.35,False,0.5,,CONTEXTUAL,,,ELIGIBLE,,0.6,Tradestyle,string,Account,,,0.1,,STATE_SHARE;BREADTH,CATEGORY_OR_TEXT,salesforce,0.35,,0.5,PROFILE_INPUT,,,PROFILE / CRM SOURCE,,,,0.85,Tradestyle,Account,PROFILE_INPUT,0.7,False
Account.Type,salesforce,Account.Id,0.25,True,DIRECT_CATEGORY_WITH_MIN_COHORT_SIZE,Account Type,salesforce:Account:Type,0.9,Account-level profile/cohort prior. | final_usage=FORMULA_INPUT | final_roles=GROUPING;FILTER;PROCESS_DIMENSION | recommended_use=SEGMENT;FILTER,CATEGORICAL,0.95,True,0.5,,CONTEXTUAL,,,ELIGIBLE,,0.6,Account Type,picklist,Account,,,0.1,PROCESS_STEPS;PROCESS_COMPLETION;PROCESS_COMPLIANCE,STATE_SHARE;BREADTH,CATEGORY_OR_TEXT,salesforce,0.95,,0.5,PROFILE_INPUT,PROCESS,,PROFILE / CRM SOURCE,,,,0.85,Type,Account,PROFILE_INPUT;COHORT_DIMENSION,0.9,False
Account.Website,salesforce,Account.Id,0.25,False,NONE,Website,salesforce:Account:Website,0.05,Account-level profile/cohort prior. | final_usage=FORMULA_INPUT | final_roles=CONTEXT | recommended_use=REVIEW,NOT_RECOMMENDED,0.05,False,0.5,,CONTEXTUAL,,,ELIGIBLE,,0.6,Website,url,Account,,,0.1,,,CATEGORY_OR_TEXT,salesforce,0.05,,0.5,PROFILE_INPUT,,,PROFILE / CRM SOURCE,,,,0.85,Website,Account,PROFILE_INPUT,0.5,False
Account.YearStarted,salesforce,Account.Id,0.25,True,PROFILE_CARDINALITY_BEFORE_USE,Year Started,salesforce:Account:YearStarted,0.25,Account-level profile/cohort prior. | final_usage=FORMULA_INPUT | final_roles=GROUPING;FILTER | recommended_use=SEGMENT;FILTER,CATEGORICAL_REVIEW,0.35,False,0.5,,CONTEXTUAL,,,ELIGIBLE,,0.6,Year Started,string,Account,,,0.1,,STATE_SHARE;BREADTH,CATEGORY_OR_TEXT,salesforce,0.35,,0.5,PROFILE_INPUT,,,PROFILE / CRM SOURCE,,,,0.85,YearStarted,Account,PROFILE_INPUT,0.7,False
Case.AccountId,salesforce,Case.AccountId -> Account.Id,0,True,,Account ID,salesforce:Case:AccountId,0,Account/source linkage field; not a feature itself. | final_usage=LINKAGE | final_roles=LINKAGE | recommended_use=JOIN_ONLY,,0,False,0.5,,CONTEXT_DEPENDENT,,,ELIGIBLE,,0.1,Account ID,reference,Case,,,0.05,,COUNT;TRANSITION,RELATIONSHIP,salesforce,0,,0,LINKAGE,,,SOURCE LINKAGE,,,,0.95,AccountId,Case,LINKAGE,0,True
Case.Ageing_of_Open_Cases_Days__c,salesforce,Case.AccountId -> Account.Id,0.75,True,,Ageing of Open Cases Days,salesforce:Case:Ageing_of_Open_Cases_Days__c,0,Operational Account-linked source prior. | final_usage=FORMULA_INPUT | final_roles=MEASURE;TIME_INPUT | recommended_use=AGGREGATE,,0,False,0.5,,LOWER_BETTER,,,ELIGIBLE,,0.8,Ageing of Open Cases Days,double,Case,,,0.1,TIME_DURATION,DURATION;VARIABILITY;TREND,MEASURE,salesforce,0,,0.7,DIRECT_EXPERIENCE_INPUT,TIME,,OPERATIONAL SOURCE,historical_recipe_count=1; signal=0; no_signal=1; examples=aging of support ticket; recipe_keys=HIST_SFDC_5FDB60186381D3B01788 | historical_prior_average=0.45,,,0.8,Ageing_of_Open_Cases_Days__c,Case,DIRECT_EXPERIENCE_INPUT,0,True
Case.AssetId,salesforce,Case.AccountId -> Account.Id,0.4,True,,Asset ID,salesforce:Case:AssetId,0,Operational Account-linked source prior. | final_usage=FORMULA_INPUT | final_roles=GROUPING;HANDOFF_OR_OWNERSHIP | recommended_use=COUNT_DISTINCT;TRANSITION,,0,False,0.5,,CONTEXT_DEPENDENT,,,ELIGIBLE,,0.45,Asset ID,reference,Case,,,0.1,,COUNT;TRANSITION,RELATIONSHIP,salesforce,0,,0.45,DIRECT_EXPERIENCE_INPUT,,,OPERATIONAL SOURCE,,,,0.8,AssetId,Case,DIRECT_EXPERIENCE_INPUT,0,True
Case.CaseNumber,salesforce,Case.AccountId -> Account.Id,0.05,True,,Case Number,salesforce:Case:CaseNumber,0,Identifier; linkage/context only unless explicitly approved. | final_usage=IDENTIFIER | final_roles=IDENTIFIER | recommended_use=CONTEXT_OR_JOIN_ONLY,,0,False,0.5,,CONTEXT_DEPENDENT,,,REVIEW,,0.2,Case Number,string,Case,,,0.2,,STATE_SHARE;BREADTH,CATEGORY_OR_TEXT,salesforce,0,,0.1,IDENTIFIER,,,IDENTIFIER,,,,0.6,CaseNumber,Case,IDENTIFIER,0,False
Case.ClosedDate,salesforce,Case.AccountId -> Account.Id,0.75,True,,Closed Date,salesforce:Case:ClosedDate,0,Operational Account-linked source prior. | final_usage=FORMULA_INPUT | final_roles=BUSINESS_DATE;WINDOW | recommended_use=RECENCY;WINDOW,,0,False,0.5,,CONTEXT_DEPENDENT,,,ELIGIBLE,,0.8,Closed Date,datetime,Case,,,0.1,PROCESS_COMPLETION,RECENCY;DURATION,TIMEPOINT,salesforce,0,,0.7,DIRECT_EXPERIENCE_INPUT,PROCESS,,OPERATIONAL SOURCE,,,TIME,0.8,ClosedDate,Case,DIRECT_EXPERIENCE_INPUT,0,True
Case.Comments,salesforce,Case.AccountId -> Account.Id,0.4,False,,Internal Comments,salesforce:Case:Comments,0,Operational Account-linked source prior. | final_usage=UNSTRUCTURED_TEXT | final_roles=TEXT | recommended_use=SEMANTIC_EXTRACTION_OR_CONTEXT,,0,False,0.5,,CONTEXT_DEPENDENT,,,ELIGIBLE,,0.45,Internal Comments,textarea,Case,,,0.1,,,CATEGORY_OR_TEXT,salesforce,0,,0.45,DIRECT_EXPERIENCE_INPUT,,,OPERATIONAL SOURCE,,,,0.8,Comments,Case,DIRECT_EXPERIENCE_INPUT,0,False
Case.ContactEmail,salesforce,Case.AccountId -> Account.Id,0.75,False,,Contact Email,salesforce:Case:ContactEmail,0,Operational Account-linked source prior. | final_usage=FORMULA_INPUT | final_roles=CONTEXT | recommended_use=REVIEW,,0,False,0.5,,CONTEXT_DEPENDENT,,,ELIGIBLE,,0.8,Contact Email,email,Case,,,0.1,PEOPLE_ENGAGEMENT;PEOPLE_RELATIONSHIP_COVERAGE;INFO_COMMUNICATION,,CATEGORY_OR_TEXT,salesforce,0,,0.7,DIRECT_EXPERIENCE_INPUT,PEOPLE,,OPERATIONAL SOURCE,,,INFORMATION,0.8,ContactEmail,Case,DIRECT_EXPERIENCE_INPUT,0,False
Case.ContactFax,salesforce,Case.AccountId -> Account.Id,0.75,False,,Contact Fax,salesforce:Case:ContactFax,0,Operational Account-linked source prior. | final_usage=FORMULA_INPUT | final_roles=CONTEXT | recommended_use=REVIEW,,0,False,0.5,,CONTEXT_DEPENDENT,,,ELIGIBLE,,0.8,Contact Fax,phone,Case,,,0.1,PEOPLE_RELATIONSHIP_COVERAGE,,CATEGORY_OR_TEXT,salesforce,0,,0.7,DIRECT_EXPERIENCE_INPUT,PEOPLE,,OPERATIONAL SOURCE,,,,0.8,ContactFax,Case,DIRECT_EXPERIENCE_INPUT,0,False
Case.ContactId,salesforce,Case.AccountId -> Account.Id,0.75,True,,Contact ID,salesforce:Case:ContactId,0,Operational Account-linked source prior. | final_usage=FORMULA_INPUT | final_roles=GROUPING;HANDOFF_OR_OWNERSHIP | recommended_use=COUNT_DISTINCT;TRANSITION,,0,False,0.5,,CONTEXT_DEPENDENT,,,ELIGIBLE,,0.8,Contact ID,reference,Case,,,0.1,PEOPLE_RELATIONSHIP_COVERAGE,COUNT;TRANSITION,RELATIONSHIP,salesforce,0,,0.7,DIRECT_EXPERIENCE_INPUT,PEOPLE,,OPERATIONAL SOURCE,,,,0.8,ContactId,Case,DIRECT_EXPERIENCE_INPUT,0,True
Case.ContactMobile,salesforce,Case.AccountId -> Account.Id,0.75,False,,Contact Mobile,salesforce:Case:ContactMobile,0,Operational Account-linked source prior. | final_usage=FORMULA_INPUT | final_roles=CONTEXT | recommended_use=REVIEW,,0,False,0.5,,CONTEXT_DEPENDENT,,,ELIGIBLE,,0.8,Contact Mobile,phone,Case,,,0.1,PEOPLE_RELATIONSHIP_COVERAGE,,CATEGORY_OR_TEXT,salesforce,0,,0.7,DIRECT_EXPERIENCE_INPUT,PEOPLE,,OPERATIONAL SOURCE,,,,0.8,ContactMobile,Case,DIRECT_EXPERIENCE_INPUT,0,False
Case.ContactPhone,salesforce,Case.AccountId -> Account.Id,0.75,False,,Contact Phone,salesforce:Case:ContactPhone,0,Operational Account-linked source prior. | final_usage=FORMULA_INPUT | final_roles=CONTEXT | recommended_use=REVIEW,,0,False,0.5,,CONTEXT_DEPENDENT,,,ELIGIBLE,,0.8,Contact Phone,phone,Case,,,0.1,PEOPLE_RELATIONSHIP_COVERAGE,,CATEGORY_OR_TEXT,salesforce,0,,0.7,DIRECT_EXPERIENCE_INPUT,PEOPLE,,OPERATIONAL SOURCE,,,,0.8,ContactPhone,Case,DIRECT_EXPERIENCE_INPUT,0,False
Case.CreatedById,salesforce,Case.AccountId -> Account.Id,0.75,True,,Created By ID,salesforce:Case:CreatedById,0,Operational Account-linked source prior. | final_usage=SYSTEM_METADATA | final_roles=SYSTEM_METADATA | recommended_use=IGNORE,,0,False,0.5,,CONTEXT_DEPENDENT,,,EXCLUDE,Salesforce system metadata; not business-source evidence.,0.8,Created By ID,reference,Case,,,0.1,,COUNT;TRANSITION,RELATIONSHIP,salesforce,0,,0.7,IGNORE,TIME,,OPERATIONAL SOURCE,,,,0.8,CreatedById,Case,SYSTEM_METADATA,0,True
Case.CreatedDate,salesforce,Case.AccountId -> Account.Id,0.75,True,,Created Date,salesforce:Case:CreatedDate,0,Operational Account-linked source prior. | final_usage=SYSTEM_DATE | final_roles=SYSTEM_METADATA;SYSTEM_DATE | recommended_use=DO_NOT_USE_AS_BUSINESS_TIME,,0,False,0.5,,CONTEXT_DEPENDENT,,,EXCLUDE,Salesforce system metadata; not business-source evidence.,0.8,Created Date,datetime,Case,,,0.1,,RECENCY;DURATION,TIMEPOINT,salesforce,0,,0.7,IGNORE,TIME,,OPERATIONAL SOURCE,,,,0.8,CreatedDate,Case,SYSTEM_DATE,0,True
Case.Description,salesforce,Case.AccountId -> Account.Id,0.4,False,,Description,salesforce:Case:Description,0,Operational Account-linked source prior. | final_usage=UNSTRUCTURED_TEXT | final_roles=TEXT | recommended_use=SEMANTIC_EXTRACTION_OR_CONTEXT,,0,False,0.5,,CONTEXT_DEPENDENT,,,ELIGIBLE,,0.45,Description,textarea,Case,,,0.1,,,CATEGORY_OR_TEXT,salesforce,0,,0.45,DIRECT_EXPERIENCE_INPUT,,,OPERATIONAL SOURCE,,,,0.8,Description,Case,DIRECT_EXPERIENCE_INPUT,0,False
Case.Id,salesforce,Case.AccountId -> Account.Id,0.05,False,,Case ID,salesforce:Case:Id,0,Identifier; linkage/context only unless explicitly approved. | final_usage=IDENTIFIER | final_roles=IDENTIFIER | recommended_use=CONTEXT_OR_JOIN_ONLY,,0,False,0.5,,CONTEXT_DEPENDENT,,,REVIEW,,0.2,Case ID,id,Case,,,0.2,,,CATEGORY_OR_TEXT,salesforce,0,,0.1,IDENTIFIER,,,IDENTIFIER,,,,0.6,Id,Case,IDENTIFIER,0,False
Case.IsClosed,salesforce,Case.AccountId -> Account.Id,0.75,True,,Closed,salesforce:Case:IsClosed,0,Operational Account-linked source prior. | final_usage=FORMULA_INPUT | final_roles=EVENT_FLAG;FILTER | recommended_use=RATE;FILTER,,0,False,0.5,,CONTEXT_DEPENDENT,,,ELIGIBLE,,0.8,Closed,boolean,Case,,,0.1,PROCESS_COMPLETION,RATE;STATE_SHARE,EVENT_FLAG,salesforce,0,,0.7,DIRECT_EXPERIENCE_INPUT,PROCESS,,OPERATIONAL SOURCE,,,TIME,0.8,IsClosed,Case,DIRECT_EXPERIENCE_INPUT,0,True
Case.IsDeleted,salesforce,Case.AccountId -> Account.Id,0.4,True,,Deleted,salesforce:Case:IsDeleted,0,Operational Account-linked source prior. | final_usage=SYSTEM_METADATA | final_roles=SYSTEM_METADATA | recommended_use=IGNORE,,0,False,0.5,,CONTEXT_DEPENDENT,,,EXCLUDE,Salesforce system metadata; not business-source evidence.,0.45,Deleted,boolean,Case,,,0.1,,RATE;STATE_SHARE,EVENT_FLAG,salesforce,0,,0.45,IGNORE,,,OPERATIONAL SOURCE,,,,0.8,IsDeleted,Case,SYSTEM_METADATA,0,True
Case.IsEscalated,salesforce,Case.AccountId -> Account.Id,0.75,True,,Escalated,salesforce:Case:IsEscalated,0,Operational Account-linked source prior. | final_usage=FORMULA_INPUT | final_roles=EVENT_FLAG;FILTER;PROCESS_DIMENSION | recommended_use=RATE;FILTER,,0,False,0.5,,LOWER_BETTER,,,ELIGIBLE,,0.8,Escalated,boolean,Case,,,0.1,PROCESS_ESCALATION;TIME_LATENESS,RATE;STATE_SHARE,EVENT_FLAG,salesforce,0,,0.7,DIRECT_EXPERIENCE_INPUT,PROCESS,,OPERATIONAL SOURCE,historical_recipe_count=7; signal=4; no_signal=3; examples=Case Escalation Flag | % escalations | % escalations | % escalations | # non-escalated tickets | % non-escalated tickets; recipe_keys=HIST_SFDC_BBEEAB34AE4E97EBD598;HIST_SFDC_CE54E85632A88D9A956F;HIST_SFDC_CE54E85632A88D9A956F;HIST_SFDC_CE54E85632A88D9A956F;HIST_SFDC_80248A8A7C6235CC8175;HIST_SFDC_8B124EE53CBD2CAAB721 | historical_prior_average=0.621,,TIME,0.8,IsEscalated,Case,DIRECT_EXPERIENCE_INPUT,0,True
Case.LastModifiedById,salesforce,Case.AccountId -> Account.Id,0.4,True,,Last Modified By ID,salesforce:Case:LastModifiedById,0,Operational Account-linked source prior. | final_usage=SYSTEM_METADATA | final_roles=SYSTEM_METADATA | recommended_use=IGNORE,,0,False,0.5,,CONTEXT_DEPENDENT,,,EXCLUDE,Salesforce system metadata; not business-source evidence.,0.45,Last Modified By ID,reference,Case,,,0.1,,COUNT;TRANSITION,RELATIONSHIP,salesforce,0,,0.45,IGNORE,,,OPERATIONAL SOURCE,,,,0.8,LastModifiedById,Case,SYSTEM_METADATA,0,True
Case.LastModifiedDate,salesforce,Case.AccountId -> Account.Id,0.75,True,,Last Modified Date,salesforce:Case:LastModifiedDate,0,Operational Account-linked source prior. | final_usage=SYSTEM_DATE | final_roles=SYSTEM_METADATA;SYSTEM_DATE | recommended_use=DO_NOT_USE_AS_BUSINESS_TIME,,0,False,0.5,,CONTEXT_DEPENDENT,,,EXCLUDE,Salesforce system metadata; not business-source evidence.,0.8,Last Modified Date,datetime,Case,,,0.1,,RECENCY;DURATION,TIMEPOINT,salesforce,0,,0.7,IGNORE,TIME,,OPERATIONAL SOURCE,,,,0.8,LastModifiedDate,Case,SYSTEM_DATE,0,True
Case.LastReferencedDate,salesforce,Case.AccountId -> Account.Id,0.75,True,,Last Referenced Date,salesforce:Case:LastReferencedDate,0,Operational Account-linked source prior. | final_usage=SYSTEM_METADATA | final_roles=SYSTEM_METADATA | recommended_use=IGNORE,,0,False,0.5,,CONTEXT_DEPENDENT,,,EXCLUDE,Salesforce system metadata; not business-source evidence.,0.8,Last Referenced Date,datetime,Case,,,0.1,,RECENCY;DURATION,TIMEPOINT,salesforce,0,,0.7,IGNORE,TIME,,OPERATIONAL SOURCE,,,,0.8,LastReferencedDate,Case,SYSTEM_METADATA,0,True
Case.LastViewedDate,salesforce,Case.AccountId -> Account.Id,0.75,True,,Last Viewed Date,salesforce:Case:LastViewedDate,0,Operational Account-linked source prior. | final_usage=SYSTEM_METADATA | final_roles=SYSTEM_METADATA | recommended_use=IGNORE,,0,False,0.5,,CONTEXT_DEPENDENT,,,EXCLUDE,Salesforce system metadata; not business-source evidence.,0.8,Last Viewed Date,datetime,Case,,,0.1,,RECENCY;DURATION,TIMEPOINT,salesforce,0,,0.7,IGNORE,TIME,,OPERATIONAL SOURCE,,,,0.8,LastViewedDate,Case,SYSTEM_METADATA,0,True
Case.MasterRecordId,salesforce,Case.AccountId -> Account.Id,0.4,True,,Master Record ID,salesforce:Case:MasterRecordId,0,Operational Account-linked source prior. | final_usage=SYSTEM_METADATA | final_roles=SYSTEM_METADATA | recommended_use=IGNORE,,0,False,0.5,,CONTEXT_DEPENDENT,,,EXCLUDE,Salesforce system metadata; not business-source evidence.,0.45,Master Record ID,reference,Case,,,0.1,,COUNT;TRANSITION,RELATIONSHIP,salesforce,0,,0.45,IGNORE,,,OPERATIONAL SOURCE,,,,0.8,MasterRecordId,Case,SYSTEM_METADATA,0,True
Case.OCX_Case_ID__c,salesforce,Case.AccountId -> Account.Id,0.05,True,,OCX Case ID,salesforce:Case:OCX_Case_ID__c,0,OCX-prefixed identifier; linkage/context only. | final_usage=IDENTIFIER | final_roles=IDENTIFIER | recommended_use=CONTEXT_OR_JOIN_ONLY,,0,False,0.5,,CONTEXT_DEPENDENT,,,REVIEW,,0.2,OCX Case ID,string,Case,,,0.2,,STATE_SHARE;BREADTH,CATEGORY_OR_TEXT,salesforce,0,,0.1,IDENTIFIER,,,IDENTIFIER,,,,0.6,OCX_Case_ID__c,Case,IDENTIFIER,0,False
Case.OCX_Driver__c,salesforce,Case.AccountId -> Account.Id,0.05,True,,OCX Driver,salesforce:Case:OCX_Driver__c,0,OCX-prefixed field excluded by default; not on explicit source/linkage allowlist. | final_usage=EXCLUDE | final_roles=OUTCOME_OR_DERIVED | recommended_use=NOT_SOURCE_FEATURE,,0,False,0.5,,CONTEXT_DEPENDENT,,,EXCLUDE,,0.05,OCX Driver,string,Case,,,1,,STATE_SHARE;BREADTH,CATEGORY_OR_TEXT,salesforce,0,,0,OCX_DERIVED,,,OCX DERIVED / DOWNSTREAM,,,,0.95,OCX_Driver__c,Case,OCX_DERIVED;MODEL_OUTPUT,0,False
Case.OCX_Journey_Stage__c,salesforce,Case.AccountId -> Account.Id,0.75,True,,OCX Journey Stage,salesforce:Case:OCX_Journey_Stage__c,0,OCX-prefixed field excluded by default; not on explicit source/linkage allowlist. | final_usage=EXCLUDE | final_roles=OUTCOME_OR_DERIVED | recommended_use=NOT_SOURCE_FEATURE,,0,False,0.5,,CONTEXT_DEPENDENT,,,EXCLUDE,,0.8,OCX Journey Stage,string,Case,,,1,PROCESS_STEPS,STATE_SHARE;BREADTH,CATEGORY_OR_TEXT,salesforce,0,,0,OCX_DERIVED,PROCESS,,OPERATIONAL SOURCE,,,,0.8,OCX_Journey_Stage__c,Case,OCX_DERIVED;MODEL_OUTPUT,0,False
Case.OCX_Sentiment__c,salesforce,Case.AccountId -> Account.Id,0.05,True,,OCX Sentiment,salesforce:Case:OCX_Sentiment__c,0,OCX-prefixed field excluded by default; not on explicit source/linkage allowlist. | final_usage=EXCLUDE | final_roles=OUTCOME_OR_DERIVED | recommended_use=NOT_SOURCE_FEATURE,,0,False,0.5,,CONTEXT_DEPENDENT,,,EXCLUDE,,0.05,OCX Sentiment,double,Case,,,1,,DURATION;VARIABILITY;TREND,MEASURE,salesforce,0,,0,OCX_DERIVED,,,OCX DERIVED / DOWNSTREAM,,,,0.95,OCX_Sentiment__c,Case,OCX_DERIVED;MODEL_OUTPUT,0,True
Case.Origin,salesforce,Case.AccountId -> Account.Id,0.4,True,,Case Origin,salesforce:Case:Origin,0,Operational Account-linked source prior. | final_usage=FORMULA_INPUT | final_roles=GROUPING;FILTER;INFORMATION_DIMENSION | recommended_use=SEGMENT;FILTER,,0,False,0.5,,CONTEXT_DEPENDENT,,,ELIGIBLE,,0.45,Case Origin,picklist,Case,,,0.1,INFO_COMMUNICATION;INFO_GUIDANCE,STATE_SHARE;BREADTH,CATEGORY_OR_TEXT,salesforce,0,,0.45,DIRECT_EXPERIENCE_INPUT,INFORMATION,,OPERATIONAL SOURCE,,,,0.8,Origin,Case,DIRECT_EXPERIENCE_INPUT,0,False
Case.OwnerId,salesforce,Case.AccountId -> Account.Id,0.75,True,,Owner ID,salesforce:Case:OwnerId,0,Operational Account-linked source prior. | final_usage=FORMULA_INPUT | final_roles=GROUPING;HANDOFF_OR_OWNERSHIP;PEOPLE_DIMENSION | recommended_use=COUNT_DISTINCT;TRANSITION,,0,False,0.5,,CONTEXT_DEPENDENT,,,ELIGIBLE,,0.8,Owner ID,reference,Case,,,0.1,PEOPLE_OWNERSHIP,COUNT;TRANSITION,RELATIONSHIP,salesforce,0,,0.7,DIRECT_EXPERIENCE_INPUT,PEOPLE,,OPERATIONAL SOURCE,,,,0.8,OwnerId,Case,DIRECT_EXPERIENCE_INPUT,0,True
Case.ParentId,salesforce,Case.AccountId -> Account.Id,0.4,True,,Parent Case ID,salesforce:Case:ParentId,0,Operational Account-linked source prior. | final_usage=FORMULA_INPUT | final_roles=GROUPING;HANDOFF_OR_OWNERSHIP | recommended_use=COUNT_DISTINCT;TRANSITION,,0,False,0.5,,CONTEXT_DEPENDENT,,,ELIGIBLE,,0.45,Parent Case ID,reference,Case,,,0.1,,COUNT;TRANSITION,RELATIONSHIP,salesforce,0,,0.45,DIRECT_EXPERIENCE_INPUT,,,OPERATIONAL SOURCE,,,,0.8,ParentId,Case,DIRECT_EXPERIENCE_INPUT,0,True
Case.Priority,salesforce,Case.AccountId -> Account.Id,0.4,True,,Priority,salesforce:Case:Priority,0,Operational Account-linked source prior. | final_usage=FORMULA_INPUT | final_roles=GROUPING;FILTER;PRODUCT_SERVICE_DIMENSION | recommended_use=SEGMENT;FILTER,,0,False,0.5,,CONTEXT_DEPENDENT,,,ELIGIBLE,,0.45,Priority,picklist,Case,,,0.1,PRODUCT_QUALITY;PRODUCT_DEFECTS;PRODUCT_FUNCTIONALITY,STATE_SHARE;BREADTH,CATEGORY_OR_TEXT,salesforce,0,,0.45,DIRECT_EXPERIENCE_INPUT,PRODUCT_SERVICE,,OPERATIONAL SOURCE,,,,0.8,Priority,Case,DIRECT_EXPERIENCE_INPUT,0,False
Case.Product_Line__c,salesforce,Case.AccountId -> Account.Id,0.75,True,,Product Line,salesforce:Case:Product_Line__c,0,Operational Account-linked source prior. | final_usage=FORMULA_INPUT | final_roles=GROUPING;FILTER;PRODUCT_SERVICE_DIMENSION | recommended_use=SEGMENT;FILTER,,0,False,0.5,,CONTEXT_DEPENDENT,,,ELIGIBLE,,0.8,Product Line,string,Case,,,0.1,PRODUCT_FUNCTIONALITY,STATE_SHARE;BREADTH,CATEGORY_OR_TEXT,salesforce,0,,0.7,DIRECT_EXPERIENCE_INPUT,PRODUCT_SERVICE,,OPERATIONAL SOURCE,historical_recipe_count=9; signal=4; no_signal=5; examples=ttr Contracta | ttr QuoteFlow | ttr Write Up | tickets to prod ratio | % tickets for Contracta | % tickets for Others products; recipe_keys=HIST_SFDC_FF803F43FD64B30818C9;HIST_SFDC_B25419011F6FD058F578;HIST_SFDC_10B3FEEC9CABC5966281;HIST_SFDC_C619AD50AAE18B000E33;HIST_SFDC_BC5A3DA5BD6D0E9A7A08;HIST_SFDC_7932242323EDFA5A371B | historical_prior_average=0.583,,,0.8,Product_Line__c,Case,DIRECT_EXPERIENCE_INPUT,0,False
Case.Reason,salesforce,Case.AccountId -> Account.Id,0.4,True,,Case Reason,salesforce:Case:Reason,0,Operational Account-linked source prior. | final_usage=FORMULA_INPUT | final_roles=GROUPING;FILTER;INFORMATION_DIMENSION | recommended_use=SEGMENT;FILTER,,0,False,0.5,,CONTEXT_DEPENDENT,,,ELIGIBLE,,0.45,Case Reason,picklist,Case,,,0.1,INFO_COMMUNICATION;INFO_GUIDANCE,STATE_SHARE;BREADTH,CATEGORY_OR_TEXT,salesforce,0,,0.45,DIRECT_EXPERIENCE_INPUT,INFORMATION,,OPERATIONAL SOURCE,,,,0.8,Reason,Case,DIRECT_EXPERIENCE_INPUT,0,False
Case.Root_Cause__c,salesforce,Case.AccountId -> Account.Id,0.4,True,,Root Cause,salesforce:Case:Root_Cause__c,0,Operational Account-linked source prior. | final_usage=FORMULA_INPUT | final_roles=GROUPING;FILTER;PRODUCT_SERVICE_DIMENSION | recommended_use=SEGMENT;FILTER,,0,False,0.5,,CONTEXT_DEPENDENT,,,ELIGIBLE,,0.45,Root Cause,picklist,Case,,,0.1,PRODUCT_QUALITY;PRODUCT_DEFECTS;PRODUCT_FUNCTIONALITY,STATE_SHARE;BREADTH,CATEGORY_OR_TEXT,salesforce,0,,0.45,DIRECT_EXPERIENCE_INPUT,PRODUCT_SERVICE,,OPERATIONAL SOURCE,,,,0.8,Root_Cause__c,Case,DIRECT_EXPERIENCE_INPUT,0,False
Case.SLA_Violation__c,salesforce,Case.AccountId -> Account.Id,0.75,True,,SLA Violation,salesforce:Case:SLA_Violation__c,0,Operational Account-linked source prior. | final_usage=FORMULA_INPUT | final_roles=EVENT_FLAG;FILTER;PROCESS_DIMENSION | recommended_use=RATE;FILTER,,0,False,0.5,,LOWER_BETTER,,,ELIGIBLE,,0.8,SLA Violation,boolean,Case,,,0.1,PROCESS_COMPLIANCE;TIME_LATENESS,RATE;STATE_SHARE,EVENT_FLAG,salesforce,0,,0.7,DIRECT_EXPERIENCE_INPUT,PROCESS,,OPERATIONAL SOURCE,historical_recipe_count=5; signal=2; no_signal=3; examples=# slt voilations | violation flag | % no slt voilations | # no slt voilations | violation cohort; recipe_keys=HIST_SFDC_1A0F0E0439C3ED724483;HIST_SFDC_8AD0562249F72F944197;HIST_SFDC_57C91B56F1D7105AA3DD;HIST_SFDC_F9751A30FC863DC5B43F;HIST_SFDC_D03CEACDD7845AAB2BA4 | historical_prior_average=0.57,,TIME,0.8,SLA_Violation__c,Case,DIRECT_EXPERIENCE_INPUT,0,True
Case.Source_Bug__c,salesforce,Case.AccountId -> Account.Id,0.75,True,,Source Bug,salesforce:Case:Source_Bug__c,0,Operational Account-linked source prior. | final_usage=FORMULA_INPUT | final_roles=EVENT_FLAG;FILTER;PRODUCT_SERVICE_DIMENSION | recommended_use=RATE;FILTER,,0,False,0.5,,LOWER_BETTER,,,ELIGIBLE,,0.8,Source Bug,boolean,Case,,,0.1,PRODUCT_DEFECTS,RATE;STATE_SHARE,EVENT_FLAG,salesforce,0,,0.7,DIRECT_EXPERIENCE_INPUT,PRODUCT_SERVICE,,OPERATIONAL SOURCE,historical_recipe_count=1; signal=0; no_signal=1; examples=bug bin cohort; recipe_keys=HIST_SFDC_9FE72918F9F27DFD0BAA | historical_prior_average=0.45,,,0.9,Source_Bug__c,Case,DIRECT_EXPERIENCE_INPUT,0,True
Case.Source_Case_Number__c,salesforce,Case.AccountId -> Account.Id,0.4,True,,Source Case Number,salesforce:Case:Source_Case_Number__c,0,Operational Account-linked source prior. | final_usage=FORMULA_INPUT | final_roles=GROUPING;FILTER | recommended_use=SEGMENT;FILTER,,0,False,0.5,,CONTEXT_DEPENDENT,,,ELIGIBLE,,0.45,Source Case Number,string,Case,,,0.1,,STATE_SHARE;BREADTH,CATEGORY_OR_TEXT,salesforce,0,,0.45,DIRECT_EXPERIENCE_INPUT,,,OPERATIONAL SOURCE,historical_recipe_count=69; signal=32; no_signal=37; examples=% active tickets | % tickets By Type - Customer Environment | % 'how to' tickets | % 'how to' tickets | % defect tickets | % defect tickets; recipe_keys=HIST_SFDC_73A901FFE71DC328204F;HIST_SFDC_FC7D3DE38A477A964B16;HIST_SFDC_46E93CF93723E7E1CCAC;HIST_SFDC_46E93CF93723E7E1CCAC;HIST_SFDC_3A7A109770C6AC71D4C0;HIST_SFDC_3A7A109770C6AC71D4C0 | historical_prior_average=0.589,,,0.9,Source_Case_Number__c,Case,DIRECT_EXPERIENCE_INPUT,0,False
Case.Source_First_Response_Violated__c,salesforce,Case.AccountId -> Account.Id,0.75,True,,Source First Response Violated,salesforce:Case:Source_First_Response_Violated__c,0,Operational Account-linked source prior. | final_usage=FORMULA_INPUT | final_roles=EVENT_FLAG;FILTER | recommended_use=RATE;FILTER,,0,False,0.5,,CONTEXT_DEPENDENT,,,ELIGIBLE,,0.8,Source First Response Violated,boolean,Case,,,0.1,TIME_RESPONSE;TIME_LATENESS,RATE;STATE_SHARE,EVENT_FLAG,salesforce,0,,0.7,DIRECT_EXPERIENCE_INPUT,TIME,,OPERATIONAL SOURCE,,,,0.9,Source_First_Response_Violated__c,Case,DIRECT_EXPERIENCE_INPUT,0,True
Case.Source_Opened_Date__c,salesforce,Case.AccountId -> Account.Id,0.75,True,,Source Opened Date,salesforce:Case:Source_Opened_Date__c,0,Operational Account-linked source prior. | final_usage=BUSINESS_DATE | final_roles=BUSINESS_DATE;WINDOW;DURATION_INPUT | recommended_use=TIME_WINDOW_OR_DURATION,,0,False,0.5,,CONTEXT_DEPENDENT,,,ELIGIBLE,,0.8,Source Opened Date,date,Case,,,0.1,,RECENCY;DURATION,TIMEPOINT,salesforce,0,,0.7,DIRECT_EXPERIENCE_INPUT,TIME,,OPERATIONAL SOURCE,,,,0.9,Source_Opened_Date__c,Case,DIRECT_EXPERIENCE_INPUT,0,True
Case.Source_Overall_Case_Satisfaction__c,salesforce,Case.AccountId -> Account.Id,0.4,True,,Source Overall Case Satisfaction,salesforce:Case:Source_Overall_Case_Satisfaction__c,0,Operational Account-linked source prior. | final_usage=OUTCOME | final_roles=OUTCOME | recommended_use=NOT_PREDICTOR_INPUT,,0,False,0.5,,CONTEXT_DEPENDENT,,,OUTCOME_ONLY,Outcome/target; not predictor input.,0.45,Source Overall Case Satisfaction,double,Case,,,1,,TREND;VARIABILITY,MEASURE,salesforce,0,,0.45,OUTCOME,,,OPERATIONAL SOURCE,historical_recipe_count=1; signal=0; no_signal=1; examples=Support Satsifaction; recipe_keys=HIST_SFDC_B5D1902456CF6DA2DB2D | historical_prior_average=0.45,,,0.9,Source_Overall_Case_Satisfaction__c,Case,OUTCOME,0,True
Case.Source_Product__c,salesforce,Case.AccountId -> Account.Id,0.75,True,,Source Product,salesforce:Case:Source_Product__c,0,Operational Account-linked source prior. | final_usage=FORMULA_INPUT | final_roles=GROUPING;FILTER;PRODUCT_SERVICE_DIMENSION | recommended_use=SEGMENT;FILTER,,0,False,0.5,,CONTEXT_DEPENDENT,,,ELIGIBLE,,0.8,Source Product,string,Case,,,0.1,PRODUCT_FUNCTIONALITY,STATE_SHARE;BREADTH,CATEGORY_OR_TEXT,salesforce,0,,0.7,DIRECT_EXPERIENCE_INPUT,PRODUCT_SERVICE,,OPERATIONAL SOURCE,historical_recipe_count=2; signal=0; no_signal=2; examples=# tickets for Others products | # tickets for Write Up; recipe_keys=HIST_SFDC_D27AA9138A9919C4B55C;HIST_SFDC_E415834DE8B56FA2C624 | historical_prior_average=0.45,,,0.9,Source_Product__c,Case,DIRECT_EXPERIENCE_INPUT,0,False
Case.Source_Resolution_Date__c,salesforce,Case.AccountId -> Account.Id,0.75,True,,Source Resolution Date,salesforce:Case:Source_Resolution_Date__c,0,Operational Account-linked source prior. | final_usage=BUSINESS_DATE | final_roles=BUSINESS_DATE;WINDOW;DURATION_INPUT | recommended_use=TIME_WINDOW_OR_DURATION,,0,False,0.5,,CONTEXT_DEPENDENT,,,ELIGIBLE,,0.8,Source Resolution Date,date,Case,,,0.1,,RECENCY;DURATION,TIMEPOINT,salesforce,0,,0.7,DIRECT_EXPERIENCE_INPUT,TIME,,OPERATIONAL SOURCE,,,,0.9,Source_Resolution_Date__c,Case,DIRECT_EXPERIENCE_INPUT,0,True
Case.Source_Root_Cause__c,salesforce,Case.AccountId -> Account.Id,0.4,True,,Source Root Cause,salesforce:Case:Source_Root_Cause__c,0,Operational Account-linked source prior. | final_usage=FORMULA_INPUT | final_roles=GROUPING;FILTER;PRODUCT_SERVICE_DIMENSION | recommended_use=SEGMENT;FILTER,,0,False,0.5,,CONTEXT_DEPENDENT,,,ELIGIBLE,,0.45,Source Root Cause,string,Case,,,0.1,PRODUCT_QUALITY;PRODUCT_DEFECTS;PRODUCT_FUNCTIONALITY,STATE_SHARE;BREADTH,CATEGORY_OR_TEXT,salesforce,0,,0.45,DIRECT_EXPERIENCE_INPUT,PRODUCT_SERVICE,,OPERATIONAL SOURCE,historical_recipe_count=33; signal=17; no_signal=16; examples=# of ticket types present | % tickets By Type - Customer Environment | % 'how to' tickets | % 'how to' tickets | % defect tickets | % defect tickets; recipe_keys=HIST_SFDC_17EF20A16252A2E9F7A0;HIST_SFDC_FC7D3DE38A477A964B16;HIST_SFDC_46E93CF93723E7E1CCAC;HIST_SFDC_46E93CF93723E7E1CCAC;HIST_SFDC_3A7A109770C6AC71D4C0;HIST_SFDC_3A7A109770C6AC71D4C0 | historical_prior_average=0.605,,,0.9,Source_Root_Cause__c,Case,DIRECT_EXPERIENCE_INPUT,0,False
Case.Source_Severity__c,salesforce,Case.AccountId -> Account.Id,0.4,True,,Source Severity,salesforce:Case:Source_Severity__c,0,Operational Account-linked source prior. | final_usage=FORMULA_INPUT | final_roles=GROUPING;FILTER;PRODUCT_SERVICE_DIMENSION | recommended_use=SEGMENT;FILTER,,0,False,0.5,,CONTEXT_DEPENDENT,,,ELIGIBLE,,0.45,Source Severity,string,Case,,,0.1,PRODUCT_QUALITY;PRODUCT_DEFECTS;PRODUCT_FUNCTIONALITY,STATE_SHARE;BREADTH,CATEGORY_OR_TEXT,salesforce,0,,0.45,DIRECT_EXPERIENCE_INPUT,PRODUCT_SERVICE,,OPERATIONAL SOURCE,historical_recipe_count=9; signal=2; no_signal=7; examples=ttr major tickets | ttr mission critical tickets | Severity:% Major tickets | Severity: % Minor tickets | Severity: # critical tickets | Severity: # Major tickets; recipe_keys=HIST_SFDC_FC101192C47F02991FF7;HIST_SFDC_BCB07371CACF3CAD088C;HIST_SFDC_E92F78D4FA811DA07BDB;HIST_SFDC_3ADF6431106D7F77900D;HIST_SFDC_3DA9CB79CD28530D3052;HIST_SFDC_43469E7F8B95F7F3935E | historical_prior_average=0.517,,,0.9,Source_Severity__c,Case,DIRECT_EXPERIENCE_INPUT,0,False
Case.Source_Special_Attention__c,salesforce,Case.AccountId -> Account.Id,0.75,True,,Source Special Attention,salesforce:Case:Source_Special_Attention__c,0,Operational Account-linked source prior. | final_usage=FORMULA_INPUT | final_roles=GROUPING;FILTER;PROCESS_DIMENSION | recommended_use=SEGMENT;FILTER,,0,False,0.5,,CONTEXT_DEPENDENT,,,ELIGIBLE,,0.8,Source Special Attention,string,Case,,,0.1,PROCESS_EXCEPTION,STATE_SHARE;BREADTH,CATEGORY_OR_TEXT,salesforce,0,,0.7,DIRECT_EXPERIENCE_INPUT,PROCESS,,OPERATIONAL SOURCE,historical_recipe_count=1; signal=0; no_signal=1; examples=; recipe_keys=HIST_SFDC_36982FC377DADB6EA590 | historical_prior_average=0.45,,,0.9,Source_Special_Attention__c,Case,DIRECT_EXPERIENCE_INPUT,0,False
Case.Source_State__c,salesforce,Case.AccountId -> Account.Id,0.75,True,,Source State,salesforce:Case:Source_State__c,0,Operational Account-linked source prior. | final_usage=FORMULA_INPUT | final_roles=GROUPING;FILTER;PROCESS_DIMENSION | recommended_use=SEGMENT;FILTER,,0,False,0.5,,CONTEXT_DEPENDENT,,,ELIGIBLE,,0.8,Source State,string,Case,,,0.1,PROCESS_STEPS,STATE_SHARE;BREADTH,CATEGORY_OR_TEXT,salesforce,0,,0.7,DIRECT_EXPERIENCE_INPUT,PROCESS,,OPERATIONAL SOURCE,historical_recipe_count=6; signal=2; no_signal=4; examples=% active tickets | ticket resolution rate | % cancelled tickets | # resolved tickets | % resolved tickets | # days to resolve tickets; recipe_keys=HIST_SFDC_73A901FFE71DC328204F;HIST_SFDC_DFF3E0F82909502306E3;HIST_SFDC_DB10CF114484043F9A2B;HIST_SFDC_30C8971002E4BF7457F2;HIST_SFDC_E1089CC6A5878F46CF33;HIST_SFDC_92917BF328813F562BE0 | historical_prior_average=0.55,,,0.9,Source_State__c,Case,DIRECT_EXPERIENCE_INPUT,0,False
Case.Source_Status__c,salesforce,Case.AccountId -> Account.Id,0.75,True,,Source Status,salesforce:Case:Source_Status__c,0,Operational Account-linked source prior. | final_usage=FORMULA_INPUT | final_roles=GROUPING;FILTER;PROCESS_DIMENSION | recommended_use=SEGMENT;FILTER,,0,False,0.5,,CONTEXT_DEPENDENT,,,ELIGIBLE,,0.8,Source Status,string,Case,,,0.1,PROCESS_STEPS,STATE_SHARE;BREADTH,CATEGORY_OR_TEXT,salesforce,0,,0.7,DIRECT_EXPERIENCE_INPUT,PROCESS,,OPERATIONAL SOURCE,historical_recipe_count=1; signal=0; no_signal=1; examples=ticket status cohort; recipe_keys=HIST_SFDC_B695B5D57D295A171064 | historical_prior_average=0.45,,,0.9,Source_Status__c,Case,DIRECT_EXPERIENCE_INPUT,0,False
Case.Source_Support_Level__c,salesforce,Case.AccountId -> Account.Id,0.4,True,,Source Support Level,salesforce:Case:Source_Support_Level__c,0,Operational Account-linked source prior. | final_usage=FORMULA_INPUT | final_roles=GROUPING;FILTER;PRODUCT_SERVICE_DIMENSION | recommended_use=SEGMENT;FILTER,,0,False,0.5,,CONTEXT_DEPENDENT,,,ELIGIBLE,,0.45,Source Support Level,string,Case,,,0.1,PRODUCT_QUALITY;PRODUCT_DEFECTS;PRODUCT_FUNCTIONALITY,STATE_SHARE;BREADTH,CATEGORY_OR_TEXT,salesforce,0,,0.45,DIRECT_EXPERIENCE_INPUT,PRODUCT_SERVICE,,OPERATIONAL SOURCE,historical_recipe_count=8; signal=7; no_signal=1; examples=% tickets under Free Support level | % tickets under Level 1 Paying | % tickets under Level 2 Paying | free support ttr | level 1 paying ttr | level 2 paying ttr; recipe_keys=HIST_SFDC_01F9910D5F5B562EEE22;HIST_SFDC_F2E89D40361130D580DB;HIST_SFDC_101FDD248A0182D367A2;HIST_SFDC_9D3A8B43E04811E61F61;HIST_SFDC_91B42E34620B27A93D4C;HIST_SFDC_91005B6631DDA505FF84 | historical_prior_average=0.713,,,0.9,Source_Support_Level__c,Case,DIRECT_EXPERIENCE_INPUT,0,False
Case.Status,salesforce,Case.AccountId -> Account.Id,0.75,True,,Status,salesforce:Case:Status,0,Operational Account-linked source prior. | final_usage=FORMULA_INPUT | final_roles=GROUPING;FILTER;PROCESS_DIMENSION | recommended_use=SEGMENT;FILTER,,0,False,0.5,,CONTEXT_DEPENDENT,,,ELIGIBLE,,0.8,Status,picklist,Case,,,0.1,PROCESS_STEPS,STATE_SHARE;BREADTH,CATEGORY_OR_TEXT,salesforce,0,,0.7,DIRECT_EXPERIENCE_INPUT,PROCESS,,OPERATIONAL SOURCE,,,,0.8,Status,Case,DIRECT_EXPERIENCE_INPUT,0,False
Case.Subject,salesforce,Case.AccountId -> Account.Id,0.75,True,,Subject,salesforce:Case:Subject,0,Operational Account-linked source prior. | final_usage=UNSTRUCTURED_TEXT | final_roles=TEXT | recommended_use=SEMANTIC_EXTRACTION_OR_CONTEXT,,0,False,0.5,,CONTEXT_DEPENDENT,,,ELIGIBLE,,0.8,Subject,string,Case,,,0.1,INFO_COMMUNICATION,STATE_SHARE;BREADTH,CATEGORY_OR_TEXT,salesforce,0,,0.7,DIRECT_EXPERIENCE_INPUT,INFORMATION,,OPERATIONAL SOURCE,,,,0.8,Subject,Case,DIRECT_EXPERIENCE_INPUT,0,False
Case.SuppliedCompany,salesforce,Case.AccountId -> Account.Id,0.4,True,,Company,salesforce:Case:SuppliedCompany,0,Operational Account-linked source prior. | final_usage=FORMULA_INPUT | final_roles=GROUPING;FILTER | recommended_use=SEGMENT;FILTER,,0,False,0.5,,CONTEXT_DEPENDENT,,,ELIGIBLE,,0.45,Company,string,Case,,,0.1,,STATE_SHARE;BREADTH,CATEGORY_OR_TEXT,salesforce,0,,0.45,DIRECT_EXPERIENCE_INPUT,,,OPERATIONAL SOURCE,,,,0.8,SuppliedCompany,Case,DIRECT_EXPERIENCE_INPUT,0,False
Case.SuppliedEmail,salesforce,Case.AccountId -> Account.Id,0.75,False,,Email Address,salesforce:Case:SuppliedEmail,0,Operational Account-linked source prior. | final_usage=FORMULA_INPUT | final_roles=CONTEXT | recommended_use=REVIEW,,0,False,0.5,,CONTEXT_DEPENDENT,,,ELIGIBLE,,0.8,Email Address,email,Case,,,0.1,PEOPLE_ENGAGEMENT;INFO_COMMUNICATION,,CATEGORY_OR_TEXT,salesforce,0,,0.7,DIRECT_EXPERIENCE_INPUT,PEOPLE,,OPERATIONAL SOURCE,,,INFORMATION,0.8,SuppliedEmail,Case,DIRECT_EXPERIENCE_INPUT,0,False
Case.SuppliedName,salesforce,Case.AccountId -> Account.Id,0.4,True,,Name,salesforce:Case:SuppliedName,0,Operational Account-linked source prior. | final_usage=FORMULA_INPUT | final_roles=GROUPING;FILTER | recommended_use=SEGMENT;FILTER,,0,False,0.5,,CONTEXT_DEPENDENT,,,ELIGIBLE,,0.45,Name,string,Case,,,0.1,,STATE_SHARE;BREADTH,CATEGORY_OR_TEXT,salesforce,0,,0.45,DIRECT_EXPERIENCE_INPUT,,,OPERATIONAL SOURCE,,,,0.8,SuppliedName,Case,DIRECT_EXPERIENCE_INPUT,0,False
Case.SuppliedPhone,salesforce,Case.AccountId -> Account.Id,0.4,True,,Phone,salesforce:Case:SuppliedPhone,0,Operational Account-linked source prior. | final_usage=FORMULA_INPUT | final_roles=GROUPING;FILTER | recommended_use=SEGMENT;FILTER,,0,False,0.5,,CONTEXT_DEPENDENT,,,ELIGIBLE,,0.45,Phone,string,Case,,,0.1,,STATE_SHARE;BREADTH,CATEGORY_OR_TEXT,salesforce,0,,0.45,DIRECT_EXPERIENCE_INPUT,,,OPERATIONAL SOURCE,,,,0.8,SuppliedPhone,Case,DIRECT_EXPERIENCE_INPUT,0,False
Case.Support_Category__c,salesforce,Case.AccountId -> Account.Id,0.75,True,,Support Category,salesforce:Case:Support_Category__c,0,Operational Account-linked source prior. | final_usage=FORMULA_INPUT | final_roles=GROUPING;FILTER | recommended_use=SEGMENT;FILTER,,0,False,0.5,,CONTEXT_DEPENDENT,,,ELIGIBLE,,0.8,Support Category,string,Case,,,0.1,PEOPLE_OWNERSHIP,STATE_SHARE;BREADTH,CATEGORY_OR_TEXT,salesforce,0,,0.7,DIRECT_EXPERIENCE_INPUT,PEOPLE,,OPERATIONAL SOURCE,historical_recipe_count=1; signal=0; no_signal=1; examples=ticket category cohort; recipe_keys=HIST_SFDC_06402688D351F708F59C | historical_prior_average=0.45,,,0.8,Support_Category__c,Case,DIRECT_EXPERIENCE_INPUT,0,False
Case.Support_Level__c,salesforce,Case.AccountId -> Account.Id,0.4,True,,Support Level,salesforce:Case:Support_Level__c,0,Operational Account-linked source prior. | final_usage=FORMULA_INPUT | final_roles=GROUPING;FILTER;PRODUCT_SERVICE_DIMENSION | recommended_use=SEGMENT;FILTER,,0,False,0.5,,CONTEXT_DEPENDENT,,,ELIGIBLE,,0.45,Support Level,picklist,Case,,,0.1,PRODUCT_QUALITY;PRODUCT_DEFECTS;PRODUCT_FUNCTIONALITY,STATE_SHARE;BREADTH,CATEGORY_OR_TEXT,salesforce,0,,0.45,DIRECT_EXPERIENCE_INPUT,PRODUCT_SERVICE,,OPERATIONAL SOURCE,,,,0.8,Support_Level__c,Case,DIRECT_EXPERIENCE_INPUT,0,False
Case.SystemModstamp,salesforce,Case.AccountId -> Account.Id,0.4,True,,System Modstamp,salesforce:Case:SystemModstamp,0,Operational Account-linked source prior. | final_usage=SYSTEM_METADATA | final_roles=SYSTEM_METADATA | recommended_use=IGNORE,,0,False,0.5,,CONTEXT_DEPENDENT,,,EXCLUDE,Salesforce system metadata; not business-source evidence.,0.45,System Modstamp,datetime,Case,,,0.1,,RECENCY;DURATION,TIMEPOINT,salesforce,0,,0.45,IGNORE,,,OPERATIONAL SOURCE,,,,0.8,SystemModstamp,Case,SYSTEM_METADATA,0,True
Case.Time_to_Resolution_Days__c,salesforce,Case.AccountId -> Account.Id,0.75,True,,Time to Resolution Days,salesforce:Case:Time_to_Resolution_Days__c,0,Operational Account-linked source prior. | final_usage=FORMULA_INPUT | final_roles=MEASURE;TIME_INPUT | recommended_use=AGGREGATE,,0,False,0.5,,LOWER_BETTER,,,ELIGIBLE,,0.8,Time to Resolution Days,double,Case,,,0.1,TIME_DURATION,DURATION;VARIABILITY;TREND,MEASURE,salesforce,0,,0.7,DIRECT_EXPERIENCE_INPUT,TIME,,OPERATIONAL SOURCE,historical_recipe_count=41; signal=12; no_signal=29; examples=ttr Contracta | ttr QuoteFlow | ttr Write Up | ttr by customer-driven knowledge | ttr by ticket type - Defect | free support ttr; recipe_keys=HIST_SFDC_FF803F43FD64B30818C9;HIST_SFDC_B25419011F6FD058F578;HIST_SFDC_10B3FEEC9CABC5966281;HIST_SFDC_21BF111826878617577A;HIST_SFDC_895E417CDA623EAA15D3;HIST_SFDC_9D3A8B43E04811E61F61 | historical_prior_average=0.538,,,0.8,Time_to_Resolution_Days__c,Case,DIRECT_EXPERIENCE_INPUT,0,True
Case.Type,salesforce,Case.AccountId -> Account.Id,0.4,True,,Case Type,salesforce:Case:Type,0,Operational Account-linked source prior. | final_usage=FORMULA_INPUT | final_roles=GROUPING;FILTER;PROCESS_DIMENSION | recommended_use=SEGMENT;FILTER,,0,False,0.5,,CONTEXT_DEPENDENT,,,ELIGIBLE,,0.45,Case Type,picklist,Case,,,0.1,PROCESS_STEPS;PROCESS_COMPLETION;PROCESS_COMPLIANCE,STATE_SHARE;BREADTH,CATEGORY_OR_TEXT,salesforce,0,,0.45,DIRECT_EXPERIENCE_INPUT,PROCESS,,OPERATIONAL SOURCE,,,,0.8,Type,Case,DIRECT_EXPERIENCE_INPUT,0,False
Opportunity.AccountId,salesforce,Opportunity.AccountId -> Account.Id,0,True,,Account ID,salesforce:Opportunity:AccountId,0,Account/source linkage field; not a feature itself. | final_usage=LINKAGE | final_roles=LINKAGE | recommended_use=JOIN_ONLY,,0,False,0.5,,CONTEXT_DEPENDENT,,,ELIGIBLE,,0.1,Account ID,reference,Opportunity,,,0.05,,COUNT;TRANSITION,RELATIONSHIP,salesforce,0,,0,LINKAGE,,,SOURCE LINKAGE,,,,0.95,AccountId,Opportunity,LINKAGE,0,True
Opportunity.Amount,salesforce,Opportunity.AccountId -> Account.Id,0.4,True,,Amount,salesforce:Opportunity:Amount,0,Operational Account-linked source prior. | final_usage=FORMULA_INPUT | final_roles=MEASURE;VALUE_DIMENSION | recommended_use=AGGREGATE,,0,False,0.5,,CONTEXT_DEPENDENT,,,ELIGIBLE,,0.8,Amount,currency,Opportunity,,,0.1,VALUE_COMMERCIAL_GROWTH,MONETARY;TREND;RATIO,MEASURE,salesforce,0,,0.7,DIRECT_EXPERIENCE_INPUT,VALUE,,OPERATIONAL SOURCE,,,,0.8,Amount,Opportunity,DIRECT_EXPERIENCE_INPUT,0,True
Opportunity.Annual_Renewal__c,salesforce,Opportunity.AccountId -> Account.Id,0.4,True,,Annual Renewal,salesforce:Opportunity:Annual_Renewal__c,0,Operational Account-linked source prior. | final_usage=FORMULA_INPUT | final_roles=MEASURE;VALUE_DIMENSION | recommended_use=AGGREGATE,,0,False,0.5,,CONTEXT_DEPENDENT,,,ELIGIBLE,,0.8,Annual Renewal,currency,Opportunity,,,0.1,VALUE_RENEWAL,MONETARY;TREND;RATIO,MEASURE,salesforce,0,,0.7,DIRECT_EXPERIENCE_INPUT,VALUE,,OPERATIONAL SOURCE,historical_recipe_count=1; signal=0; no_signal=1; examples=Annual Revenue; recipe_keys=HIST_SFDC_36D0D7B4A4A5964A0731 | historical_prior_average=0.45,,,0.8,Annual_Renewal__c,Opportunity,DIRECT_EXPERIENCE_INPUT,0,True
Opportunity.ARR__c,salesforce,Opportunity.AccountId -> Account.Id,0.4,True,,ARR,salesforce:Opportunity:ARR__c,0,Operational Account-linked source prior. | final_usage=FORMULA_INPUT | final_roles=MEASURE;VALUE_DIMENSION | recommended_use=AGGREGATE,,0,False,0.5,,CONTEXT_DEPENDENT,,,ELIGIBLE,,0.8,ARR,currency,Opportunity,,,0.1,VALUE_COMMERCIAL_GROWTH,MONETARY;TREND;RATIO,MEASURE,salesforce,0,,0.7,DIRECT_EXPERIENCE_INPUT,VALUE,,OPERATIONAL SOURCE,historical_recipe_count=1; signal=0; no_signal=1; examples=annual recurring revenue; recipe_keys=HIST_SFDC_9457CF283176AF720E52 | historical_prior_average=0.45,,,0.8,ARR__c,Opportunity,DIRECT_EXPERIENCE_INPUT,0,True
Opportunity.CampaignId,salesforce,Opportunity.AccountId -> Account.Id,0.4,True,,Campaign ID,salesforce:Opportunity:CampaignId,0,Operational Account-linked source prior. | final_usage=FORMULA_INPUT | final_roles=GROUPING;HANDOFF_OR_OWNERSHIP | recommended_use=COUNT_DISTINCT;TRANSITION,,0,False,0.5,,CONTEXT_DEPENDENT,,,ELIGIBLE,,0.45,Campaign ID,reference,Opportunity,,,0.1,,COUNT;TRANSITION,RELATIONSHIP,salesforce,0,,0.45,DIRECT_EXPERIENCE_INPUT,,,OPERATIONAL SOURCE,,,,0.8,CampaignId,Opportunity,DIRECT_EXPERIENCE_INPUT,0,True
Opportunity.CloseDate,salesforce,Opportunity.AccountId -> Account.Id,0.75,True,,Close Date,salesforce:Opportunity:CloseDate,0,Operational Account-linked source prior. | final_usage=BUSINESS_DATE | final_roles=BUSINESS_DATE;WINDOW;DURATION_INPUT | recommended_use=TIME_WINDOW_OR_DURATION,,0,False,0.5,,CONTEXT_DEPENDENT,,,ELIGIBLE,,0.8,Close Date,date,Opportunity,,,0.1,PROCESS_COMPLETION,RECENCY;DURATION,TIMEPOINT,salesforce,0,,0.7,DIRECT_EXPERIENCE_INPUT,PROCESS,,OPERATIONAL SOURCE,,,TIME,0.8,CloseDate,Opportunity,DIRECT_EXPERIENCE_INPUT,0,True
Opportunity.ContactId,salesforce,Opportunity.AccountId -> Account.Id,0.75,True,,Contact ID,salesforce:Opportunity:ContactId,0,Operational Account-linked source prior. | final_usage=FORMULA_INPUT | final_roles=GROUPING;HANDOFF_OR_OWNERSHIP | recommended_use=COUNT_DISTINCT;TRANSITION,,0,False,0.5,,CONTEXT_DEPENDENT,,,ELIGIBLE,,0.8,Contact ID,reference,Opportunity,,,0.1,PEOPLE_RELATIONSHIP_COVERAGE,COUNT;TRANSITION,RELATIONSHIP,salesforce,0,,0.7,DIRECT_EXPERIENCE_INPUT,PEOPLE,,OPERATIONAL SOURCE,,,,0.8,ContactId,Opportunity,DIRECT_EXPERIENCE_INPUT,0,True
Opportunity.CreatedById,salesforce,Opportunity.AccountId -> Account.Id,0.75,True,,Created By ID,salesforce:Opportunity:CreatedById,0,Operational Account-linked source prior. | final_usage=SYSTEM_METADATA | final_roles=SYSTEM_METADATA | recommended_use=IGNORE,,0,False,0.5,,CONTEXT_DEPENDENT,,,EXCLUDE,Salesforce system metadata; not business-source evidence.,0.8,Created By ID,reference,Opportunity,,,0.1,,COUNT;TRANSITION,RELATIONSHIP,salesforce,0,,0.7,IGNORE,TIME,,OPERATIONAL SOURCE,,,,0.8,CreatedById,Opportunity,SYSTEM_METADATA,0,True
Opportunity.CreatedDate,salesforce,Opportunity.AccountId -> Account.Id,0.75,True,,Created Date,salesforce:Opportunity:CreatedDate,0,Operational Account-linked source prior. | final_usage=SYSTEM_DATE | final_roles=SYSTEM_METADATA;SYSTEM_DATE | recommended_use=DO_NOT_USE_AS_BUSINESS_TIME,,0,False,0.5,,CONTEXT_DEPENDENT,,,EXCLUDE,Salesforce system metadata; not business-source evidence.,0.8,Created Date,datetime,Opportunity,,,0.1,,RECENCY;DURATION,TIMEPOINT,salesforce,0,,0.7,IGNORE,TIME,,OPERATIONAL SOURCE,,,,0.8,CreatedDate,Opportunity,SYSTEM_DATE,0,True
Opportunity.Description,salesforce,Opportunity.AccountId -> Account.Id,0.4,False,,Description,salesforce:Opportunity:Description,0,Operational Account-linked source prior. | final_usage=UNSTRUCTURED_TEXT | final_roles=TEXT | recommended_use=SEMANTIC_EXTRACTION_OR_CONTEXT,,0,False,0.5,,CONTEXT_DEPENDENT,,,ELIGIBLE,,0.45,Description,textarea,Opportunity,,,0.1,,,CATEGORY_OR_TEXT,salesforce,0,,0.45,DIRECT_EXPERIENCE_INPUT,,,OPERATIONAL SOURCE,,,,0.8,Description,Opportunity,DIRECT_EXPERIENCE_INPUT,0,False
Opportunity.ExpectedRevenue,salesforce,Opportunity.AccountId -> Account.Id,0.4,True,,Expected Amount,salesforce:Opportunity:ExpectedRevenue,0,Operational Account-linked source prior. | final_usage=FORMULA_INPUT | final_roles=MEASURE;VALUE_DIMENSION | recommended_use=AGGREGATE,,0,False,0.5,,CONTEXT_DEPENDENT,,,ELIGIBLE,,0.8,Expected Amount,currency,Opportunity,,,0.1,VALUE_COMMERCIAL_GROWTH,MONETARY;TREND;RATIO,MEASURE,salesforce,0,,0.7,DIRECT_EXPERIENCE_INPUT,VALUE,,OPERATIONAL SOURCE,,,,0.8,ExpectedRevenue,Opportunity,DIRECT_EXPERIENCE_INPUT,0,True
Opportunity.Fiscal,salesforce,Opportunity.AccountId -> Account.Id,0.4,True,,Fiscal Period,salesforce:Opportunity:Fiscal,0,Operational Account-linked source prior. | final_usage=FORMULA_INPUT | final_roles=GROUPING;FILTER | recommended_use=SEGMENT;FILTER,,0,False,0.5,,CONTEXT_DEPENDENT,,,ELIGIBLE,,0.45,Fiscal Period,string,Opportunity,,,0.1,,STATE_SHARE;BREADTH,CATEGORY_OR_TEXT,salesforce,0,,0.45,DIRECT_EXPERIENCE_INPUT,,,OPERATIONAL SOURCE,,,,0.8,Fiscal,Opportunity,DIRECT_EXPERIENCE_INPUT,0,False
Opportunity.FiscalQuarter,salesforce,Opportunity.AccountId -> Account.Id,0.4,True,,Fiscal Quarter,salesforce:Opportunity:FiscalQuarter,0,Operational Account-linked source prior. | final_usage=FORMULA_INPUT | final_roles=MEASURE | recommended_use=AGGREGATE,,0,False,0.5,,CONTEXT_DEPENDENT,,,ELIGIBLE,,0.45,Fiscal Quarter,int,Opportunity,,,0.1,,TREND;VARIABILITY,MEASURE,salesforce,0,,0.45,DIRECT_EXPERIENCE_INPUT,,,OPERATIONAL SOURCE,,,,0.8,FiscalQuarter,Opportunity,DIRECT_EXPERIENCE_INPUT,0,True
Opportunity.FiscalYear,salesforce,Opportunity.AccountId -> Account.Id,0.4,True,,Fiscal Year,salesforce:Opportunity:FiscalYear,0,Operational Account-linked source prior. | final_usage=FORMULA_INPUT | final_roles=MEASURE | recommended_use=AGGREGATE,,0,False,0.5,,CONTEXT_DEPENDENT,,,ELIGIBLE,,0.45,Fiscal Year,int,Opportunity,,,0.1,,TREND;VARIABILITY,MEASURE,salesforce,0,,0.45,DIRECT_EXPERIENCE_INPUT,,,OPERATIONAL SOURCE,,,,0.8,FiscalYear,Opportunity,DIRECT_EXPERIENCE_INPUT,0,True
Opportunity.ForecastCategory,salesforce,Opportunity.AccountId -> Account.Id,0.75,True,,Forecast Category,salesforce:Opportunity:ForecastCategory,0,Operational Account-linked source prior. | final_usage=FORMULA_INPUT | final_roles=GROUPING;FILTER;PROCESS_DIMENSION | recommended_use=SEGMENT;FILTER,,0,False,0.5,,CONTEXT_DEPENDENT,,,ELIGIBLE,,0.8,Forecast Category,picklist,Opportunity,,,0.1,TIME_PREDICTABILITY,STATE_SHARE;BREADTH,CATEGORY_OR_TEXT,salesforce,0,,0.7,DIRECT_EXPERIENCE_INPUT,TIME,,OPERATIONAL SOURCE,,,,0.8,ForecastCategory,Opportunity,DIRECT_EXPERIENCE_INPUT,0,False
Opportunity.ForecastCategoryName,salesforce,Opportunity.AccountId -> Account.Id,0.75,True,,Forecast Category,salesforce:Opportunity:ForecastCategoryName,0,Operational Account-linked source prior. | final_usage=FORMULA_INPUT | final_roles=GROUPING;FILTER;PROCESS_DIMENSION | recommended_use=SEGMENT;FILTER,,0,False,0.5,,CONTEXT_DEPENDENT,,,ELIGIBLE,,0.8,Forecast Category,picklist,Opportunity,,,0.1,TIME_PREDICTABILITY,STATE_SHARE;BREADTH,CATEGORY_OR_TEXT,salesforce,0,,0.7,DIRECT_EXPERIENCE_INPUT,TIME,,OPERATIONAL SOURCE,,,,0.8,ForecastCategoryName,Opportunity,DIRECT_EXPERIENCE_INPUT,0,False
Opportunity.HasOpenActivity,salesforce,Opportunity.AccountId -> Account.Id,0.75,True,,Has Open Activity,salesforce:Opportunity:HasOpenActivity,0,Operational Account-linked source prior. | final_usage=FORMULA_INPUT | final_roles=EVENT_FLAG;FILTER | recommended_use=RATE;FILTER,,0,False,0.5,,CONTEXT_DEPENDENT,,,ELIGIBLE,,0.8,Has Open Activity,boolean,Opportunity,,,0.1,PEOPLE_ENGAGEMENT,RATE;STATE_SHARE,EVENT_FLAG,salesforce,0,,0.7,DIRECT_EXPERIENCE_INPUT,PEOPLE,,OPERATIONAL SOURCE,,,,0.8,HasOpenActivity,Opportunity,DIRECT_EXPERIENCE_INPUT,0,True
Opportunity.HasOpportunityLineItem,salesforce,Opportunity.AccountId -> Account.Id,0.4,True,,Has Line Item,salesforce:Opportunity:HasOpportunityLineItem,0,Operational Account-linked source prior. | final_usage=FORMULA_INPUT | final_roles=EVENT_FLAG;FILTER | recommended_use=RATE;FILTER,,0,False,0.5,,CONTEXT_DEPENDENT,,,ELIGIBLE,,0.45,Has Line Item,boolean,Opportunity,,,0.1,,RATE;STATE_SHARE,EVENT_FLAG,salesforce,0,,0.45,DIRECT_EXPERIENCE_INPUT,,,OPERATIONAL SOURCE,,,,0.8,HasOpportunityLineItem,Opportunity,DIRECT_EXPERIENCE_INPUT,0,True
Opportunity.HasOverdueTask,salesforce,Opportunity.AccountId -> Account.Id,0.75,True,,Has Overdue Task,salesforce:Opportunity:HasOverdueTask,0,Operational Account-linked source prior. | final_usage=FORMULA_INPUT | final_roles=EVENT_FLAG;FILTER | recommended_use=RATE;FILTER,,0,False,0.5,,LOWER_BETTER,,,ELIGIBLE,,0.8,Has Overdue Task,boolean,Opportunity,,,0.1,TIME_LATENESS,RATE;STATE_SHARE,EVENT_FLAG,salesforce,0,,0.7,DIRECT_EXPERIENCE_INPUT,TIME,,OPERATIONAL SOURCE,,,,0.8,HasOverdueTask,Opportunity,DIRECT_EXPERIENCE_INPUT,0,True
Opportunity.Id,salesforce,Opportunity.AccountId -> Account.Id,0.05,False,,Opportunity ID,salesforce:Opportunity:Id,0,Identifier; linkage/context only unless explicitly approved. | final_usage=IDENTIFIER | final_roles=IDENTIFIER | recommended_use=CONTEXT_OR_JOIN_ONLY,,0,False,0.5,,CONTEXT_DEPENDENT,,,REVIEW,,0.2,Opportunity ID,id,Opportunity,,,0.2,,,CATEGORY_OR_TEXT,salesforce,0,,0.1,IDENTIFIER,,,IDENTIFIER,,,,0.6,Id,Opportunity,IDENTIFIER,0,False
Opportunity.IsClosed,salesforce,Opportunity.AccountId -> Account.Id,0.75,True,,Closed,salesforce:Opportunity:IsClosed,0,Operational Account-linked source prior. | final_usage=FORMULA_INPUT | final_roles=EVENT_FLAG;FILTER | recommended_use=RATE;FILTER,,0,False,0.5,,CONTEXT_DEPENDENT,,,ELIGIBLE,,0.8,Closed,boolean,Opportunity,,,0.1,PROCESS_COMPLETION,RATE;STATE_SHARE,EVENT_FLAG,salesforce,0,,0.7,DIRECT_EXPERIENCE_INPUT,PROCESS,,OPERATIONAL SOURCE,,,TIME,0.8,IsClosed,Opportunity,DIRECT_EXPERIENCE_INPUT,0,True
Opportunity.IsDeleted,salesforce,Opportunity.AccountId -> Account.Id,0.4,True,,Deleted,salesforce:Opportunity:IsDeleted,0,Operational Account-linked source prior. | final_usage=SYSTEM_METADATA | final_roles=SYSTEM_METADATA | recommended_use=IGNORE,,0,False,0.5,,CONTEXT_DEPENDENT,,,EXCLUDE,Salesforce system metadata; not business-source evidence.,0.45,Deleted,boolean,Opportunity,,,0.1,,RATE;STATE_SHARE,EVENT_FLAG,salesforce,0,,0.45,IGNORE,,,OPERATIONAL SOURCE,,,,0.8,IsDeleted,Opportunity,SYSTEM_METADATA,0,True
Opportunity.IsPrivate,salesforce,Opportunity.AccountId -> Account.Id,0.4,True,,Private,salesforce:Opportunity:IsPrivate,0,Operational Account-linked source prior. | final_usage=FORMULA_INPUT | final_roles=EVENT_FLAG;FILTER | recommended_use=RATE;FILTER,,0,False,0.5,,CONTEXT_DEPENDENT,,,ELIGIBLE,,0.45,Private,boolean,Opportunity,,,0.1,,RATE;STATE_SHARE,EVENT_FLAG,salesforce,0,,0.45,DIRECT_EXPERIENCE_INPUT,,,OPERATIONAL SOURCE,,,,0.8,IsPrivate,Opportunity,DIRECT_EXPERIENCE_INPUT,0,True
Opportunity.IsWon,salesforce,Opportunity.AccountId -> Account.Id,0.75,True,,Won,salesforce:Opportunity:IsWon,0,Operational Account-linked source prior. | final_usage=FORMULA_INPUT | final_roles=EVENT_FLAG;FILTER | recommended_use=RATE;FILTER,,0,False,0.5,,CONTEXT_DEPENDENT,,,ELIGIBLE,,0.8,Won,boolean,Opportunity,,,0.1,PROCESS_COMPLETION,RATE;STATE_SHARE,EVENT_FLAG,salesforce,0,,0.7,DIRECT_EXPERIENCE_INPUT,PROCESS,,OPERATIONAL SOURCE,,,,0.8,IsWon,Opportunity,DIRECT_EXPERIENCE_INPUT,0,True
Opportunity.LastActivityDate,salesforce,Opportunity.AccountId -> Account.Id,0.75,True,,Last Activity,salesforce:Opportunity:LastActivityDate,0,Operational Account-linked source prior. | final_usage=FORMULA_INPUT | final_roles=BUSINESS_DATE;WINDOW | recommended_use=RECENCY;WINDOW,,0,False,0.5,,CONTEXT_DEPENDENT,,,ELIGIBLE,,0.8,Last Activity,date,Opportunity,,,0.1,PEOPLE_ENGAGEMENT;TIME_RECENCY,RECENCY;DURATION,TIMEPOINT,salesforce,0,,0.7,DIRECT_EXPERIENCE_INPUT,TIME,,OPERATIONAL SOURCE,,,PEOPLE,0.8,LastActivityDate,Opportunity,DIRECT_EXPERIENCE_INPUT,0,True
Opportunity.LastAmountChangedHistoryId,salesforce,Opportunity.AccountId -> Account.Id,0.4,True,,Opportunity History ID,salesforce:Opportunity:LastAmountChangedHistoryId,0,Operational Account-linked source prior. | final_usage=FORMULA_INPUT | final_roles=GROUPING;HANDOFF_OR_OWNERSHIP;VALUE_DIMENSION | recommended_use=COUNT_DISTINCT;TRANSITION,,0,False,0.5,,CONTEXT_DEPENDENT,,,ELIGIBLE,,0.8,Opportunity History ID,reference,Opportunity,,,0.1,VALUE_COMMERCIAL_GROWTH,COUNT;TRANSITION,RELATIONSHIP,salesforce,0,,0.7,DIRECT_EXPERIENCE_INPUT,VALUE,,OPERATIONAL SOURCE,,,,0.8,LastAmountChangedHistoryId,Opportunity,DIRECT_EXPERIENCE_INPUT,0,True
Opportunity.LastCloseDateChangedHistoryId,salesforce,Opportunity.AccountId -> Account.Id,0.75,True,,Opportunity History ID,salesforce:Opportunity:LastCloseDateChangedHistoryId,0,Operational Account-linked source prior. | final_usage=FORMULA_INPUT | final_roles=GROUPING;HANDOFF_OR_OWNERSHIP | recommended_use=COUNT_DISTINCT;TRANSITION,,0,False,0.5,,CONTEXT_DEPENDENT,,,ELIGIBLE,,0.8,Opportunity History ID,reference,Opportunity,,,0.1,PROCESS_COMPLETION,COUNT;TRANSITION,RELATIONSHIP,salesforce,0,,0.7,DIRECT_EXPERIENCE_INPUT,PROCESS,,OPERATIONAL SOURCE,,,TIME,0.8,LastCloseDateChangedHistoryId,Opportunity,DIRECT_EXPERIENCE_INPUT,0,True
Opportunity.LastModifiedById,salesforce,Opportunity.AccountId -> Account.Id,0.4,True,,Last Modified By ID,salesforce:Opportunity:LastModifiedById,0,Operational Account-linked source prior. | final_usage=SYSTEM_METADATA | final_roles=SYSTEM_METADATA | recommended_use=IGNORE,,0,False,0.5,,CONTEXT_DEPENDENT,,,EXCLUDE,Salesforce system metadata; not business-source evidence.,0.45,Last Modified By ID,reference,Opportunity,,,0.1,,COUNT;TRANSITION,RELATIONSHIP,salesforce,0,,0.45,IGNORE,,,OPERATIONAL SOURCE,,,,0.8,LastModifiedById,Opportunity,SYSTEM_METADATA,0,True
Opportunity.LastModifiedDate,salesforce,Opportunity.AccountId -> Account.Id,0.75,True,,Last Modified Date,salesforce:Opportunity:LastModifiedDate,0,Operational Account-linked source prior. | final_usage=SYSTEM_DATE | final_roles=SYSTEM_METADATA;SYSTEM_DATE | recommended_use=DO_NOT_USE_AS_BUSINESS_TIME,,0,False,0.5,,CONTEXT_DEPENDENT,,,EXCLUDE,Salesforce system metadata; not business-source evidence.,0.8,Last Modified Date,datetime,Opportunity,,,0.1,,RECENCY;DURATION,TIMEPOINT,salesforce,0,,0.7,IGNORE,TIME,,OPERATIONAL SOURCE,,,,0.8,LastModifiedDate,Opportunity,SYSTEM_DATE,0,True
Opportunity.LastReferencedDate,salesforce,Opportunity.AccountId -> Account.Id,0.75,True,,Last Referenced Date,salesforce:Opportunity:LastReferencedDate,0,Operational Account-linked source prior. | final_usage=SYSTEM_METADATA | final_roles=SYSTEM_METADATA | recommended_use=IGNORE,,0,False,0.5,,CONTEXT_DEPENDENT,,,EXCLUDE,Salesforce system metadata; not business-source evidence.,0.8,Last Referenced Date,datetime,Opportunity,,,0.1,,RECENCY;DURATION,TIMEPOINT,salesforce,0,,0.7,IGNORE,TIME,,OPERATIONAL SOURCE,,,,0.8,LastReferencedDate,Opportunity,SYSTEM_METADATA,0,True
Opportunity.LastStageChangeDate,salesforce,Opportunity.AccountId -> Account.Id,0.75,True,,Last Stage Change Date,salesforce:Opportunity:LastStageChangeDate,0,Operational Account-linked source prior. | final_usage=FORMULA_INPUT | final_roles=BUSINESS_DATE;WINDOW;PROCESS_DIMENSION | recommended_use=RECENCY;WINDOW,,0,False,0.5,,CONTEXT_DEPENDENT,,,ELIGIBLE,,0.8,Last Stage Change Date,datetime,Opportunity,,,0.1,PROCESS_STEPS,RECENCY;DURATION,TIMEPOINT,salesforce,0,,0.7,DIRECT_EXPERIENCE_INPUT,PROCESS,,OPERATIONAL SOURCE,,,TIME,0.8,LastStageChangeDate,Opportunity,DIRECT_EXPERIENCE_INPUT,0,True
Opportunity.LastViewedDate,salesforce,Opportunity.AccountId -> Account.Id,0.75,True,,Last Viewed Date,salesforce:Opportunity:LastViewedDate,0,Operational Account-linked source prior. | final_usage=SYSTEM_METADATA | final_roles=SYSTEM_METADATA | recommended_use=IGNORE,,0,False,0.5,,CONTEXT_DEPENDENT,,,EXCLUDE,Salesforce system metadata; not business-source evidence.,0.8,Last Viewed Date,datetime,Opportunity,,,0.1,,RECENCY;DURATION,TIMEPOINT,salesforce,0,,0.7,IGNORE,TIME,,OPERATIONAL SOURCE,,,,0.8,LastViewedDate,Opportunity,SYSTEM_METADATA,0,True
Opportunity.LeadSource,salesforce,Opportunity.AccountId -> Account.Id,0.4,True,,Lead Source,salesforce:Opportunity:LeadSource,0,Operational Account-linked source prior. | final_usage=FORMULA_INPUT | final_roles=GROUPING;FILTER;INFORMATION_DIMENSION | recommended_use=SEGMENT;FILTER,,0,False,0.5,,CONTEXT_DEPENDENT,,,ELIGIBLE,,0.45,Lead Source,picklist,Opportunity,,,0.1,INFO_COMMUNICATION;INFO_GUIDANCE,STATE_SHARE;BREADTH,CATEGORY_OR_TEXT,salesforce,0,,0.45,DIRECT_EXPERIENCE_INPUT,INFORMATION,,OPERATIONAL SOURCE,,,,0.8,LeadSource,Opportunity,DIRECT_EXPERIENCE_INPUT,0,False
Opportunity.Name,salesforce,Opportunity.AccountId -> Account.Id,0.4,True,,Name,salesforce:Opportunity:Name,0,Operational Account-linked source prior. | final_usage=FORMULA_INPUT | final_roles=GROUPING;FILTER | recommended_use=SEGMENT;FILTER,,0,False,0.5,,CONTEXT_DEPENDENT,,,ELIGIBLE,,0.45,Name,string,Opportunity,,,0.1,,STATE_SHARE;BREADTH,CATEGORY_OR_TEXT,salesforce,0,,0.45,DIRECT_EXPERIENCE_INPUT,,,OPERATIONAL SOURCE,,,,0.8,Name,Opportunity,DIRECT_EXPERIENCE_INPUT,0,False
Opportunity.NextStep,salesforce,Opportunity.AccountId -> Account.Id,0.75,True,,Next Step,salesforce:Opportunity:NextStep,0,Operational Account-linked source prior. | final_usage=FORMULA_INPUT | final_roles=GROUPING;FILTER | recommended_use=SEGMENT;FILTER,,0,False,0.5,,CONTEXT_DEPENDENT,,,ELIGIBLE,,0.8,Next Step,string,Opportunity,,,0.1,PROCESS_STEPS;PROCESS_CLARITY,STATE_SHARE;BREADTH,CATEGORY_OR_TEXT,salesforce,0,,0.7,DIRECT_EXPERIENCE_INPUT,PROCESS,,OPERATIONAL SOURCE,,,,0.8,NextStep,Opportunity,DIRECT_EXPERIENCE_INPUT,0,False
Opportunity.OCX_Expansion_Lead__c,salesforce,Opportunity.AccountId -> Account.Id,0.05,True,,OCX Expansion Lead,salesforce:Opportunity:OCX_Expansion_Lead__c,0,OCX-prefixed field excluded by default; not on explicit source/linkage allowlist. | final_usage=EXCLUDE | final_roles=OUTCOME_OR_DERIVED | recommended_use=NOT_SOURCE_FEATURE,,0,False,0.5,,CONTEXT_DEPENDENT,,,EXCLUDE,,0.05,OCX Expansion Lead,reference,Opportunity,,,1,VALUE_EXPANSION,COUNT;TRANSITION,RELATIONSHIP,salesforce,0,,0,OCX_DERIVED,VALUE,,OCX DERIVED / DOWNSTREAM,,,,0.95,OCX_Expansion_Lead__c,Opportunity,OCX_DERIVED;MODEL_OUTPUT,0,True
Opportunity.OCX_Opportunity_ID__c,salesforce,Opportunity.AccountId -> Account.Id,0.05,True,,OCX Opportunity ID,salesforce:Opportunity:OCX_Opportunity_ID__c,0,OCX-prefixed identifier; linkage/context only. | final_usage=IDENTIFIER | final_roles=IDENTIFIER | recommended_use=CONTEXT_OR_JOIN_ONLY,,0,False,0.5,,CONTEXT_DEPENDENT,,,REVIEW,,0.2,OCX Opportunity ID,string,Opportunity,,,0.2,,STATE_SHARE;BREADTH,CATEGORY_OR_TEXT,salesforce,0,,0.1,IDENTIFIER,,,IDENTIFIER,,,,0.6,OCX_Opportunity_ID__c,Opportunity,IDENTIFIER,0,False
Opportunity.OCX_Propensity__c,salesforce,Opportunity.AccountId -> Account.Id,0.05,True,,OCX Propensity,salesforce:Opportunity:OCX_Propensity__c,0,OCX-prefixed field excluded by default; not on explicit source/linkage allowlist. | final_usage=EXCLUDE | final_roles=OUTCOME_OR_DERIVED | recommended_use=NOT_SOURCE_FEATURE,,0,False,0.5,,CONTEXT_DEPENDENT,,,EXCLUDE,,0.05,OCX Propensity,string,Opportunity,,,1,,STATE_SHARE;BREADTH,CATEGORY_OR_TEXT,salesforce,0,,0,OCX_DERIVED,,,OCX DERIVED / DOWNSTREAM,,,,0.95,OCX_Propensity__c,Opportunity,OCX_DERIVED;MODEL_OUTPUT,0,False
Opportunity.OCX_Renewal_Quarter__c,salesforce,Opportunity.AccountId -> Account.Id,0.4,True,,OCX Renewal Quarter,salesforce:Opportunity:OCX_Renewal_Quarter__c,0,OCX-prefixed field excluded by default; not on explicit source/linkage allowlist. | final_usage=EXCLUDE | final_roles=OUTCOME_OR_DERIVED | recommended_use=NOT_SOURCE_FEATURE,,0,False,0.5,,CONTEXT_DEPENDENT,,,EXCLUDE,,0.8,OCX Renewal Quarter,string,Opportunity,,,1,VALUE_RENEWAL,STATE_SHARE;BREADTH,CATEGORY_OR_TEXT,salesforce,0,,0,OCX_DERIVED,VALUE,,OPERATIONAL SOURCE,,,,0.8,OCX_Renewal_Quarter__c,Opportunity,OCX_DERIVED;MODEL_OUTPUT,0,False
Opportunity.OwnerId,salesforce,Opportunity.AccountId -> Account.Id,0.75,True,,Owner ID,salesforce:Opportunity:OwnerId,0,Operational Account-linked source prior. | final_usage=FORMULA_INPUT | final_roles=GROUPING;HANDOFF_OR_OWNERSHIP;PEOPLE_DIMENSION | recommended_use=COUNT_DISTINCT;TRANSITION,,0,False,0.5,,CONTEXT_DEPENDENT,,,ELIGIBLE,,0.8,Owner ID,reference,Opportunity,,,0.1,PEOPLE_OWNERSHIP,COUNT;TRANSITION,RELATIONSHIP,salesforce,0,,0.7,DIRECT_EXPERIENCE_INPUT,PEOPLE,,OPERATIONAL SOURCE,,,,0.8,OwnerId,Opportunity,DIRECT_EXPERIENCE_INPUT,0,True
Opportunity.Pricebook2Id,salesforce,Opportunity.AccountId -> Account.Id,0.4,True,,Price Book ID,salesforce:Opportunity:Pricebook2Id,0,Operational Account-linked source prior. | final_usage=FORMULA_INPUT | final_roles=GROUPING;HANDOFF_OR_OWNERSHIP | recommended_use=COUNT_DISTINCT;TRANSITION,,0,False,0.5,,CONTEXT_DEPENDENT,,,ELIGIBLE,,0.45,Price Book ID,reference,Opportunity,,,0.1,,COUNT;TRANSITION,RELATIONSHIP,salesforce,0,,0.45,DIRECT_EXPERIENCE_INPUT,,,OPERATIONAL SOURCE,,,,0.8,Pricebook2Id,Opportunity,DIRECT_EXPERIENCE_INPUT,0,True
Opportunity.Probability,salesforce,Opportunity.AccountId -> Account.Id,0.4,True,,Probability (%),salesforce:Opportunity:Probability,0,Operational Account-linked source prior. | final_usage=FORMULA_INPUT | final_roles=MEASURE;VALUE_DIMENSION | recommended_use=AGGREGATE,,0,False,0.5,,CONTEXT_DEPENDENT,,,ELIGIBLE,,0.45,Probability (%),percent,Opportunity,,,0.1,VALUE_RENEWAL;VALUE_COMMERCIAL_GROWTH,TREND;VARIABILITY,MEASURE,salesforce,0,,0.45,DIRECT_EXPERIENCE_INPUT,VALUE,,OPERATIONAL SOURCE,,,,0.8,Probability,Opportunity,DIRECT_EXPERIENCE_INPUT,0,True
Opportunity.PushCount,salesforce,Opportunity.AccountId -> Account.Id,0.4,True,,Push Count,salesforce:Opportunity:PushCount,0,Operational Account-linked source prior. | final_usage=FORMULA_INPUT | final_roles=MEASURE | recommended_use=AGGREGATE,,0,False,0.5,,CONTEXT_DEPENDENT,,,ELIGIBLE,,0.45,Push Count,int,Opportunity,,,0.1,,TREND;VARIABILITY,MEASURE,salesforce,0,,0.45,DIRECT_EXPERIENCE_INPUT,,,OPERATIONAL SOURCE,,,,0.8,PushCount,Opportunity,DIRECT_EXPERIENCE_INPUT,0,True
Opportunity.Source_Account_Segment__c,salesforce,Opportunity.AccountId -> Account.Id,0.4,True,,Source Account Segment,salesforce:Opportunity:Source_Account_Segment__c,0,Operational Account-linked source prior. | final_usage=FORMULA_INPUT | final_roles=GROUPING;FILTER | recommended_use=SEGMENT;FILTER,,0,False,0.5,,CONTEXT_DEPENDENT,,,ELIGIBLE,,0.45,Source Account Segment,string,Opportunity,,,0.1,,STATE_SHARE;BREADTH,CATEGORY_OR_TEXT,salesforce,0,,0.45,DIRECT_EXPERIENCE_INPUT,,,OPERATIONAL SOURCE,,,,0.9,Source_Account_Segment__c,Opportunity,DIRECT_EXPERIENCE_INPUT,0,False
Opportunity.Source_Age_Days__c,salesforce,Opportunity.AccountId -> Account.Id,0.75,True,,Source Opportunity Age Days,salesforce:Opportunity:Source_Age_Days__c,0,Operational Account-linked source prior. | final_usage=FORMULA_INPUT | final_roles=MEASURE;TIME_INPUT | recommended_use=AGGREGATE,,0,False,0.5,,CONTEXT_DEPENDENT,,,ELIGIBLE,,0.8,Source Opportunity Age Days,double,Opportunity,,,0.1,TIME_DURATION,DURATION;VARIABILITY;TREND,MEASURE,salesforce,0,,0.7,DIRECT_EXPERIENCE_INPUT,TIME,,OPERATIONAL SOURCE,historical_recipe_count=3; signal=1; no_signal=2; examples=duration of opportunity | max aging-opportunity | min aging-opportunity; recipe_keys=HIST_SFDC_A49C076F487CDC7A99AC;HIST_SFDC_D43ACC10F0D986C3E54F;HIST_SFDC_A8ECCD39B61F1BF204AE | historical_prior_average=0.55,,,0.9,Source_Age_Days__c,Opportunity,DIRECT_EXPERIENCE_INPUT,0,True
Opportunity.Source_Average_ACV__c,salesforce,Opportunity.AccountId -> Account.Id,0.4,True,,Source Average ACV,salesforce:Opportunity:Source_Average_ACV__c,0,Operational Account-linked source prior. | final_usage=FORMULA_INPUT | final_roles=MEASURE;VALUE_DIMENSION | recommended_use=AGGREGATE,,0,False,0.5,,CONTEXT_DEPENDENT,,,ELIGIBLE,,0.8,Source Average ACV,currency,Opportunity,,,0.1,VALUE_COMMERCIAL_GROWTH,MONETARY;TREND;RATIO,MEASURE,salesforce,0,,0.7,DIRECT_EXPERIENCE_INPUT,VALUE,,OPERATIONAL SOURCE,historical_recipe_count=1; signal=0; no_signal=1; examples=account acv; recipe_keys=HIST_SFDC_96EAB979E4CF62D81139 | historical_prior_average=0.45,,,0.9,Source_Average_ACV__c,Opportunity,DIRECT_EXPERIENCE_INPUT,0,True
Opportunity.Source_Created_Date__c,salesforce,Opportunity.AccountId -> Account.Id,0.75,True,,Source Created Date,salesforce:Opportunity:Source_Created_Date__c,0,Operational Account-linked source prior. | final_usage=BUSINESS_DATE | final_roles=BUSINESS_DATE;WINDOW;DURATION_INPUT | recommended_use=TIME_WINDOW_OR_DURATION,,0,False,0.5,,CONTEXT_DEPENDENT,,,ELIGIBLE,,0.8,Source Created Date,date,Opportunity,,,0.1,,RECENCY;DURATION,TIMEPOINT,salesforce,0,,0.7,DIRECT_EXPERIENCE_INPUT,TIME,,OPERATIONAL SOURCE,,,,0.9,Source_Created_Date__c,Opportunity,DIRECT_EXPERIENCE_INPUT,0,True
Opportunity.Source_CSM_Sentiment__c,salesforce,Opportunity.AccountId -> Account.Id,0.4,True,,Source CSM Sentiment,salesforce:Opportunity:Source_CSM_Sentiment__c,0,Operational Account-linked source prior. | final_usage=OUTCOME | final_roles=OUTCOME | recommended_use=NOT_PREDICTOR_INPUT,,0,False,0.5,,CONTEXT_DEPENDENT,,,OUTCOME_ONLY,Outcome/target; not predictor input.,0.45,Source CSM Sentiment,string,Opportunity,,,1,,STATE_SHARE;BREADTH,CATEGORY_OR_TEXT,salesforce,0,,0.45,OUTCOME,,,OPERATIONAL SOURCE,historical_recipe_count=1; signal=1; no_signal=0; examples=CSM Sentiment; recipe_keys=HIST_SFDC_A6E095167F17B089DB07 | historical_prior_average=0.75,,,0.9,Source_CSM_Sentiment__c,Opportunity,OUTCOME,0,False
Opportunity.Source_Engagement_Type__c,salesforce,Opportunity.AccountId -> Account.Id,0.75,True,,Source Engagement Type,salesforce:Opportunity:Source_Engagement_Type__c,0,Operational Account-linked source prior. | final_usage=FORMULA_INPUT | final_roles=GROUPING;FILTER;PROCESS_DIMENSION | recommended_use=SEGMENT;FILTER,,0,False,0.5,,HIGHER_BETTER,,,ELIGIBLE,,0.8,Source Engagement Type,string,Opportunity,,,0.1,PEOPLE_ENGAGEMENT,STATE_SHARE;BREADTH,CATEGORY_OR_TEXT,salesforce,0,,0.7,DIRECT_EXPERIENCE_INPUT,PEOPLE,,OPERATIONAL SOURCE,historical_recipe_count=3; signal=3; no_signal=0; examples=% opportunities - Bongo Led | % opportunities - Customer Led | % opportunities - Partner led; recipe_keys=HIST_SFDC_B5D6BE6BA08A7B5CA730;HIST_SFDC_B36A7D486C0A7142A9D8;HIST_SFDC_AA7DD594F953C8BE8A9B | historical_prior_average=0.75,,,0.9,Source_Engagement_Type__c,Opportunity,DIRECT_EXPERIENCE_INPUT,0,False
Opportunity.Source_Estimated_Close_Date__c,salesforce,Opportunity.AccountId -> Account.Id,0.75,True,,Source Estimated Close Date,salesforce:Opportunity:Source_Estimated_Close_Date__c,0,Operational Account-linked source prior. | final_usage=BUSINESS_DATE | final_roles=BUSINESS_DATE;WINDOW;DURATION_INPUT | recommended_use=TIME_WINDOW_OR_DURATION,,0,False,0.5,,CONTEXT_DEPENDENT,,,ELIGIBLE,,0.8,Source Estimated Close Date,date,Opportunity,,,0.1,TIME_PREDICTABILITY,RECENCY;DURATION,TIMEPOINT,salesforce,0,,0.7,DIRECT_EXPERIENCE_INPUT,TIME,,OPERATIONAL SOURCE,,,,0.9,Source_Estimated_Close_Date__c,Opportunity,DIRECT_EXPERIENCE_INPUT,0,True
Opportunity.Source_Forecast_Category__c,salesforce,Opportunity.AccountId -> Account.Id,0.75,True,,Source Forecast Category,salesforce:Opportunity:Source_Forecast_Category__c,0,Operational Account-linked source prior. | final_usage=FORMULA_INPUT | final_roles=GROUPING;FILTER;PROCESS_DIMENSION | recommended_use=SEGMENT;FILTER,,0,False,0.5,,CONTEXT_DEPENDENT,,,ELIGIBLE,,0.8,Source Forecast Category,string,Opportunity,,,0.1,TIME_PREDICTABILITY,STATE_SHARE;BREADTH,CATEGORY_OR_TEXT,salesforce,0,,0.7,DIRECT_EXPERIENCE_INPUT,TIME,,OPERATIONAL SOURCE,historical_recipe_count=7; signal=2; no_signal=5; examples=% not concluded opportunities (forecast) | forecast accuracy | % lost opportunities (forecast) | # lost opportunities (forecast) | # opportunities won (forecast) | # won opportunities (forecast); recipe_keys=HIST_SFDC_3AEF97C80ACEA5D5B36D;HIST_SFDC_DD6E2E2027E043946B56;HIST_SFDC_4E8FA0CF6D19FC54EC82;HIST_SFDC_8CB20DF5D4F4C7AB8C87;HIST_SFDC_26E394CCDC35F0DE5469;HIST_SFDC_D1B8D3CADD4A3E56D1AC | historical_prior_average=0.536,,,0.9,Source_Forecast_Category__c,Opportunity,DIRECT_EXPERIENCE_INPUT,0,False
Opportunity.Source_Lead_Source__c,salesforce,Opportunity.AccountId -> Account.Id,0.4,True,,Source Lead Source,salesforce:Opportunity:Source_Lead_Source__c,0,Operational Account-linked source prior. | final_usage=FORMULA_INPUT | final_roles=GROUPING;FILTER;INFORMATION_DIMENSION | recommended_use=SEGMENT;FILTER,,0,False,0.5,,CONTEXT_DEPENDENT,,,ELIGIBLE,,0.45,Source Lead Source,string,Opportunity,,,0.1,INFO_COMMUNICATION;INFO_GUIDANCE,STATE_SHARE;BREADTH,CATEGORY_OR_TEXT,salesforce,0,,0.45,DIRECT_EXPERIENCE_INPUT,INFORMATION,,OPERATIONAL SOURCE,,,,0.9,Source_Lead_Source__c,Opportunity,DIRECT_EXPERIENCE_INPUT,0,False
Opportunity.Source_Opportunity_ID__c,salesforce,Opportunity.AccountId -> Account.Id,0.05,True,,Source Opportunity ID,salesforce:Opportunity:Source_Opportunity_ID__c,0,Identifier; linkage/context only unless explicitly approved. | final_usage=IDENTIFIER | final_roles=IDENTIFIER | recommended_use=CONTEXT_OR_JOIN_ONLY,,0,False,0.5,,CONTEXT_DEPENDENT,,,REVIEW,,0.2,Source Opportunity ID,string,Opportunity,,,0.2,,STATE_SHARE;BREADTH,CATEGORY_OR_TEXT,salesforce,0,,0.1,IDENTIFIER,,,IDENTIFIER,historical_recipe_count=15; signal=8; no_signal=7; examples=% opportunity: Existing | % opportunity: New | % not concluded opportunities (forecast) | % opportunity: renew | % opportunities - Bongo Led | % opportunities - Customer Led; recipe_keys=HIST_SFDC_6800C13D43D75F76CA0D;HIST_SFDC_B71D960111ECFDB033E5;HIST_SFDC_3AEF97C80ACEA5D5B36D;HIST_SFDC_B7DE48925C75C565089A;HIST_SFDC_B5D6BE6BA08A7B5CA730;HIST_SFDC_B36A7D486C0A7142A9D8 | historical_prior_average=0.61,,,0.6,Source_Opportunity_ID__c,Opportunity,IDENTIFIER,0,False
Opportunity.Source_Owner_Name__c,salesforce,Opportunity.AccountId -> Account.Id,0.75,True,,Source Owner Name,salesforce:Opportunity:Source_Owner_Name__c,0,Operational Account-linked source prior. | final_usage=FORMULA_INPUT | final_roles=GROUPING;FILTER;PEOPLE_DIMENSION | recommended_use=SEGMENT;FILTER,,0,False,0.5,,CONTEXT_DEPENDENT,,,ELIGIBLE,,0.8,Source Owner Name,string,Opportunity,,,0.1,PEOPLE_OWNERSHIP,STATE_SHARE;BREADTH,CATEGORY_OR_TEXT,salesforce,0,,0.7,DIRECT_EXPERIENCE_INPUT,PEOPLE,,OPERATIONAL SOURCE,historical_recipe_count=1; signal=1; no_signal=0; examples=# Account Owners; recipe_keys=HIST_SFDC_FDF571892FB39F4BC297 | historical_prior_average=0.75,,,0.9,Source_Owner_Name__c,Opportunity,DIRECT_EXPERIENCE_INPUT,0,False
Opportunity.Source_Owner_Role__c,salesforce,Opportunity.AccountId -> Account.Id,0.75,True,,Source Owner Role,salesforce:Opportunity:Source_Owner_Role__c,0,Operational Account-linked source prior. | final_usage=FORMULA_INPUT | final_roles=GROUPING;FILTER;PEOPLE_DIMENSION | recommended_use=SEGMENT;FILTER,,0,False,0.5,,CONTEXT_DEPENDENT,,,ELIGIBLE,,0.8,Source Owner Role,string,Opportunity,,,0.1,PEOPLE_ROLE;PEOPLE_OWNERSHIP,STATE_SHARE;BREADTH,CATEGORY_OR_TEXT,salesforce,0,,0.7,DIRECT_EXPERIENCE_INPUT,PEOPLE,,OPERATIONAL SOURCE,historical_recipe_count=2; signal=1; no_signal=1; examples=# designated owners | opportunity owner cohort; recipe_keys=HIST_SFDC_3C6E4321D414F091323F;HIST_SFDC_3FA8520525E1FE1C519C | historical_prior_average=0.6,,,0.9,Source_Owner_Role__c,Opportunity,DIRECT_EXPERIENCE_INPUT,0,False
Opportunity.Source_Probability__c,salesforce,Opportunity.AccountId -> Account.Id,0.4,True,,Source Probability,salesforce:Opportunity:Source_Probability__c,0,Operational Account-linked source prior. | final_usage=FORMULA_INPUT | final_roles=MEASURE;VALUE_DIMENSION | recommended_use=AGGREGATE,,0,False,0.5,,CONTEXT_DEPENDENT,,,ELIGIBLE,,0.45,Source Probability,double,Opportunity,,,0.1,VALUE_RENEWAL;VALUE_COMMERCIAL_GROWTH,TREND;VARIABILITY,MEASURE,salesforce,0,,0.45,DIRECT_EXPERIENCE_INPUT,VALUE,,OPERATIONAL SOURCE,historical_recipe_count=3; signal=0; no_signal=3; examples=Renewal Probability | opportunity conversion probablity max | opportunity conversion probablity min; recipe_keys=HIST_SFDC_033DAC32F3AC9D7662EA;HIST_SFDC_B1A042C9FD9A029EC108;HIST_SFDC_A45D0A6ADA0CD6BE5B78 | historical_prior_average=0.45,,,0.9,Source_Probability__c,Opportunity,DIRECT_EXPERIENCE_INPUT,0,True
Opportunity.Source_Region__c,salesforce,Opportunity.AccountId -> Account.Id,0.4,True,,Source Region,salesforce:Opportunity:Source_Region__c,0,Operational Account-linked source prior. | final_usage=FORMULA_INPUT | final_roles=GROUPING;FILTER | recommended_use=SEGMENT;FILTER,,0,False,0.5,,CONTEXT_DEPENDENT,,,ELIGIBLE,,0.45,Source Region,string,Opportunity,,,0.1,,STATE_SHARE;BREADTH,CATEGORY_OR_TEXT,salesforce,0,,0.45,DIRECT_EXPERIENCE_INPUT,,,OPERATIONAL SOURCE,,,,0.9,Source_Region__c,Opportunity,DIRECT_EXPERIENCE_INPUT,0,False
Opportunity.Source_Renewal_Dollars__c,salesforce,Opportunity.AccountId -> Account.Id,0.4,True,,Source Renewal Dollars,salesforce:Opportunity:Source_Renewal_Dollars__c,0,Operational Account-linked source prior. | final_usage=FORMULA_INPUT | final_roles=MEASURE;VALUE_DIMENSION | recommended_use=AGGREGATE,,0,False,0.5,,CONTEXT_DEPENDENT,,,ELIGIBLE,,0.8,Source Renewal Dollars,currency,Opportunity,,,0.1,VALUE_RENEWAL,MONETARY;TREND;RATIO,MEASURE,salesforce,0,,0.7,DIRECT_EXPERIENCE_INPUT,VALUE,,OPERATIONAL SOURCE,,,,0.9,Source_Renewal_Dollars__c,Opportunity,DIRECT_EXPERIENCE_INPUT,0,True
Opportunity.Source_Renewal_Due__c,salesforce,Opportunity.AccountId -> Account.Id,0.4,True,,Source Renewal Due,salesforce:Opportunity:Source_Renewal_Due__c,0,Operational Account-linked source prior. | final_usage=FORMULA_INPUT | final_roles=MEASURE;VALUE_DIMENSION | recommended_use=AGGREGATE,,0,False,0.5,,CONTEXT_DEPENDENT,,,ELIGIBLE,,0.8,Source Renewal Due,currency,Opportunity,,,0.1,VALUE_RENEWAL,MONETARY;TREND;RATIO,MEASURE,salesforce,0,,0.7,DIRECT_EXPERIENCE_INPUT,VALUE,,OPERATIONAL SOURCE,,,,0.9,Source_Renewal_Due__c,Opportunity,DIRECT_EXPERIENCE_INPUT,0,True
Opportunity.Source_Renewal_Due_Date__c,salesforce,Opportunity.AccountId -> Account.Id,0.75,True,,Source Renewal Due Date,salesforce:Opportunity:Source_Renewal_Due_Date__c,0,Operational Account-linked source prior. | final_usage=BUSINESS_DATE | final_roles=BUSINESS_DATE;WINDOW;DURATION_INPUT | recommended_use=TIME_WINDOW_OR_DURATION,,0,False,0.5,,CONTEXT_DEPENDENT,,,ELIGIBLE,,0.8,Source Renewal Due Date,date,Opportunity,,,0.1,TIME_PREDICTABILITY;VALUE_RENEWAL,RECENCY;DURATION,TIMEPOINT,salesforce,0,,0.7,DIRECT_EXPERIENCE_INPUT,TIME,,OPERATIONAL SOURCE,,,VALUE,0.9,Source_Renewal_Due_Date__c,Opportunity,DIRECT_EXPERIENCE_INPUT,0,True
Opportunity.Source_Segment__c,salesforce,Opportunity.AccountId -> Account.Id,0.4,True,,Source Segment,salesforce:Opportunity:Source_Segment__c,0,Operational Account-linked source prior. | final_usage=FORMULA_INPUT | final_roles=GROUPING;FILTER | recommended_use=SEGMENT;FILTER,,0,False,0.5,,CONTEXT_DEPENDENT,,,ELIGIBLE,,0.45,Source Segment,string,Opportunity,,,0.1,,STATE_SHARE;BREADTH,CATEGORY_OR_TEXT,salesforce,0,,0.45,DIRECT_EXPERIENCE_INPUT,,,OPERATIONAL SOURCE,,,,0.9,Source_Segment__c,Opportunity,DIRECT_EXPERIENCE_INPUT,0,False
Opportunity.Source_Stage__c,salesforce,Opportunity.AccountId -> Account.Id,0.75,True,,Source Stage,salesforce:Opportunity:Source_Stage__c,0,Operational Account-linked source prior. | final_usage=FORMULA_INPUT | final_roles=GROUPING;FILTER;PROCESS_DIMENSION | recommended_use=SEGMENT;FILTER,,0,False,0.5,,CONTEXT_DEPENDENT,,,ELIGIBLE,,0.8,Source Stage,string,Opportunity,,,0.1,PROCESS_STEPS,STATE_SHARE;BREADTH,CATEGORY_OR_TEXT,salesforce,0,,0.7,DIRECT_EXPERIENCE_INPUT,PROCESS,,OPERATIONAL SOURCE,historical_recipe_count=7; signal=2; no_signal=5; examples=forecast accuracy | opportunity win rate | # lost opportunities (actual) | # not concluded opportunities (actual) | # opportunities won (actual) | c2 stage cohort; recipe_keys=HIST_SFDC_DD6E2E2027E043946B56;HIST_SFDC_068B766A697D54B0D134;HIST_SFDC_70EE7BE68D21579C518F;HIST_SFDC_643766E7EE2CB52D0B97;HIST_SFDC_8E74D6412C9910DACD1A;HIST_SFDC_0C1E74854CDD8FC02FE7 | historical_prior_average=0.536,,,0.9,Source_Stage__c,Opportunity,DIRECT_EXPERIENCE_INPUT,0,False
Opportunity.Source_Sub_Type__c,salesforce,Opportunity.AccountId -> Account.Id,0.4,True,,Source Opportunity Sub-Type,salesforce:Opportunity:Source_Sub_Type__c,0,Operational Account-linked source prior. | final_usage=FORMULA_INPUT | final_roles=GROUPING;FILTER;PROCESS_DIMENSION | recommended_use=SEGMENT;FILTER,,0,False,0.5,,CONTEXT_DEPENDENT,,,ELIGIBLE,,0.45,Source Opportunity Sub-Type,string,Opportunity,,,0.1,PROCESS_STEPS;PROCESS_COMPLETION;PROCESS_COMPLIANCE,STATE_SHARE;BREADTH,CATEGORY_OR_TEXT,salesforce,0,,0.45,DIRECT_EXPERIENCE_INPUT,PROCESS,,OPERATIONAL SOURCE,,,,0.9,Source_Sub_Type__c,Opportunity,DIRECT_EXPERIENCE_INPUT,0,False
Opportunity.Source_Territory_Manager_Name__c,salesforce,Opportunity.AccountId -> Account.Id,0.4,True,,Source Territory Manager Name,salesforce:Opportunity:Source_Territory_Manager_Name__c,0,Operational Account-linked source prior. | final_usage=FORMULA_INPUT | final_roles=GROUPING;FILTER;PEOPLE_DIMENSION | recommended_use=SEGMENT;FILTER,,0,False,0.5,,CONTEXT_DEPENDENT,,,ELIGIBLE,,0.45,Source Territory Manager Name,string,Opportunity,,,0.1,PEOPLE_OWNERSHIP;PEOPLE_ROLE;PEOPLE_HANDOFF,STATE_SHARE;BREADTH,CATEGORY_OR_TEXT,salesforce,0,,0.45,DIRECT_EXPERIENCE_INPUT,PEOPLE,,OPERATIONAL SOURCE,,,,0.9,Source_Territory_Manager_Name__c,Opportunity,DIRECT_EXPERIENCE_INPUT,0,False
Opportunity.Source_Total_Renewal_Due__c,salesforce,Opportunity.AccountId -> Account.Id,0.4,True,,Source Total Renewal Due,salesforce:Opportunity:Source_Total_Renewal_Due__c,0,Operational Account-linked source prior. | final_usage=FORMULA_INPUT | final_roles=MEASURE;VALUE_DIMENSION | recommended_use=AGGREGATE,,0,False,0.5,,CONTEXT_DEPENDENT,,,ELIGIBLE,,0.8,Source Total Renewal Due,currency,Opportunity,,,0.1,VALUE_RENEWAL,MONETARY;TREND;RATIO,MEASURE,salesforce,0,,0.7,DIRECT_EXPERIENCE_INPUT,VALUE,,OPERATIONAL SOURCE,,,,0.9,Source_Total_Renewal_Due__c,Opportunity,DIRECT_EXPERIENCE_INPUT,0,True
Opportunity.Source_Type__c,salesforce,Opportunity.AccountId -> Account.Id,0.4,True,,Source Opportunity Type,salesforce:Opportunity:Source_Type__c,0,Operational Account-linked source prior. | final_usage=FORMULA_INPUT | final_roles=GROUPING;FILTER;PROCESS_DIMENSION | recommended_use=SEGMENT;FILTER,,0,False,0.5,,CONTEXT_DEPENDENT,,,ELIGIBLE,,0.45,Source Opportunity Type,string,Opportunity,,,0.1,PROCESS_STEPS;PROCESS_COMPLETION;PROCESS_COMPLIANCE,STATE_SHARE;BREADTH,CATEGORY_OR_TEXT,salesforce,0,,0.45,DIRECT_EXPERIENCE_INPUT,PROCESS,,OPERATIONAL SOURCE,historical_recipe_count=6; signal=3; no_signal=3; examples=% opportunity: Existing | % opportunity: New | % opportunity: renew | # opportunity: other type | % opportunity: other type | renewal cohort; recipe_keys=HIST_SFDC_6800C13D43D75F76CA0D;HIST_SFDC_B71D960111ECFDB033E5;HIST_SFDC_B7DE48925C75C565089A;HIST_SFDC_9DB21C974B3A1FE23ED5;HIST_SFDC_8BC499E74B5C23D03CC0;HIST_SFDC_8F97544B9B8A0B9F7638 | historical_prior_average=0.6,,,0.9,Source_Type__c,Opportunity,DIRECT_EXPERIENCE_INPUT,0,False
Opportunity.StageName,salesforce,Opportunity.AccountId -> Account.Id,0.75,True,,Stage,salesforce:Opportunity:StageName,0,Operational Account-linked source prior. | final_usage=FORMULA_INPUT | final_roles=GROUPING;FILTER;PROCESS_DIMENSION | recommended_use=SEGMENT;FILTER,,0,False,0.5,,CONTEXT_DEPENDENT,,,ELIGIBLE,,0.8,Stage,picklist,Opportunity,,,0.1,PROCESS_STEPS,STATE_SHARE;BREADTH,CATEGORY_OR_TEXT,salesforce,0,,0.7,DIRECT_EXPERIENCE_INPUT,PROCESS,,OPERATIONAL SOURCE,,,,0.8,StageName,Opportunity,DIRECT_EXPERIENCE_INPUT,0,False
Opportunity.SystemModstamp,salesforce,Opportunity.AccountId -> Account.Id,0.4,True,,System Modstamp,salesforce:Opportunity:SystemModstamp,0,Operational Account-linked source prior. | final_usage=SYSTEM_METADATA | final_roles=SYSTEM_METADATA | recommended_use=IGNORE,,0,False,0.5,,CONTEXT_DEPENDENT,,,EXCLUDE,Salesforce system metadata; not business-source evidence.,0.45,System Modstamp,datetime,Opportunity,,,0.1,,RECENCY;DURATION,TIMEPOINT,salesforce,0,,0.45,IGNORE,,,OPERATIONAL SOURCE,,,,0.8,SystemModstamp,Opportunity,SYSTEM_METADATA,0,True
Opportunity.Territory__c,salesforce,Opportunity.AccountId -> Account.Id,0.4,True,,Territory,salesforce:Opportunity:Territory__c,0,Operational Account-linked source prior. | final_usage=FORMULA_INPUT | final_roles=GROUPING;FILTER | recommended_use=SEGMENT;FILTER,,0,False,0.5,,CONTEXT_DEPENDENT,,,ELIGIBLE,,0.45,Territory,string,Opportunity,,,0.1,,STATE_SHARE;BREADTH,CATEGORY_OR_TEXT,salesforce,0,,0.45,DIRECT_EXPERIENCE_INPUT,,,OPERATIONAL SOURCE,historical_recipe_count=1; signal=0; no_signal=1; examples=territory cohort; recipe_keys=HIST_SFDC_6C716CB813FB565DA57D | historical_prior_average=0.45,,,0.8,Territory__c,Opportunity,DIRECT_EXPERIENCE_INPUT,0,False
Opportunity.TotalOpportunityQuantity,salesforce,Opportunity.AccountId -> Account.Id,0.4,True,,Quantity,salesforce:Opportunity:TotalOpportunityQuantity,0,Operational Account-linked source prior. | final_usage=FORMULA_INPUT | final_roles=MEASURE | recommended_use=AGGREGATE,,0,False,0.5,,CONTEXT_DEPENDENT,,,ELIGIBLE,,0.45,Quantity,double,Opportunity,,,0.1,,TREND;VARIABILITY,MEASURE,salesforce,0,,0.45,DIRECT_EXPERIENCE_INPUT,,,OPERATIONAL SOURCE,,,,0.8,TotalOpportunityQuantity,Opportunity,DIRECT_EXPERIENCE_INPUT,0,True
Opportunity.Type,salesforce,Opportunity.AccountId -> Account.Id,0.4,True,,Opportunity Type,salesforce:Opportunity:Type,0,Operational Account-linked source prior. | final_usage=FORMULA_INPUT | final_roles=GROUPING;FILTER;PROCESS_DIMENSION | recommended_use=SEGMENT;FILTER,,0,False,0.5,,CONTEXT_DEPENDENT,,,ELIGIBLE,,0.45,Opportunity Type,picklist,Opportunity,,,0.1,PROCESS_STEPS;PROCESS_COMPLETION;PROCESS_COMPLIANCE,STATE_SHARE;BREADTH,CATEGORY_OR_TEXT,salesforce,0,,0.45,DIRECT_EXPERIENCE_INPUT,PROCESS,,OPERATIONAL SOURCE,,,,0.8,Type,Opportunity,DIRECT_EXPERIENCE_INPUT,0,False
Task.AccountId,salesforce,Task.AccountId/WhatId -> Account,0,True,,Account ID,salesforce:Task:AccountId,0,Account/source linkage field; not a feature itself. | final_usage=LINKAGE | final_roles=LINKAGE | recommended_use=JOIN_ONLY,,0,False,0.5,,CONTEXT_DEPENDENT,,,ELIGIBLE,,0.1,Account ID,reference,Task,,,0.05,,COUNT;TRANSITION,RELATIONSHIP,salesforce,0,,0,LINKAGE,,,SOURCE LINKAGE,,,,0.95,AccountId,Task,LINKAGE,0,True
Task.ActivityDate,salesforce,Task.AccountId/WhatId -> Account,0.75,True,,Due Date Only,salesforce:Task:ActivityDate,0,Operational Account-linked source prior. | final_usage=BUSINESS_DATE | final_roles=BUSINESS_DATE;WINDOW;DURATION_INPUT | recommended_use=TIME_WINDOW_OR_DURATION,,0,False,0.5,,CONTEXT_DEPENDENT,,,ELIGIBLE,,0.8,Due Date Only,date,Task,,,0.1,PEOPLE_ENGAGEMENT;TIME_RECENCY;TIME_PREDICTABILITY,RECENCY;DURATION,TIMEPOINT,salesforce,0,,0.7,DIRECT_EXPERIENCE_INPUT,TIME,,OPERATIONAL SOURCE,,,PEOPLE,0.8,ActivityDate,Task,DIRECT_EXPERIENCE_INPUT,0,True
Task.CallDisposition,salesforce,Task.AccountId/WhatId -> Account,0.75,True,,Call Result,salesforce:Task:CallDisposition,0,Operational Account-linked source prior. | final_usage=FORMULA_INPUT | final_roles=GROUPING;FILTER | recommended_use=SEGMENT;FILTER,,0,False,0.5,,CONTEXT_DEPENDENT,,,ELIGIBLE,,0.8,Call Result,string,Task,,,0.1,PEOPLE_ENGAGEMENT;INFO_COMMUNICATION,STATE_SHARE;BREADTH,CATEGORY_OR_TEXT,salesforce,0,,0.7,DIRECT_EXPERIENCE_INPUT,PEOPLE,,OPERATIONAL SOURCE,,,INFORMATION,0.8,CallDisposition,Task,DIRECT_EXPERIENCE_INPUT,0,False
Task.CallDurationInSeconds,salesforce,Task.AccountId/WhatId -> Account,0.75,True,,Call Duration,salesforce:Task:CallDurationInSeconds,0,Operational Account-linked source prior. | final_usage=FORMULA_INPUT | final_roles=MEASURE | recommended_use=AGGREGATE,,0,False,0.5,,LOWER_BETTER,,,ELIGIBLE,,0.8,Call Duration,int,Task,,,0.1,PEOPLE_ENGAGEMENT;TIME_DURATION;INFO_COMMUNICATION,DURATION;VARIABILITY;TREND,MEASURE,salesforce,0,,0.7,DIRECT_EXPERIENCE_INPUT,PEOPLE,,OPERATIONAL SOURCE,,,TIME;INFORMATION,0.8,CallDurationInSeconds,Task,DIRECT_EXPERIENCE_INPUT,0,True
Task.CallObject,salesforce,Task.AccountId/WhatId -> Account,0.75,True,,Call Object Identifier,salesforce:Task:CallObject,0,Operational Account-linked source prior. | final_usage=FORMULA_INPUT | final_roles=GROUPING;FILTER | recommended_use=SEGMENT;FILTER,,0,False,0.5,,CONTEXT_DEPENDENT,,,ELIGIBLE,,0.8,Call Object Identifier,string,Task,,,0.1,PEOPLE_ENGAGEMENT;INFO_COMMUNICATION,STATE_SHARE;BREADTH,CATEGORY_OR_TEXT,salesforce,0,,0.7,DIRECT_EXPERIENCE_INPUT,PEOPLE,,OPERATIONAL SOURCE,,,INFORMATION,0.8,CallObject,Task,DIRECT_EXPERIENCE_INPUT,0,False
Task.CallType,salesforce,Task.AccountId/WhatId -> Account,0.75,True,,Call Type,salesforce:Task:CallType,0,Operational Account-linked source prior. | final_usage=FORMULA_INPUT | final_roles=GROUPING;FILTER;PROCESS_DIMENSION | recommended_use=SEGMENT;FILTER,,0,False,0.5,,CONTEXT_DEPENDENT,,,ELIGIBLE,,0.8,Call Type,picklist,Task,,,0.1,PEOPLE_ENGAGEMENT;INFO_COMMUNICATION,STATE_SHARE;BREADTH,CATEGORY_OR_TEXT,salesforce,0,,0.7,DIRECT_EXPERIENCE_INPUT,PEOPLE,,OPERATIONAL SOURCE,,,INFORMATION,0.8,CallType,Task,DIRECT_EXPERIENCE_INPUT,0,False
Task.CompletedDateTime,salesforce,Task.AccountId/WhatId -> Account,0.75,True,,Completed Date/Time,salesforce:Task:CompletedDateTime,0,Operational Account-linked source prior. | final_usage=FORMULA_INPUT | final_roles=BUSINESS_DATE;WINDOW | recommended_use=RECENCY;WINDOW,,0,False,0.5,,CONTEXT_DEPENDENT,,,ELIGIBLE,,0.8,Completed Date/Time,datetime,Task,,,0.1,PROCESS_COMPLETION;INFO_COMPLETENESS,RECENCY;DURATION,TIMEPOINT,salesforce,0,,0.7,DIRECT_EXPERIENCE_INPUT,PROCESS,,OPERATIONAL SOURCE,,,INFORMATION;TIME,0.8,CompletedDateTime,Task,DIRECT_EXPERIENCE_INPUT,0,True
Task.CreatedById,salesforce,Task.AccountId/WhatId -> Account,0.75,True,,Created By ID,salesforce:Task:CreatedById,0,Operational Account-linked source prior. | final_usage=SYSTEM_METADATA | final_roles=SYSTEM_METADATA | recommended_use=IGNORE,,0,False,0.5,,CONTEXT_DEPENDENT,,,EXCLUDE,Salesforce system metadata; not business-source evidence.,0.8,Created By ID,reference,Task,,,0.1,,COUNT;TRANSITION,RELATIONSHIP,salesforce,0,,0.7,IGNORE,TIME,,OPERATIONAL SOURCE,,,,0.8,CreatedById,Task,SYSTEM_METADATA,0,True
Task.CreatedDate,salesforce,Task.AccountId/WhatId -> Account,0.75,True,,Created Date,salesforce:Task:CreatedDate,0,Operational Account-linked source prior. | final_usage=SYSTEM_DATE | final_roles=SYSTEM_METADATA;SYSTEM_DATE | recommended_use=DO_NOT_USE_AS_BUSINESS_TIME,,0,False,0.5,,CONTEXT_DEPENDENT,,,EXCLUDE,Salesforce system metadata; not business-source evidence.,0.8,Created Date,datetime,Task,,,0.1,,RECENCY;DURATION,TIMEPOINT,salesforce,0,,0.7,IGNORE,TIME,,OPERATIONAL SOURCE,,,,0.8,CreatedDate,Task,SYSTEM_DATE,0,True
Task.Description,salesforce,Task.AccountId/WhatId -> Account,0.4,False,,Description,salesforce:Task:Description,0,Operational Account-linked source prior. | final_usage=UNSTRUCTURED_TEXT | final_roles=TEXT | recommended_use=SEMANTIC_EXTRACTION_OR_CONTEXT,,0,False,0.5,,CONTEXT_DEPENDENT,,,ELIGIBLE,,0.45,Description,textarea,Task,,,0.1,,,CATEGORY_OR_TEXT,salesforce,0,,0.45,DIRECT_EXPERIENCE_INPUT,,,OPERATIONAL SOURCE,,,,0.8,Description,Task,DIRECT_EXPERIENCE_INPUT,0,False
Task.Id,salesforce,Task.AccountId/WhatId -> Account,0.05,False,,Activity ID,salesforce:Task:Id,0,Identifier; linkage/context only unless explicitly approved. | final_usage=IDENTIFIER | final_roles=IDENTIFIER | recommended_use=CONTEXT_OR_JOIN_ONLY,,0,False,0.5,,CONTEXT_DEPENDENT,,,REVIEW,,0.2,Activity ID,id,Task,,,0.2,PEOPLE_ENGAGEMENT,,CATEGORY_OR_TEXT,salesforce,0,,0.1,IDENTIFIER,PEOPLE,,IDENTIFIER,,,,0.6,Id,Task,IDENTIFIER,0,False
Task.IsArchived,salesforce,Task.AccountId/WhatId -> Account,0.4,True,,Archived,salesforce:Task:IsArchived,0,Operational Account-linked source prior. | final_usage=SYSTEM_METADATA | final_roles=SYSTEM_METADATA | recommended_use=IGNORE,,0,False,0.5,,CONTEXT_DEPENDENT,,,EXCLUDE,Salesforce system metadata; not business-source evidence.,0.45,Archived,boolean,Task,,,0.1,,RATE;STATE_SHARE,EVENT_FLAG,salesforce,0,,0.45,IGNORE,,,OPERATIONAL SOURCE,,,,0.8,IsArchived,Task,SYSTEM_METADATA,0,True
Task.IsClosed,salesforce,Task.AccountId/WhatId -> Account,0.75,True,,Closed,salesforce:Task:IsClosed,0,Operational Account-linked source prior. | final_usage=FORMULA_INPUT | final_roles=EVENT_FLAG;FILTER | recommended_use=RATE;FILTER,,0,False,0.5,,CONTEXT_DEPENDENT,,,ELIGIBLE,,0.8,Closed,boolean,Task,,,0.1,PROCESS_COMPLETION,RATE;STATE_SHARE,EVENT_FLAG,salesforce,0,,0.7,DIRECT_EXPERIENCE_INPUT,PROCESS,,OPERATIONAL SOURCE,,,TIME,0.8,IsClosed,Task,DIRECT_EXPERIENCE_INPUT,0,True
Task.IsDeleted,salesforce,Task.AccountId/WhatId -> Account,0.4,True,,Deleted,salesforce:Task:IsDeleted,0,Operational Account-linked source prior. | final_usage=SYSTEM_METADATA | final_roles=SYSTEM_METADATA | recommended_use=IGNORE,,0,False,0.5,,CONTEXT_DEPENDENT,,,EXCLUDE,Salesforce system metadata; not business-source evidence.,0.45,Deleted,boolean,Task,,,0.1,,RATE;STATE_SHARE,EVENT_FLAG,salesforce,0,,0.45,IGNORE,,,OPERATIONAL SOURCE,,,,0.8,IsDeleted,Task,SYSTEM_METADATA,0,True
Task.IsHighPriority,salesforce,Task.AccountId/WhatId -> Account,0.4,True,,High Priority,salesforce:Task:IsHighPriority,0,Operational Account-linked source prior. | final_usage=FORMULA_INPUT | final_roles=EVENT_FLAG;FILTER;PRODUCT_SERVICE_DIMENSION | recommended_use=RATE;FILTER,,0,False,0.5,,CONTEXT_DEPENDENT,,,ELIGIBLE,,0.45,High Priority,boolean,Task,,,0.1,PRODUCT_QUALITY;PRODUCT_DEFECTS;PRODUCT_FUNCTIONALITY,RATE;STATE_SHARE,EVENT_FLAG,salesforce,0,,0.45,DIRECT_EXPERIENCE_INPUT,PRODUCT_SERVICE,,OPERATIONAL SOURCE,,,,0.8,IsHighPriority,Task,DIRECT_EXPERIENCE_INPUT,0,True
Task.IsRecurrence,salesforce,Task.AccountId/WhatId -> Account,0.4,True,,Create Recurring Series of Tasks,salesforce:Task:IsRecurrence,0,Operational Account-linked source prior. | final_usage=SYSTEM_METADATA | final_roles=SYSTEM_METADATA | recommended_use=IGNORE,,0,False,0.5,,CONTEXT_DEPENDENT,,,EXCLUDE,Salesforce system metadata; not business-source evidence.,0.45,Create Recurring Series of Tasks,boolean,Task,,,0.1,,RATE;STATE_SHARE,EVENT_FLAG,salesforce,0,,0.45,IGNORE,,,OPERATIONAL SOURCE,,,,0.8,IsRecurrence,Task,SYSTEM_METADATA,0,True
Task.IsReminderSet,salesforce,Task.AccountId/WhatId -> Account,0.4,True,,Reminder Set,salesforce:Task:IsReminderSet,0,Operational Account-linked source prior. | final_usage=SYSTEM_METADATA | final_roles=SYSTEM_METADATA | recommended_use=IGNORE,,0,False,0.5,,CONTEXT_DEPENDENT,,,EXCLUDE,Salesforce system metadata; not business-source evidence.,0.45,Reminder Set,boolean,Task,,,0.1,,RATE;STATE_SHARE,EVENT_FLAG,salesforce,0,,0.45,IGNORE,,,OPERATIONAL SOURCE,,,,0.8,IsReminderSet,Task,SYSTEM_METADATA,0,True
Task.LastModifiedById,salesforce,Task.AccountId/WhatId -> Account,0.4,True,,Last Modified By ID,salesforce:Task:LastModifiedById,0,Operational Account-linked source prior. | final_usage=SYSTEM_METADATA | final_roles=SYSTEM_METADATA | recommended_use=IGNORE,,0,False,0.5,,CONTEXT_DEPENDENT,,,EXCLUDE,Salesforce system metadata; not business-source evidence.,0.45,Last Modified By ID,reference,Task,,,0.1,,COUNT;TRANSITION,RELATIONSHIP,salesforce,0,,0.45,IGNORE,,,OPERATIONAL SOURCE,,,,0.8,LastModifiedById,Task,SYSTEM_METADATA,0,True
Task.LastModifiedDate,salesforce,Task.AccountId/WhatId -> Account,0.75,True,,Last Modified Date,salesforce:Task:LastModifiedDate,0,Operational Account-linked source prior. | final_usage=SYSTEM_DATE | final_roles=SYSTEM_METADATA;SYSTEM_DATE | recommended_use=DO_NOT_USE_AS_BUSINESS_TIME,,0,False,0.5,,CONTEXT_DEPENDENT,,,EXCLUDE,Salesforce system metadata; not business-source evidence.,0.8,Last Modified Date,datetime,Task,,,0.1,,RECENCY;DURATION,TIMEPOINT,salesforce,0,,0.7,IGNORE,TIME,,OPERATIONAL SOURCE,,,,0.8,LastModifiedDate,Task,SYSTEM_DATE,0,True
Task.OCX_Action_Deployment__c,salesforce,Task.AccountId/WhatId -> Account,0.05,True,,Action Deployment,salesforce:Task:OCX_Action_Deployment__c,0,OCX-prefixed field excluded by default; not on explicit source/linkage allowlist. | final_usage=EXCLUDE | final_roles=OUTCOME_OR_DERIVED | recommended_use=NOT_SOURCE_FEATURE,,0,False,0.5,,CONTEXT_DEPENDENT,,,EXCLUDE,,0.05,Action Deployment,reference,Task,,,1,,COUNT;TRANSITION,RELATIONSHIP,salesforce,0,,0,OCX_DERIVED,,,OCX DERIVED / DOWNSTREAM,,,,0.95,OCX_Action_Deployment__c,Task,OCX_DERIVED;MODEL_OUTPUT,0,True
Task.OCX_Action_Deployment_Account__c,salesforce,Task.AccountId/WhatId -> Account,0.05,True,,Deployment Account,salesforce:Task:OCX_Action_Deployment_Account__c,0,OCX-prefixed field excluded by default; not on explicit source/linkage allowlist. | final_usage=EXCLUDE | final_roles=OUTCOME_OR_DERIVED | recommended_use=NOT_SOURCE_FEATURE,,0,False,0.5,,CONTEXT_DEPENDENT,,,EXCLUDE,,0.05,Deployment Account,reference,Task,,,1,,COUNT;TRANSITION,RELATIONSHIP,salesforce,0,,0,OCX_DERIVED,,,OCX DERIVED / DOWNSTREAM,,,,0.95,OCX_Action_Deployment_Account__c,Task,OCX_DERIVED;MODEL_OUTPUT,0,True
Task.OCX_Action_ID__c,salesforce,Task.AccountId/WhatId -> Account,0.05,True,,OCX Action ID,salesforce:Task:OCX_Action_ID__c,0,OCX-prefixed identifier; linkage/context only. | final_usage=IDENTIFIER | final_roles=IDENTIFIER | recommended_use=CONTEXT_OR_JOIN_ONLY,,0,False,0.5,,CONTEXT_DEPENDENT,,,REVIEW,,0.2,OCX Action ID,string,Task,,,0.2,,STATE_SHARE;BREADTH,CATEGORY_OR_TEXT,salesforce,0,,0.1,IDENTIFIER,,,IDENTIFIER,,,,0.6,OCX_Action_ID__c,Task,IDENTIFIER,0,False
Task.OCX_Action_Key__c,salesforce,Task.AccountId/WhatId -> Account,0.05,True,,OCX Action Key,salesforce:Task:OCX_Action_Key__c,0,OCX-prefixed field excluded by default; not on explicit source/linkage allowlist. | final_usage=EXCLUDE | final_roles=OUTCOME_OR_DERIVED | recommended_use=NOT_SOURCE_FEATURE,,0,False,0.5,,CONTEXT_DEPENDENT,,,EXCLUDE,,0.05,OCX Action Key,string,Task,,,1,,STATE_SHARE;BREADTH,CATEGORY_OR_TEXT,salesforce,0,,0,OCX_DERIVED,,,OCX DERIVED / DOWNSTREAM,,,,0.95,OCX_Action_Key__c,Task,OCX_DERIVED;MODEL_OUTPUT,0,False
Task.OCX_Action_Type__c,salesforce,Task.AccountId/WhatId -> Account,0.05,True,,OCX Action Type,salesforce:Task:OCX_Action_Type__c,0,OCX-prefixed field excluded by default; not on explicit source/linkage allowlist. | final_usage=EXCLUDE | final_roles=OUTCOME_OR_DERIVED | recommended_use=NOT_SOURCE_FEATURE,,0,False,0.5,,CONTEXT_DEPENDENT,,,EXCLUDE,,0.05,OCX Action Type,string,Task,,,1,PROCESS_STEPS;PROCESS_COMPLETION;PROCESS_COMPLIANCE,STATE_SHARE;BREADTH,CATEGORY_OR_TEXT,salesforce,0,,0,OCX_DERIVED,PROCESS,,OCX DERIVED / DOWNSTREAM,,,,0.95,OCX_Action_Type__c,Task,OCX_DERIVED;MODEL_OUTPUT,0,False
Task.OCX_Activity_ID__c,salesforce,Task.AccountId/WhatId -> Account,0,True,,OCX Activity ID,salesforce:Task:OCX_Activity_ID__c,0,Account/source linkage field; not a feature itself. | final_usage=LINKAGE | final_roles=LINKAGE | recommended_use=JOIN_ONLY,,0,False,0.5,,CONTEXT_DEPENDENT,,,ELIGIBLE,,0.1,OCX Activity ID,string,Task,,,0.05,PEOPLE_ENGAGEMENT,STATE_SHARE;BREADTH,CATEGORY_OR_TEXT,salesforce,0,,0,LINKAGE,PEOPLE,,SOURCE LINKAGE,,,,0.95,OCX_Activity_ID__c,Task,LINKAGE,0,False
Task.OCX_Channel__c,salesforce,Task.AccountId/WhatId -> Account,0.75,True,,OCX Channel,salesforce:Task:OCX_Channel__c,0,Operational Account-linked source prior. | final_usage=FORMULA_INPUT | final_roles=GROUPING;FILTER;INFORMATION_DIMENSION | recommended_use=SEGMENT;FILTER,,0,False,0.5,,CONTEXT_DEPENDENT,,,ELIGIBLE,,0.8,OCX Channel,string,Task,,,0.1,INFO_COMMUNICATION,STATE_SHARE;BREADTH,CATEGORY_OR_TEXT,salesforce,0,,0.7,DIRECT_EXPERIENCE_INPUT,INFORMATION,,OPERATIONAL SOURCE,,,,0.8,OCX_Channel__c,Task,DIRECT_EXPERIENCE_INPUT,0,False
Task.OCX_Deployment_State__c,salesforce,Task.AccountId/WhatId -> Account,0.05,True,,Deployment State,salesforce:Task:OCX_Deployment_State__c,0,OCX-prefixed field excluded by default; not on explicit source/linkage allowlist. | final_usage=EXCLUDE | final_roles=OUTCOME_OR_DERIVED | recommended_use=NOT_SOURCE_FEATURE,,0,False,0.5,,CONTEXT_DEPENDENT,,,EXCLUDE,,0.05,Deployment State,picklist,Task,,,1,PROCESS_STEPS,STATE_SHARE;BREADTH,CATEGORY_OR_TEXT,salesforce,0,,0,OCX_DERIVED,PROCESS,,OCX DERIVED / DOWNSTREAM,,,,0.95,OCX_Deployment_State__c,Task,OCX_DERIVED;MODEL_OUTPUT,0,False
Task.OCX_Driver__c,salesforce,Task.AccountId/WhatId -> Account,0.05,True,,OCX Driver,salesforce:Task:OCX_Driver__c,0,OCX-prefixed field excluded by default; not on explicit source/linkage allowlist. | final_usage=EXCLUDE | final_roles=OUTCOME_OR_DERIVED | recommended_use=NOT_SOURCE_FEATURE,,0,False,0.5,,CONTEXT_DEPENDENT,,,EXCLUDE,,0.05,OCX Driver,string,Task,,,1,,STATE_SHARE;BREADTH,CATEGORY_OR_TEXT,salesforce,0,,0,OCX_DERIVED,,,OCX DERIVED / DOWNSTREAM,,,,0.95,OCX_Driver__c,Task,OCX_DERIVED;MODEL_OUTPUT,0,False
Task.OCX_Inherited_From_Portfolio__c,salesforce,Task.AccountId/WhatId -> Account,0.4,True,,Inherited From Portfolio,salesforce:Task:OCX_Inherited_From_Portfolio__c,0,OCX-prefixed field excluded by default; not on explicit source/linkage allowlist. | final_usage=EXCLUDE | final_roles=OUTCOME_OR_DERIVED | recommended_use=NOT_SOURCE_FEATURE,,0,False,0.5,,CONTEXT_DEPENDENT,,,EXCLUDE,,0.45,Inherited From Portfolio,boolean,Task,,,1,,RATE;STATE_SHARE,EVENT_FLAG,salesforce,0,,0,OCX_DERIVED,,,OPERATIONAL SOURCE,,,,0.8,OCX_Inherited_From_Portfolio__c,Task,OCX_DERIVED;MODEL_OUTPUT,0,True
Task.OCX_Parent_Action_ID__c,salesforce,Task.AccountId/WhatId -> Account,0.05,True,,OCX Parent Action ID,salesforce:Task:OCX_Parent_Action_ID__c,0,OCX-prefixed identifier; linkage/context only. | final_usage=IDENTIFIER | final_roles=IDENTIFIER | recommended_use=CONTEXT_OR_JOIN_ONLY,,0,False,0.5,,CONTEXT_DEPENDENT,,,REVIEW,,0.2,OCX Parent Action ID,string,Task,,,0.2,,STATE_SHARE;BREADTH,CATEGORY_OR_TEXT,salesforce,0,,0.1,IDENTIFIER,,,IDENTIFIER,,,,0.6,OCX_Parent_Action_ID__c,Task,IDENTIFIER,0,False
Task.OCX_Parent_Action_Key__c,salesforce,Task.AccountId/WhatId -> Account,0.4,True,,OCX Parent Action Key,salesforce:Task:OCX_Parent_Action_Key__c,0,OCX-prefixed field excluded by default; not on explicit source/linkage allowlist. | final_usage=EXCLUDE | final_roles=OUTCOME_OR_DERIVED | recommended_use=NOT_SOURCE_FEATURE,,0,False,0.5,,CONTEXT_DEPENDENT,,,EXCLUDE,,0.45,OCX Parent Action Key,string,Task,,,1,,STATE_SHARE;BREADTH,CATEGORY_OR_TEXT,salesforce,0,,0,OCX_DERIVED,,,OPERATIONAL SOURCE,,,,0.8,OCX_Parent_Action_Key__c,Task,OCX_DERIVED;MODEL_OUTPUT,0,False
Task.OCX_Portfolio_CTA_Key__c,salesforce,Task.AccountId/WhatId -> Account,0.05,True,,Portfolio CTA Key,salesforce:Task:OCX_Portfolio_CTA_Key__c,0,OCX-prefixed field excluded by default; not on explicit source/linkage allowlist. | final_usage=EXCLUDE | final_roles=OUTCOME_OR_DERIVED | recommended_use=NOT_SOURCE_FEATURE,,0,False,0.5,,CONTEXT_DEPENDENT,,,EXCLUDE,,0.05,Portfolio CTA Key,string,Task,,,1,,STATE_SHARE;BREADTH,CATEGORY_OR_TEXT,salesforce,0,,0,OCX_DERIVED,,,OCX DERIVED / DOWNSTREAM,,,,0.95,OCX_Portfolio_CTA_Key__c,Task,OCX_DERIVED;MODEL_OUTPUT,0,False
Task.OCX_Published_Content__c,salesforce,Task.AccountId/WhatId -> Account,0.05,True,,Published Content,salesforce:Task:OCX_Published_Content__c,0,OCX-prefixed field excluded by default; not on explicit source/linkage allowlist. | final_usage=EXCLUDE | final_roles=OUTCOME_OR_DERIVED | recommended_use=NOT_SOURCE_FEATURE,,0,False,0.5,,CONTEXT_DEPENDENT,,,EXCLUDE,,0.05,Published Content,reference,Task,,,1,,COUNT;TRANSITION,RELATIONSHIP,salesforce,0,,0,OCX_DERIVED,,,OCX DERIVED / DOWNSTREAM,,,,0.95,OCX_Published_Content__c,Task,OCX_DERIVED;MODEL_OUTPUT,0,True
Task.OCX_Sentiment__c,salesforce,Task.AccountId/WhatId -> Account,0.05,True,,OCX Sentiment,salesforce:Task:OCX_Sentiment__c,0,OCX-prefixed field excluded by default; not on explicit source/linkage allowlist. | final_usage=EXCLUDE | final_roles=OUTCOME_OR_DERIVED | recommended_use=NOT_SOURCE_FEATURE,,0,False,0.5,,CONTEXT_DEPENDENT,,,EXCLUDE,,0.05,OCX Sentiment,double,Task,,,1,,DURATION;VARIABILITY;TREND,MEASURE,salesforce,0,,0,OCX_DERIVED,,,OCX DERIVED / DOWNSTREAM,,,,0.95,OCX_Sentiment__c,Task,OCX_DERIVED;MODEL_OUTPUT,0,True
Task.OCX_Sequence__c,salesforce,Task.AccountId/WhatId -> Account,0.4,True,,OCX Sequence,salesforce:Task:OCX_Sequence__c,0,OCX-prefixed field excluded by default; not on explicit source/linkage allowlist. | final_usage=EXCLUDE | final_roles=OUTCOME_OR_DERIVED | recommended_use=NOT_SOURCE_FEATURE,,0,False,0.5,,CONTEXT_DEPENDENT,,,EXCLUDE,,0.45,OCX Sequence,double,Task,,,1,,TREND;VARIABILITY,MEASURE,salesforce,0,,0,OCX_DERIVED,,,OPERATIONAL SOURCE,,,,0.8,OCX_Sequence__c,Task,OCX_DERIVED;MODEL_OUTPUT,0,True
Task.OCX_Source_Portfolio__c,salesforce,Task.AccountId/WhatId -> Account,0.4,True,,Source Portfolio,salesforce:Task:OCX_Source_Portfolio__c,0,OCX-prefixed field excluded by default; not on explicit source/linkage allowlist. | final_usage=EXCLUDE | final_roles=OUTCOME_OR_DERIVED | recommended_use=NOT_SOURCE_FEATURE,,0,False,0.5,,CONTEXT_DEPENDENT,,,EXCLUDE,,0.45,Source Portfolio,reference,Task,,,1,,COUNT;TRANSITION,RELATIONSHIP,salesforce,0,,0,OCX_DERIVED,,,OPERATIONAL SOURCE,,,,0.8,OCX_Source_Portfolio__c,Task,OCX_DERIVED;MODEL_OUTPUT,0,True
Task.OCX_Source_Resource_ID__c,salesforce,Task.AccountId/WhatId -> Account,0.05,True,,OCX Source Resource ID,salesforce:Task:OCX_Source_Resource_ID__c,0,OCX-prefixed identifier; linkage/context only. | final_usage=IDENTIFIER | final_roles=IDENTIFIER | recommended_use=CONTEXT_OR_JOIN_ONLY,,0,False,0.5,,CONTEXT_DEPENDENT,,,REVIEW,,0.2,OCX Source Resource ID,string,Task,,,0.2,,STATE_SHARE;BREADTH,CATEGORY_OR_TEXT,salesforce,0,,0.1,IDENTIFIER,,,IDENTIFIER,,,,0.6,OCX_Source_Resource_ID__c,Task,IDENTIFIER,0,False
Task.OCX_Source_State__c,salesforce,Task.AccountId/WhatId -> Account,0.75,True,,OCX Source State,salesforce:Task:OCX_Source_State__c,0,OCX-prefixed field excluded by default; not on explicit source/linkage allowlist. | final_usage=EXCLUDE | final_roles=OUTCOME_OR_DERIVED | recommended_use=NOT_SOURCE_FEATURE,,0,False,0.5,,CONTEXT_DEPENDENT,,,EXCLUDE,,0.8,OCX Source State,string,Task,,,1,PROCESS_STEPS,STATE_SHARE;BREADTH,CATEGORY_OR_TEXT,salesforce,0,,0,OCX_DERIVED,PROCESS,,OPERATIONAL SOURCE,,,,0.8,OCX_Source_State__c,Task,OCX_DERIVED;MODEL_OUTPUT,0,False
Task.OCX_Source_Version__c,salesforce,Task.AccountId/WhatId -> Account,0.4,True,,OCX Source Version,salesforce:Task:OCX_Source_Version__c,0,OCX-prefixed field excluded by default; not on explicit source/linkage allowlist. | final_usage=EXCLUDE | final_roles=OUTCOME_OR_DERIVED | recommended_use=NOT_SOURCE_FEATURE,,0,False,0.5,,CONTEXT_DEPENDENT,,,EXCLUDE,,0.45,OCX Source Version,double,Task,,,1,,TREND;VARIABILITY,MEASURE,salesforce,0,,0,OCX_DERIVED,,,OPERATIONAL SOURCE,,,,0.8,OCX_Source_Version__c,Task,OCX_DERIVED;MODEL_OUTPUT,0,True
Task.OCX_Withdrawal_Reason__c,salesforce,Task.AccountId/WhatId -> Account,0.75,True,,Withdrawal Reason,salesforce:Task:OCX_Withdrawal_Reason__c,0,OCX-prefixed field excluded by default; not on explicit source/linkage allowlist. | final_usage=EXCLUDE | final_roles=OUTCOME_OR_DERIVED | recommended_use=NOT_SOURCE_FEATURE,,0,False,0.5,,CONTEXT_DEPENDENT,,,EXCLUDE,,0.8,Withdrawal Reason,string,Task,,,1,PROCESS_ABANDONMENT,STATE_SHARE;BREADTH,CATEGORY_OR_TEXT,salesforce,0,,0,OCX_DERIVED,PROCESS,,OPERATIONAL SOURCE,,,,0.8,OCX_Withdrawal_Reason__c,Task,OCX_DERIVED;MODEL_OUTPUT,0,False
Task.OCX_Withdrawn_At__c,salesforce,Task.AccountId/WhatId -> Account,0.75,True,,Withdrawn At,salesforce:Task:OCX_Withdrawn_At__c,0,OCX-prefixed field excluded by default; not on explicit source/linkage allowlist. | final_usage=EXCLUDE | final_roles=OUTCOME_OR_DERIVED | recommended_use=NOT_SOURCE_FEATURE,,0,False,0.5,,CONTEXT_DEPENDENT,,,EXCLUDE,,0.8,Withdrawn At,datetime,Task,,,1,PROCESS_ABANDONMENT,RECENCY;DURATION,TIMEPOINT,salesforce,0,,0,OCX_DERIVED,PROCESS,,OPERATIONAL SOURCE,,,,0.8,OCX_Withdrawn_At__c,Task,OCX_DERIVED;MODEL_OUTPUT,0,True
Task.OCX_Withdrawn_By__c,salesforce,Task.AccountId/WhatId -> Account,0.75,True,,Withdrawn By,salesforce:Task:OCX_Withdrawn_By__c,0,OCX-prefixed field excluded by default; not on explicit source/linkage allowlist. | final_usage=EXCLUDE | final_roles=OUTCOME_OR_DERIVED | recommended_use=NOT_SOURCE_FEATURE,,0,False,0.5,,CONTEXT_DEPENDENT,,,EXCLUDE,,0.8,Withdrawn By,reference,Task,,,1,PROCESS_ABANDONMENT,COUNT;TRANSITION,RELATIONSHIP,salesforce,0,,0,OCX_DERIVED,PROCESS,,OPERATIONAL SOURCE,,,,0.8,OCX_Withdrawn_By__c,Task,OCX_DERIVED;MODEL_OUTPUT,0,True
Task.OwnerId,salesforce,Task.AccountId/WhatId -> Account,0.75,True,,Assigned To ID,salesforce:Task:OwnerId,0,Operational Account-linked source prior. | final_usage=FORMULA_INPUT | final_roles=GROUPING;HANDOFF_OR_OWNERSHIP;PEOPLE_DIMENSION | recommended_use=COUNT_DISTINCT;TRANSITION,,0,False,0.5,,CONTEXT_DEPENDENT,,,ELIGIBLE,,0.8,Assigned To ID,reference,Task,,,0.1,PEOPLE_OWNERSHIP,COUNT;TRANSITION,RELATIONSHIP,salesforce,0,,0.7,DIRECT_EXPERIENCE_INPUT,PEOPLE,,OPERATIONAL SOURCE,,,,0.8,OwnerId,Task,DIRECT_EXPERIENCE_INPUT,0,True
Task.Priority,salesforce,Task.AccountId/WhatId -> Account,0.4,True,,Priority,salesforce:Task:Priority,0,Operational Account-linked source prior. | final_usage=FORMULA_INPUT | final_roles=GROUPING;FILTER;PRODUCT_SERVICE_DIMENSION | recommended_use=SEGMENT;FILTER,,0,False,0.5,,CONTEXT_DEPENDENT,,,ELIGIBLE,,0.45,Priority,picklist,Task,,,0.1,PRODUCT_QUALITY;PRODUCT_DEFECTS;PRODUCT_FUNCTIONALITY,STATE_SHARE;BREADTH,CATEGORY_OR_TEXT,salesforce,0,,0.45,DIRECT_EXPERIENCE_INPUT,PRODUCT_SERVICE,,OPERATIONAL SOURCE,,,,0.8,Priority,Task,DIRECT_EXPERIENCE_INPUT,0,False
Task.RecordTypeId,salesforce,Task.AccountId/WhatId -> Account,0.4,True,,Task Record Type ID,salesforce:Task:RecordTypeId,0,Operational Account-linked source prior. | final_usage=SYSTEM_METADATA | final_roles=SYSTEM_METADATA | recommended_use=IGNORE,,0,False,0.5,,CONTEXT_DEPENDENT,,,EXCLUDE,Salesforce system metadata; not business-source evidence.,0.45,Task Record Type ID,reference,Task,,,0.1,PROCESS_STEPS;PROCESS_COMPLETION;PROCESS_COMPLIANCE,COUNT;TRANSITION,RELATIONSHIP,salesforce,0,,0.45,IGNORE,PROCESS,,OPERATIONAL SOURCE,,,,0.8,RecordTypeId,Task,SYSTEM_METADATA,0,True
Task.RecurrenceActivityId,salesforce,Task.AccountId/WhatId -> Account,0.75,True,,Recurrence Activity ID,salesforce:Task:RecurrenceActivityId,0,Operational Account-linked source prior. | final_usage=FORMULA_INPUT | final_roles=GROUPING;HANDOFF_OR_OWNERSHIP | recommended_use=COUNT_DISTINCT;TRANSITION,,0,False,0.5,,CONTEXT_DEPENDENT,,,ELIGIBLE,,0.8,Recurrence Activity ID,reference,Task,,,0.1,PEOPLE_ENGAGEMENT,COUNT;TRANSITION,RELATIONSHIP,salesforce,0,,0.7,DIRECT_EXPERIENCE_INPUT,PEOPLE,,OPERATIONAL SOURCE,,,,0.8,RecurrenceActivityId,Task,DIRECT_EXPERIENCE_INPUT,0,True
Task.RecurrenceDayOfMonth,salesforce,Task.AccountId/WhatId -> Account,0.4,True,,Recurrence Day of Month,salesforce:Task:RecurrenceDayOfMonth,0,Operational Account-linked source prior. | final_usage=SYSTEM_METADATA | final_roles=SYSTEM_METADATA | recommended_use=IGNORE,,0,False,0.5,,CONTEXT_DEPENDENT,,,EXCLUDE,Salesforce system metadata; not business-source evidence.,0.45,Recurrence Day of Month,int,Task,,,0.1,,TREND;VARIABILITY,MEASURE,salesforce,0,,0.45,IGNORE,,,OPERATIONAL SOURCE,,,,0.8,RecurrenceDayOfMonth,Task,SYSTEM_METADATA,0,True
Task.RecurrenceDayOfWeekMask,salesforce,Task.AccountId/WhatId -> Account,0.4,True,,Recurrence Day of Week Mask,salesforce:Task:RecurrenceDayOfWeekMask,0,Operational Account-linked source prior. | final_usage=SYSTEM_METADATA | final_roles=SYSTEM_METADATA | recommended_use=IGNORE,,0,False,0.5,,CONTEXT_DEPENDENT,,,EXCLUDE,Salesforce system metadata; not business-source evidence.,0.45,Recurrence Day of Week Mask,int,Task,,,0.1,,TREND;VARIABILITY,MEASURE,salesforce,0,,0.45,IGNORE,,,OPERATIONAL SOURCE,,,,0.8,RecurrenceDayOfWeekMask,Task,SYSTEM_METADATA,0,True
Task.RecurrenceEndDateOnly,salesforce,Task.AccountId/WhatId -> Account,0.75,True,,Recurrence End,salesforce:Task:RecurrenceEndDateOnly,0,Operational Account-linked source prior. | final_usage=FORMULA_INPUT | final_roles=BUSINESS_DATE;WINDOW | recommended_use=RECENCY;WINDOW,,0,False,0.5,,CONTEXT_DEPENDENT,,,ELIGIBLE,,0.8,Recurrence End,date,Task,,,0.1,,RECENCY;DURATION,TIMEPOINT,salesforce,0,,0.7,DIRECT_EXPERIENCE_INPUT,TIME,,OPERATIONAL SOURCE,,,,0.8,RecurrenceEndDateOnly,Task,DIRECT_EXPERIENCE_INPUT,0,True
Task.RecurrenceInstance,salesforce,Task.AccountId/WhatId -> Account,0.4,True,,Recurrence Instance,salesforce:Task:RecurrenceInstance,0,Operational Account-linked source prior. | final_usage=SYSTEM_METADATA | final_roles=SYSTEM_METADATA | recommended_use=IGNORE,,0,False,0.5,,CONTEXT_DEPENDENT,,,EXCLUDE,Salesforce system metadata; not business-source evidence.,0.45,Recurrence Instance,picklist,Task,,,0.1,,STATE_SHARE;BREADTH,CATEGORY_OR_TEXT,salesforce,0,,0.45,IGNORE,,,OPERATIONAL SOURCE,,,,0.8,RecurrenceInstance,Task,SYSTEM_METADATA,0,False
Task.RecurrenceInterval,salesforce,Task.AccountId/WhatId -> Account,0.4,True,,Recurrence Interval,salesforce:Task:RecurrenceInterval,0,Operational Account-linked source prior. | final_usage=SYSTEM_METADATA | final_roles=SYSTEM_METADATA | recommended_use=IGNORE,,0,False,0.5,,CONTEXT_DEPENDENT,,,EXCLUDE,Salesforce system metadata; not business-source evidence.,0.45,Recurrence Interval,int,Task,,,0.1,,TREND;VARIABILITY,MEASURE,salesforce,0,,0.45,IGNORE,,,OPERATIONAL SOURCE,,,,0.8,RecurrenceInterval,Task,SYSTEM_METADATA,0,True
Task.RecurrenceMonthOfYear,salesforce,Task.AccountId/WhatId -> Account,0.4,True,,Recurrence Month of Year,salesforce:Task:RecurrenceMonthOfYear,0,Operational Account-linked source prior. | final_usage=SYSTEM_METADATA | final_roles=SYSTEM_METADATA | recommended_use=IGNORE,,0,False,0.5,,CONTEXT_DEPENDENT,,,EXCLUDE,Salesforce system metadata; not business-source evidence.,0.45,Recurrence Month of Year,picklist,Task,,,0.1,,STATE_SHARE;BREADTH,CATEGORY_OR_TEXT,salesforce,0,,0.45,IGNORE,,,OPERATIONAL SOURCE,,,,0.8,RecurrenceMonthOfYear,Task,SYSTEM_METADATA,0,False
Task.RecurrenceRegeneratedType,salesforce,Task.AccountId/WhatId -> Account,0.75,True,,Repeat This Task,salesforce:Task:RecurrenceRegeneratedType,0,Operational Account-linked source prior. | final_usage=FORMULA_INPUT | final_roles=GROUPING;FILTER;PROCESS_DIMENSION | recommended_use=SEGMENT;FILTER,,0,False,0.5,,CONTEXT_DEPENDENT,,,ELIGIBLE,,0.8,Repeat This Task,picklist,Task,,,0.1,PROCESS_REWORK,STATE_SHARE;BREADTH,CATEGORY_OR_TEXT,salesforce,0,,0.7,DIRECT_EXPERIENCE_INPUT,PROCESS,,OPERATIONAL SOURCE,,,,0.8,RecurrenceRegeneratedType,Task,DIRECT_EXPERIENCE_INPUT,0,False
Task.RecurrenceStartDateOnly,salesforce,Task.AccountId/WhatId -> Account,0.75,True,,Recurrence Start,salesforce:Task:RecurrenceStartDateOnly,0,Operational Account-linked source prior. | final_usage=FORMULA_INPUT | final_roles=BUSINESS_DATE;WINDOW | recommended_use=RECENCY;WINDOW,,0,False,0.5,,CONTEXT_DEPENDENT,,,ELIGIBLE,,0.8,Recurrence Start,date,Task,,,0.1,,RECENCY;DURATION,TIMEPOINT,salesforce,0,,0.7,DIRECT_EXPERIENCE_INPUT,TIME,,OPERATIONAL SOURCE,,,,0.8,RecurrenceStartDateOnly,Task,DIRECT_EXPERIENCE_INPUT,0,True
Task.RecurrenceTimeZoneSidKey,salesforce,Task.AccountId/WhatId -> Account,0.4,True,,Recurrence Time Zone,salesforce:Task:RecurrenceTimeZoneSidKey,0,Operational Account-linked source prior. | final_usage=SYSTEM_METADATA | final_roles=SYSTEM_METADATA | recommended_use=IGNORE,,0,False,0.5,,CONTEXT_DEPENDENT,,,EXCLUDE,Salesforce system metadata; not business-source evidence.,0.45,Recurrence Time Zone,picklist,Task,,,0.1,,STATE_SHARE;BREADTH,CATEGORY_OR_TEXT,salesforce,0,,0.45,IGNORE,,,OPERATIONAL SOURCE,,,,0.8,RecurrenceTimeZoneSidKey,Task,SYSTEM_METADATA,0,False
Task.RecurrenceType,salesforce,Task.AccountId/WhatId -> Account,0.4,True,,Recurrence Type,salesforce:Task:RecurrenceType,0,Operational Account-linked source prior. | final_usage=SYSTEM_METADATA | final_roles=SYSTEM_METADATA | recommended_use=IGNORE,,0,False,0.5,,CONTEXT_DEPENDENT,,,EXCLUDE,Salesforce system metadata; not business-source evidence.,0.45,Recurrence Type,picklist,Task,,,0.1,PROCESS_STEPS;PROCESS_COMPLETION;PROCESS_COMPLIANCE,STATE_SHARE;BREADTH,CATEGORY_OR_TEXT,salesforce,0,,0.45,IGNORE,PROCESS,,OPERATIONAL SOURCE,,,,0.8,RecurrenceType,Task,SYSTEM_METADATA,0,False
Task.ReminderDateTime,salesforce,Task.AccountId/WhatId -> Account,0.75,True,,Reminder Date/Time,salesforce:Task:ReminderDateTime,0,Operational Account-linked source prior. | final_usage=FORMULA_INPUT | final_roles=BUSINESS_DATE;WINDOW | recommended_use=RECENCY;WINDOW,,0,False,0.5,,CONTEXT_DEPENDENT,,,ELIGIBLE,,0.8,Reminder Date/Time,datetime,Task,,,0.1,,RECENCY;DURATION,TIMEPOINT,salesforce,0,,0.7,DIRECT_EXPERIENCE_INPUT,TIME,,OPERATIONAL SOURCE,,,,0.8,ReminderDateTime,Task,DIRECT_EXPERIENCE_INPUT,0,True
Task.Status,salesforce,Task.AccountId/WhatId -> Account,0.75,True,,Status,salesforce:Task:Status,0,Operational Account-linked source prior. | final_usage=FORMULA_INPUT | final_roles=GROUPING;FILTER;PROCESS_DIMENSION | recommended_use=SEGMENT;FILTER,,0,False,0.5,,CONTEXT_DEPENDENT,,,ELIGIBLE,,0.8,Status,picklist,Task,,,0.1,PROCESS_STEPS,STATE_SHARE;BREADTH,CATEGORY_OR_TEXT,salesforce,0,,0.7,DIRECT_EXPERIENCE_INPUT,PROCESS,,OPERATIONAL SOURCE,,,,0.8,Status,Task,DIRECT_EXPERIENCE_INPUT,0,False
Task.Subject,salesforce,Task.AccountId/WhatId -> Account,0.75,True,,Subject,salesforce:Task:Subject,0,Operational Account-linked source prior. | final_usage=UNSTRUCTURED_TEXT | final_roles=TEXT | recommended_use=SEMANTIC_EXTRACTION_OR_CONTEXT,,0,False,0.5,,CONTEXT_DEPENDENT,,,ELIGIBLE,,0.8,Subject,combobox,Task,,,0.1,INFO_COMMUNICATION,STATE_SHARE;BREADTH,CATEGORY_OR_TEXT,salesforce,0,,0.7,DIRECT_EXPERIENCE_INPUT,INFORMATION,,OPERATIONAL SOURCE,,,,0.8,Subject,Task,DIRECT_EXPERIENCE_INPUT,0,False
Task.SystemModstamp,salesforce,Task.AccountId/WhatId -> Account,0.4,True,,System Modstamp,salesforce:Task:SystemModstamp,0,Operational Account-linked source prior. | final_usage=SYSTEM_METADATA | final_roles=SYSTEM_METADATA | recommended_use=IGNORE,,0,False,0.5,,CONTEXT_DEPENDENT,,,EXCLUDE,Salesforce system metadata; not business-source evidence.,0.45,System Modstamp,datetime,Task,,,0.1,,RECENCY;DURATION,TIMEPOINT,salesforce,0,,0.45,IGNORE,,,OPERATIONAL SOURCE,,,,0.8,SystemModstamp,Task,SYSTEM_METADATA,0,True
Task.TaskSubtype,salesforce,Task.AccountId/WhatId -> Account,0.4,True,,Task Subtype,salesforce:Task:TaskSubtype,0,Operational Account-linked source prior. | final_usage=SYSTEM_METADATA | final_roles=SYSTEM_METADATA | recommended_use=IGNORE,,0,False,0.5,,CONTEXT_DEPENDENT,,,EXCLUDE,Salesforce system metadata; not business-source evidence.,0.45,Task Subtype,picklist,Task,,,0.1,PROCESS_STEPS;PROCESS_COMPLETION;PROCESS_COMPLIANCE,STATE_SHARE;BREADTH,CATEGORY_OR_TEXT,salesforce,0,,0.45,IGNORE,PROCESS,,OPERATIONAL SOURCE,,,,0.8,TaskSubtype,Task,SYSTEM_METADATA,0,False
Task.WhatId,salesforce,Task.AccountId/WhatId -> Account,0,True,,Related To ID,salesforce:Task:WhatId,0,Account/source linkage field; not a feature itself. | final_usage=LINKAGE | final_roles=LINKAGE | recommended_use=JOIN_ONLY,,0,False,0.5,,CONTEXT_DEPENDENT,,,ELIGIBLE,,0.1,Related To ID,reference,Task,,,0.05,TIME_LATENESS,COUNT;TRANSITION,RELATIONSHIP,salesforce,0,,0,LINKAGE,TIME,,SOURCE LINKAGE,,,,0.95,WhatId,Task,LINKAGE,0,True
Task.WhoId,salesforce,Task.AccountId/WhatId -> Account,0,True,,Name ID,salesforce:Task:WhoId,0,Account/source linkage field; not a feature itself. | final_usage=LINKAGE | final_roles=LINKAGE | recommended_use=JOIN_ONLY,,0,False,0.5,,CONTEXT_DEPENDENT,,,ELIGIBLE,,0.1,Name ID,reference,Task,,,0.05,,COUNT;TRANSITION,RELATIONSHIP,salesforce,0,,0,LINKAGE,,,SOURCE LINKAGE,,,,0.95,WhoId,Task,LINKAGE,0,True
